q,status,steps_observed,tau,exponent_sum,cap,coefficient_time,coefficient_delay,prefix_gap_certificate,rational_descent_certificate,minimal_parameter_certificate,source_bits,burst_bits,peak_bits,endpoint_bits,prepassage_gap_bits,word_sha256,endpoint_sha256,cohorts
1,descended,0,0,0,272,0,0,True,True,False,6,5,5,5,,e3b0c44298fc1c149afbf4c8996fb92427ae41e4649b934ca495991b7852b855,1f18d650d205d71d934c3646ff5fac1c096ba52eba4cf758b865364f4167d3cd,exhaustive
3,descended,1,1,2,304,1,0,True,True,True,18,18,18,18,15,d4735e3a265e16eee03f59718b9b5d03019c07d8b6c51f90da3a666eec13ab35,9d40c1780eece9ad22286dbbec81ab8277cbc75688500724b606ce534f55a7e3,exhaustive
5,descended,1,1,8,336,1,0,True,True,True,30,31,31,24,30,2c624232cdd221771294dfbb310aca000a0df6ac8b66b696d90ef06fdefb64a3,ef5000fb5b95c689e2340cc8008e56be42e81095e4af4697931864640fe21746,exhaustive
7,descended,2,2,6,368,2,0,True,True,True,42,43,43,41,42,ec75f1bc739bcd3152b74a55c792294f2e67f2aa385db15aca121a73c740fa35,bb27b10e831d368c4171a64a82298388cf776aa73f7a4a309a8118c4c2b155d5,exhaustive
9,descended,2,2,8,400,2,0,True,True,True,54,56,56,51,54,f129ab6516df2cf50bd628a5d4893a12157b6f9f8c9e8268a3406ce616d53f42,0b3670fbb441959bce320a6ef03d34af8f4e33c430bac6d0802d011738072718,exhaustive
11,descended,24,24,41,432,24,0,True,True,True,66,69,72,66,68,bb5f9cd62c904294e4e5c014b337ef4512e43d4f75e3a74a45d22adb53327b83,0fd9e61d16734447637ae74143beab878c152a731d7a236767327862b4f45389,exhaustive
13,descended,2,2,8,464,2,0,True,True,True,78,82,82,77,78,6a186daaf10e884cde0bed402cca27c23c37419120c45e21e261b4eb74e351f1,8dd72fc7d82f07ed55b4ae00e0d11bc8ee35fcbf05f37eaa16aae69e5db0eff6,exhaustive
15,descended,8,8,17,496,8,0,True,True,True,90,94,94,90,92,fea95c56538aca9ac0d77fd783ce017e3784b21f5cbaf26946f3ce2598f5f496,47d00af5e3e0e7018cdedc0d1ff0b1dcd63804a74881cda56169e20fcc8d1ea0,exhaustive
17,descended,34,34,62,528,34,0,True,True,True,102,107,108,99,101,631678d1c91912fb1f63b6edc8bbc2670dcb22cdde3fdd5921f93ce26f372169,5c9c6aedcf2ba6e21c78766ee7969b3f47e1bd6bdaa41a7feb415360639738b0,exhaustive
19,descended,4,4,12,560,4,0,True,True,True,114,120,120,114,117,49a4a2cb243e70cc35a37bb5ba09cab968aebf150cb9a13c6c13d6ed020a9677,e7ed4cba09eb9e0345338a0917ee643b49a398657a0c238cfbbc2a2b5f79ca5b,exhaustive
21,descended,8,8,20,592,8,0,True,True,True,126,132,132,125,126,5b44c6b6de161d57349123dc15c60fb95db2ac624e4060aae4dbfbcfca8956e8,98f56cb9b61319ee3144aa242a34051e477105c2b31622783d21ed876358869c,exhaustive
23,descended,16,16,34,624,16,0,True,True,True,138,145,145,136,138,9204158c2631ad1b10a52757860e7d763e68ae35376f537fa9ec5298c691f1bc,205b798e9000bb7555639d66cffc72f8e729ff7f6c6f1b8a35f5d1d43f5b2ecd,exhaustive
25,descended,11,11,26,656,11,0,True,True,True,150,158,158,149,152,ec2686dd16528e6ee20c4aec236cd44f2f4f98269258149566aceb05d33e9edc,13f330e0b48d1bf1805cbdcd7ad129556e6fc8dbf60bfa887f7322ec961f8aea,exhaustive
27,descended,17,17,36,688,17,0,True,True,True,162,170,171,161,158,a63fcacf889357bc6a4016bf6d19b9af995c833de6bdb54eed28375a87cdd330,3fd03e880d9cdb49fcd22233007e30927d8dbc336aea337e295d58c588d3f12c,exhaustive
29,descended,17,17,36,720,17,0,True,True,True,174,183,183,174,171,bd13cfd95a4451cf60815485898a15db90a52aa96c6eb1db5af4d78cebef72d9,21feb7420fa8b824f7939813f08d557eed134a0ae240c8079bc3931e0862ad61,exhaustive
31,descended,31,31,60,752,31,0,True,True,True,186,196,196,185,186,137e2f4f0567b279d646832a3d7607761563426c6e7df88fd212968ac904d0ca,28d4cb86db4bb4c5417a642df01c713f554147d283c6b45ed0fb3589f6c31f01,exhaustive
33,descended,23,23,47,784,23,0,True,True,True,198,208,208,198,197,f4a30b029962836af0e52247e6668324f4dd8d61684817f96c6fdb312d33ff6f,1035dcfc2c46e0624e5044833d06824284db7808f6128667a39b5cdb99c7e177,exhaustive
35,descended,33,33,64,816,33,0,True,True,True,210,221,221,209,209,055601ce3f165d4216a2a4b0b076006fac3de2285d52db50793525678eb91c5a,960fe14c926e5eb181440b0865e607300631e19bcebe791e0e78318e057bc9d7,exhaustive
37,descended,24,24,50,848,24,0,True,True,True,222,234,234,222,216,5f99c1b7b7ead8fd326e4890eebc08d5657bf0d2e406fe0c2feef35b0705edba,dec670eb6cecbf6d6a24162089a957517a342f5557bb90b767cf139c5d0775a5,exhaustive
39,descended,25,25,54,880,25,0,True,True,True,234,246,246,232,235,7736977ec2ae88ad353c75858c2b417765dc660969f467f13cfcc4ef59242111,45c5eaf67db9de7cb6028cd60b31b913144524156ead574e922f7ddd5e2ecd6c,exhaustive
41,descended,69,69,123,912,69,0,True,True,True,246,259,259,245,246,c288e2fe8d15e4a37b338539a514af3c227f71184a3bb28b16679f96cec629f0,6deb52f6649840854f48463d9205840f8e7f3db52d029a85fa80e90dca1c173e,exhaustive
43,descended,56,56,104,944,56,0,True,True,True,258,272,275,256,257,dc97c2100d055e7301b9300a7a993f881447a778658cd2eacab165bce28c342f,850185336529edb54aed578591de511666d1dd581eb6873f38beaf1f689a0e32,exhaustive|prescribed_growth_prefix
45,descended,67,67,122,976,67,0,True,True,True,270,284,284,269,269,0dead559132ba01aae7fc1043611adb6b1f357f94bcfe7b95e01917e27df68ea,cb00072ce222ac30355c6101fcf1181fcf2698bd982a5b98fcebb747f57b7a95,exhaustive
47,descended,36,36,74,1008,36,0,True,True,True,282,297,298,280,281,a7c3d7e5a9acb29bec48aabfcd3dff79506418230f841578b2ccf0a8b5140fd1,ad4ad88aaeffd5ac41573f732387f657a5aeb6e93720298e6c2e6202be8e3dc5,exhaustive
49,descended,85,85,151,1040,85,0,True,True,True,294,310,310,293,294,c2e2aab1a04cd78fa229bf499efac23c6b178a3a2d056d49dc23004ee84cb6e6,c19bbc3004ce5a1adf897f2e2cb0338e1b54e846c68925d597001355e55cf865,exhaustive
51,descended,72,72,132,1072,72,0,True,True,True,306,322,326,305,301,60d6116f47ca42a3c8af580b364d86b8ca29332876155fdac7dbbef154158d6c,daf5e9566a406a612a4f8f4523b100d1693e628b2edb3488c664b2a3db2d4f19,exhaustive
53,descended,47,47,92,1104,47,0,True,True,True,318,335,335,318,319,88e3a7c51e12608e4b8978cdcf3818861f5b1aaa369a24817f652ce8813fd385,232e79788137875c41306eb36862a2dd7c7e9363580e5981f5278202eb547add,exhaustive
55,descended,48,48,94,1136,48,0,True,True,True,330,348,350,330,333,9acff5e58727195a7efeb53481e94ff6932e27ba58a1c7b0cee76040121da43c,90fc401b77888b3c63ede4a6ada312ae7f77af9739b814d74d45d6d9553e80e9,exhaustive
57,descended,44,44,92,1168,44,0,True,True,True,342,360,360,338,341,8c290743d02757d84c428f144a13f2862b0c07e08fee9864d6db5c8cefdc3b6b,02e1a5ebfac1e98d11bb1d7656728412d40fb4ecbd082065aeb9a5928a84638c,exhaustive
59,descended,29,29,67,1200,29,0,True,True,True,354,373,374,352,357,14254e107d696fc84703ae3823f0c9fd6f0ebefb70ef3caf771a947e99938db0,e815ef4e0b21953ffbad15f83dd03b1fbe99ea84073d5b337c9bcf38abb596a9,exhaustive
61,descended,17,17,50,1232,17,0,True,True,True,366,386,386,363,366,f5c15a6b66f515dcbc7d0861e4e940d5f8ab631996cc68f67cad0251ec5725d0,c450a445ae45afe884a911331ceb14fc1150d91ed761cb329b77d6df45c9f0a6,exhaustive
63,descended,34,34,77,1264,34,0,True,True,True,378,398,398,375,382,47b1c9bf5b0b58eb6daed96353fffcb0b834118f011329172eaf0c2fcc1043ed,9db3dbfbed16e00c124ff976adb56075236e4cc3782516692432220914b5f9e0,exhaustive
65,descended,37,37,80,1296,37,0,True,True,True,390,411,411,390,390,579d0c7825747acd3f60689d56039462b9641fdf4cb2424c4de689719c4c7698,5e829895ca02b032c8dba772ef5c07b44bce2ac0ce163476d79f65a47db546e6,exhaustive
67,descended,46,46,98,1328,46,0,True,True,True,402,424,424,399,400,dab345b00781bd6ddd76d7def809aca29062be450eb23982a8b284a99047ee50,886b5856e44454925b1d0627029c260d05936b601a1195b9181216aba2ff8fc2,exhaustive
69,descended,22,22,59,1360,22,0,True,True,True,414,437,437,412,417,5a3bf0b8d3e40fd98fdc4f8f9425d7afbf5f4ba5b24ebcd9eca6956c46fc1280,584608722cca7337c87d4cade8dde646a0a1c8629430b5b828805ba7af5662d3,exhaustive
71,descended,52,52,107,1392,52,0,True,True,True,426,449,449,425,426,0ead144363beba2d827d338fa87c32440c6f8ccfd4bffb1071c58f8c511c300b,20ee015b83aa8b22e8fb0d7a4a022507622c9a6a9802a5b83ff10eec93a3f4c3,exhaustive
73,descended,97,97,178,1424,97,0,True,True,True,438,462,462,438,435,12b6a8dca83205982bed4e609c07a2edf6bac492860354f3663e1fcbaf79b281,355e2fca3efe083f682d4122590d4b83d3c5693244e9f1281e1e680323adce77,exhaustive
75,descended,86,86,167,1456,86,0,True,True,True,450,475,477,444,445,29b0ced345ea41cb7d0f65b9feaffaf05a5bdc21787f8b3e5eaef5d115209124,e6f71ad56d33066a803b6e043a889bf9d87840a06ca5311dc586865a8c0b5cc0,exhaustive
77,descended,37,37,84,1488,37,0,True,True,True,462,487,487,462,464,fa83a09cfbcb637cd2cbafe894d2f72b5779685628b9dc79c2b10e08c49ab710,4ac2eed6ed87eb2ba3ee5e009fe9ebd993a0557bc8f70d5b49eb50239c429570,exhaustive
79,descended,29,29,72,1520,29,0,True,True,True,474,500,500,474,476,5ad6dff572f6f7fc66fb02baff53b4d41c6f2a448769bc7ec3c480f587c8efe7,415b6e7dd0cd8363db083624354347fcfa438fcaad792f74cf7d974f8f372e42,exhaustive
81,descended,58,58,119,1552,58,0,True,True,True,486,513,513,486,491,5415db1086544e94bda0fd375ac04aa72fabb39a34df1507dd7c846c21f3fb40,4e9c3c340b9152b2a936e94a97d33a288bfdeaa8c878ac2f8510152e7e6358c6,exhaustive
83,descended,79,79,153,1584,79,0,True,True,True,498,525,525,498,497,5ff8c88b0b48c52cd621124587073361dbed757db2d2e88016ea00cd33373e56,3b21ad12d2221cad1a26ccefb4addbf82899903ca0604f2fd7585b12775cf009,exhaustive
85,descended,39,39,91,1616,39,0,True,True,True,510,538,538,509,506,9c3686e55662f12d3dd822f8536f066e23d79c2913061cc40e2bae04667a5535,ba9a51c1326ccbc9c091df251a145c80c7d75c08e3f8418f6f0d64b19c5bae0b,exhaustive
87,descended,44,44,99,1648,44,0,True,True,True,522,551,551,521,526,ad0e9b7da6023fb9f84e6e17f5fe8a9dfd2d31b2b6703bb8056830a1e32f0a53,1eca72602b4bd00558737590edbd52d808b0aa7e2be52fb4fb01aac7c6545984,exhaustive
89,descended,94,94,180,1680,94,0,True,True,True,534,563,563,532,535,935402a6a12984c6ea537b813997b9fea6d2f1000e17b538d416528814c08393,de15327656c968122b723ad8a056bd98a196794bcc911b99435b8bd8c5002563,exhaustive
91,descended,142,142,256,1712,142,0,True,True,True,546,576,578,545,549,17552612129484ab3ed1abbf2389b1ac7eb8d095f8896c98a5905eb7bf1db81e,45fc9c6bf5dbc9dcd2efc1a805b9de55b36676d9000202373e519fe70c986773,exhaustive
93,descended,61,61,130,1744,61,0,True,True,True,558,589,589,555,558,b3fa79ed0e16e2a8d57a7746d146b4ce7ebff07e7df24efa616d26bdab6326b5,fe771e17f50bec694bf1ccab123e757d0d1a52556cdb555f30e1ad32eb303ca1,exhaustive
95,descended,86,86,169,1776,86,0,True,True,True,570,601,601,569,567,b84cd63f63c395099cc4f11baf2dab8f29353da332b10faf4658e80608c2ca50,b3ba959c2c3ca50171034eaba0c4221952328783f4569ceb5a90614f35f0ca04,exhaustive
97,descended,36,36,90,1808,36,0,True,True,True,582,614,614,581,583,e20289e7e72538cddc9d29d03c826ee73427aba3f6aa7514de9ef3ccbec2b1a2,704bb2a27a7b6bb9b3ca803ffabcf33af243293c39dad50b02b37382e0f37057,exhaustive
99,descended,98,98,190,1840,98,0,True,True,True,594,627,627,592,597,ecb16222ab381f2bef6aab813b6114895a681c022ca972c7f8e67e0a7547d600,70ac6a8d5ab54df8234eb2716725b6c244b9e17d34efe5e7e0ce5a54ac3a412a,exhaustive
101,descended,88,88,174,1872,88,0,True,True,True,606,639,639,605,605,5a051c72499045e1075cd41044f3ebc7466456598f39369d6bd292e0cb49a344,75f21b49bf180cae92e9874b966e814c4908955a42843113ad9a5908edb2d3d5,exhaustive
103,descended,59,59,128,1904,59,0,True,True,True,618,652,652,618,624,ef3abf6e545c32789166e03b60fc206da68c33b41d18183c9564b1148f1261a6,ea8fba2e9d292a00f22608ead823ad3627b0626f6f30892a20ec832ab3a7e5f1,exhaustive
105,descended,64,64,137,1936,64,0,True,True,True,630,665,665,629,631,6e82f0fcd1fc1e547b3c62c5a133d81ce38bc8e550fb5ddf782e81a6c514456d,0f63d173db7655124dbeeea6b485c8c1c9bd24bdd5690293d15bb8507af9c31f,exhaustive
107,descended,106,106,204,1968,106,0,True,True,True,642,677,680,641,643,f5b155c65db7f5f276cab002d0e68a7102997a6b9b3773e4a5f687f7eba8cfac,7f40043abfc1374cfe0b96541cce45023fbf95ff869f06b8656df2f763148450,exhaustive|prescribed_growth_prefix
109,descended,92,92,186,2000,92,0,True,True,True,654,690,690,650,655,1a8b1c24908fe25b4585d9d0bac8f58762abd5d7f3c5c8d79649dff28c63a68f,b836c4f019cfe04ce1938d125fcc2014d921d2a844264289388921d5536f52cf,exhaustive
111,descended,54,54,123,2032,54,0,True,True,True,666,703,703,665,661,129d6ae3461743e3357fb3b2ced3b71e04c2b053e3f026369fe0a2d2d426180c,1928f607eda7d300a5bf345b70c86d9987de2cdba0110978a19515bfce8dfb7a,exhaustive
113,descended,83,83,170,2064,83,0,True,True,True,678,715,715,677,682,685a711ac5471ed668bc546195376d225cb1df351bee2f8ac2ac6c8516bec24d,b7739d311f4d97c89a3fee070c6216dac13b35b458002165b443899ce71fd420,exhaustive
115,descended,95,95,189,2096,95,0,True,True,True,690,728,728,690,692,c3092e6884fd40b0c463d191ea504c8a30b82f24e1fd71960ced4b0202fef973,49fbdd6b10a0f75815efd2e153af0d2c39f2d84cf67fdf0b137363e482aff34d,exhaustive
117,descended,106,106,207,2128,106,0,True,True,True,702,741,741,702,704,f24c46fa6db8856e9cb40836f4e82d5e6d681bfbf29f3a62d6d57e934e0300e8,480e8493b21be85b2004278a5181b0cc9add49f68886c813623e77cd2456877e,exhaustive
119,descended,78,78,166,2160,78,0,True,True,True,714,754,754,711,715,9d205bdf03b98c72783e850736c214211dbba24a27df6a9e0d6063c50fba14d5,25a0431f367b8b038087756ab061a5d0d443aa6a82f5e7fd09623f8a6c5798d9,exhaustive
121,descended,83,83,172,2192,83,0,True,True,True,726,766,766,726,728,d8af4b21c75afc821b8dff99033025074ff7a9afe8afee58cf81f8c8a7a4697f,6c5644e6a6a9467aa42116474c7022441dc03d100627b4b5606db6efa7af5f94,exhaustive
123,descended,89,89,183,2224,89,0,True,True,True,738,779,780,737,736,8b92fb07420b9c5a697de0255b814099757f1a2567f97332ee9bd06851470088,a54f0c52b1c0ac0e7cd1a53d74c2c31bcd2c8c5cbca2970b3d69f844125d16c5,exhaustive
125,descended,143,143,270,2256,143,0,True,True,True,750,792,792,748,749,20643eda0bcfd729bd48a168c509f58d8f6c204b5501bbeb0bcf80af402a1b40,132ff2ecf397c47467a1edd83b0fb1590e8aa5da0de399926d9f3f77ad166df7,exhaustive
127,descended,70,70,154,2288,70,0,True,True,True,762,804,804,761,765,a3fd46aa982bca9e6cd04359189640cb6d7f642960a397df49f052ab6e625663,c645c377f320b8a9ce51b302a9b2bde701bbae70f18476ff568f25a93bc81edf,exhaustive
129,descended,97,97,197,2320,97,0,True,True,True,774,817,817,774,774,719868815cacd8ceca80b71c03b1401caa8d7620d4b5fc3b57f70c47c7347c80,356dac70288a43c8b7c956e27a440753bea730db6700ac7e2a3ad13eaf033530,exhaustive
131,descended,180,180,329,2352,180,0,True,True,True,786,830,832,786,785,09eaf14993092a077ef18d1b00b6eb12c2df4ed6800826297b4c4571c1958be6,b92889350d57bee3a568ef9a6d44e916ea408c6848a36bd88aca3512230fce96,exhaustive
133,descended,66,66,151,2384,66,0,True,True,True,798,842,842,796,796,31d158aad2224e8ab6cfb476a2639b7fbc28c5dead3d9ab7e7575ae54fa73c44,f9097aa3563a7a4674b84dc24d7ae600d31107179a72ff6c52512066ad48e995,exhaustive
135,descended,107,107,215,2416,107,0,True,True,True,810,855,855,810,810,29bee777a2383876c9b3d7aeb722b27c565ae3d28a99b3e58a04c04cb392d79c,2e701ed1ecc4f61a5b1044a95f6ba8f8f9ab8c760f7cc7267a5dc9f19bf1d78f,exhaustive
137,descended,70,70,157,2448,70,0,True,True,True,822,868,868,822,819,39ddbb3e81772d5ac1c127eb98d1a3d460ccc9d68b1831d9b08c08cd81cf81f8,a4b76a762064759a22d699ee60b76e14f3e48518e622f301afac2f27d0fcdfea,exhaustive
139,descended,85,85,182,2480,85,0,True,True,True,834,880,882,833,834,73d023019f75e2c5ed7557c2b9d8ca40e3d63bd3874e5dd3b35b33cda2034003,3ca1ff2e7762add27805264284db9d470b99196b3521512c471a64f00247ce01,exhaustive
141,descended,66,66,153,2512,66,0,True,True,True,846,893,893,845,845,a307563e1f6ad928a971a54a1244fc62715752a09e3db67ee3122a9e739c65f6,f3cde37e06fe4a43b1882be535a26b4fac9568c7be13b73f04b486a02e184ed0,exhaustive
143,descended,147,147,281,2544,147,0,True,True,True,858,906,906,858,856,524159893149d8d3e22c5d1f544310f2ccff4a45909ad5d8d67573c5493456ab,aeec3b0b2802d94964ef0f0d6905b0a3779c61b48475b3d26679c58a81dd8b81,exhaustive
145,descended,115,115,232,2576,115,0,True,True,True,870,918,920,869,871,c443923aaac31da1c9dd21501beeb937f43cfc0cbaeed04d167762a475657008,ab7ac090b637947738934c188dcc2c7a471ca82a439b22dbb2b7e9f35e4a2732,exhaustive
147,descended,175,175,328,2608,175,0,True,True,True,882,931,931,880,882,d9ceb3faf80dfd8c81cfbbb08b73d6aaf72f90c1a84001c8c8b089954e6888bf,50b13fd427df641944d0ebf577ed3051c8b89cf0a293b072e217dbcef554df27,exhaustive
149,descended,131,131,259,2640,131,0,True,True,True,894,944,944,892,895,6b448fa4b96a285ea38a0bd65e02f189ef622915abf57680876e69636c4d9b4c,daff226475630e2a257b943049a3ee6785e4e67b0cc0349539f07722d6c7e6b0,exhaustive
151,descended,88,88,193,2672,88,0,True,True,True,906,956,956,903,907,bedf8534a672d4c8a86e0a134cf679e8806ac8de24d16ab975dae8fe31b13169,f7e08e18d9f47d41edfe5f99d09aca3d8627f77baa00423437a558bb5c894ec2,exhaustive
153,descended,120,120,245,2704,120,0,True,True,True,918,969,969,914,917,b95be0a8f1df13713d69b4f1fb046ba9006b0d803812840325e2994a2fd6cced,3e24087cf360a7f2c4f06126ba77a21e40caf615072fb5ec81b06fd97c097c58,exhaustive
155,descended,135,135,266,2736,135,0,True,True,True,930,982,983,930,930,3b97a6c7a600fc74555809d9825a7d359336a4a7f7b542a95f8da617377fb95e,e5a2cdc2eff5ae0f87d24a570d4300293572c4a4d7f9abd19c15d221a84b10d5,exhaustive
157,descended,91,91,199,2768,91,0,True,True,True,942,994,994,940,945,1890ff36c805c4ae51445fc1824f8b98cf72a04805374b5dfea2780e737956bc,31ae44a1e2a6c11bedac375fe521338a78feae3f9a8a5883e6574be7707fa406,exhaustive
159,descended,141,141,277,2800,141,0,True,True,True,954,1007,1007,954,953,d425f2e5fa37abc4b0ccaa2482fcb9335df80c758d47b8c2fced500442a2b0ad,6e8103ff5f286e3e0ad48b54c3fbc7dcf13acf6e2115c3dad9195999de706335,exhaustive
161,descended,133,133,265,2832,133,0,True,True,True,966,1020,1020,966,969,56a9044a1b32f4d75e85107210e35729a28b5fdb3dd5bb234f809f743c9b6d1b,9f64a6e194745296c1b2ac28a118c023caa80adf708616fbdafdc4f23905fc96,exhaustive
163,descended,124,124,252,2864,124,0,True,True,True,978,1032,1033,977,976,7d9016e86e24fce609663f49e94513cd146afffa626627dbf1c8091781444353,2aa8952d81b6f3611b955d1973815a318b6d6ded7f46ee4babff014d84d41e75,exhaustive
165,descended,111,111,234,2896,111,0,True,True,True,990,1045,1045,987,992,04fcfb5cfb80053eafec7871aeee0f002a00f2dabe298daf8b43e311b42e1d13,d8fd604ce56781a42fbbd94c81527be4093c3265e35db0c7480d795eef6b2fc0,exhaustive
167,descended,158,158,307,2928,158,0,True,True,True,1002,1058,1058,1001,1001,f3232350509a943a62736ee06734ef277628449ba49c9e2d958167c7af87e616,b221e1771081907f78b3ae19c1097daacc8d22199ee7581217f533ff9bd9b789,exhaustive
169,descended,90,90,201,2960,90,0,True,True,True,1014,1071,1071,1012,1018,f0953738f68db0972ce89bad6b1d5e9cc71da1f445b9fe73b134a8a1727d7792,7014ff00fb00cd2229114ed1bb766f0358969a7dca38d5a2d92db057f33f2b2a,exhaustive
171,descended,168,168,329,2992,168,0,True,True,True,1026,1083,1086,1020,1027,2c884be742569aa3235ca59e57c9673076589f7ccc14ce4629fd4668a9ab48ef,44268e2f40ee6fc82ccfe5287d9b3d503d5ce4a8e1b1280caa996d3922e154ec,exhaustive|prescribed_growth_prefix
173,descended,130,130,266,3024,130,0,True,True,True,1038,1096,1096,1036,1040,eca8fd8e99976d430a1a587ffd7101a77602277bf807a9deb631e450a4b47da2,438e3e09a03f2617d5d22c4458e9f1a4e916075ad9f51afd5b13cf18436f3bd6,exhaustive
175,descended,137,137,276,3056,137,0,True,True,True,1050,1109,1111,1050,1047,2cdb1e38fd161b04fa1105f31cf375658a2ce58b34abd60e0e4ae3f45adc339b,0648f32fee97c40e17e036a4c76e0b975dd757de83da239102b5d2ef6ed96585,exhaustive
177,descended,84,84,193,3088,84,0,True,True,True,1062,1121,1121,1061,1065,65103de15410cce1ddb5bc1a80537b3ff3bf7143ccabd0dd26d3b38b5d9dbb02,86ce8035c844eca1a378f2906cdc1c3028e7e516e540d9d05114af193ad70106,exhaustive
179,descended,93,93,209,3120,93,0,True,True,True,1074,1134,1134,1072,1073,69cb152129b704b495a04feebb22050020fa0a714361d0dc303930ca8ec2677e,997c53b306f9333dadf38719cc473953202590e65d77b791c9311e3556dc268f,exhaustive
181,descended,244,244,448,3152,244,0,True,True,True,1086,1147,1147,1085,1086,d782dbf928d4363bf2df0f34f2f7903225a86ffe4f135bf29bc529ccb33d0709,b83ce4f95a6ff1db981e623c4eb7b3942bc15a758d6d7091a1ad377e6654aa27,exhaustive
183,descended,217,217,409,3184,217,0,True,True,True,1098,1159,1165,1094,1100,ff0a4e0f22fcdeb258cb31fe377e4ea631affc206f0a2ced654cf7ed0060755e,cbb9e2ead73b9b0ff355cd32a03d69a7d9103a184b74541cbc15f25c0deb02d4,exhaustive
185,descended,143,143,290,3216,143,0,True,True,True,1110,1172,1172,1109,1112,db9a0916b3b3d5ced9e1768b578023675589b4a9ae39e0dfffd859192f11c083,816c1394d07be739848f1779ef9682ea6e0b281935a429210be798b6b6a316c8,exhaustive
187,descended,132,132,273,3248,132,0,True,True,True,1122,1185,1187,1121,1120,cbc620c7142c130cea99dbddf215257c10f82d8bd68035935de741925e7cfdbe,395d52d199b467fe005495ab84a1201e8262aa262798e06e21429a39afb91497,exhaustive
189,descended,124,124,262,3280,124,0,True,True,True,1134,1197,1197,1132,1135,42e5aa345c81b4e5a5b6d32525b41ca90afe92e898493f5475fe247d628b1437,969234768812a189bccb4edef1d407c5e469f2d154d1f4d9f382d04cd710160b,exhaustive
191,descended,268,268,489,3312,268,0,True,True,True,1146,1210,1210,1146,1144,0002670d313f6da5fe4743b3dac65b4747176451aa750f5900eb0d7d956a192d,5bfa901c43ac0f749c08111264627dc6b84f47355a587eff81866496a4c543f5,exhaustive
193,descended,217,217,409,3344,217,0,True,True,True,1158,1223,1223,1158,1158,3def55ab8ae962a52678612b4572895cafd68bece15bdf90743ef49346f72b66,c8a7f49e8e5ad0b7a7e3ad6a3608207e15b0a2f64c20ad2ead459e9107d3b59a,exhaustive
195,descended,160,160,321,3376,160,0,True,True,True,1170,1235,1236,1168,1168,4e559067f20431e19412463c2172479aa56fe1fa2c1c8a67c057e854cf82ff0b,b40211fc60f2a291c4125c55e9bdae910fe1d644612319b07d5618d07ec27aeb,exhaustive
197,descended,118,118,256,3408,118,0,True,True,True,1182,1248,1248,1179,1186,a9e7641dec3bfa700e6c41fe7134c516eb09ac79c613438e4b9afd268dcaa1b0,ecc1cbf916250f091c15d1c38979c817cbffaf0bdfc4511df5693a12c65998b1,exhaustive
199,descended,133,133,278,3440,133,0,True,True,True,1194,1261,1261,1194,1190,f889806e45d546141f276eace3affbbfc50ce83a2969df1c8b852b1f2e6698fe,d7edd47541a782b7b5ddc6d019b3bcf161d28e50afbb958752f2312c25aec72f,exhaustive
201,descended,170,170,337,3472,170,0,True,True,True,1206,1273,1273,1206,1207,6180b2ef978dd1a75e402da94e3a9bdf6a10e937a92551b8c1ec68b965d5765a,5195c2e679d93419d80eeb5294feb5709ea7226b3b94c56bc75bd7372fd66885,exhaustive
203,descended,129,129,273,3504,129,0,True,True,True,1218,1286,1287,1218,1218,831784e14215538bbfad98e1f6010da4f560a718f83acc6c6dd0638ec63a3e5b,8f3d101108629a9b04732e1e75258ee79aa3f8208408589ef3dd7d508eeb486f,exhaustive
205,descended,256,256,476,3536,256,0,True,True,True,1230,1299,1299,1229,1227,2f1f984a9d6802776c03eb99fe514430931bd6f46ea27e3ce15be5695d97a27d,49deef87f9fe1b4c79e186a57c38f0af05f1a45055c8e0cb481b10e66a0fe1ae,exhaustive
207,descended,122,122,264,3568,122,0,True,True,True,1242,1311,1311,1241,1244,0a1b730750299cf5ca9a0a16cb2093e46df8c3ae63114ed859adda9f0fc83624,77004c6e152c5cde7e28767e07d4a44246cd9b9e6b6750a3961cb3d6c6274e9d,exhaustive
209,descended,212,212,407,3600,212,0,True,True,True,1254,1324,1325,1253,1252,d368f38e2a3a209d01dacb8bbf48883f3ef061cd4daadf87476cf0f3620d4f34,39981213434d02be13dfef9375dff2839202c79377c625edde812432cd9926ef,exhaustive
211,descended,179,179,357,3632,179,0,True,True,True,1266,1337,1337,1264,1256,8f5b6fb42310913bdd4a63fcb9dfff080c434f5c098c7f561a426cb5b82e3d61,68500e3310b2eaeb84875523eaada65d3a9587acd1c8f2e03de5bb0427e251d2,exhaustive
213,descended,181,181,360,3664,181,0,True,True,True,1278,1349,1349,1276,1279,02ea6b0b8106a2b6f068e72eae6bdd8245a87cbe86cd84d6b87cdbd6227158c4,67a620b8f78ea4b7d7ef9c6136148249e08ae57db7c52b050edcaff6e3d68d9b,exhaustive
215,descended,201,201,392,3696,201,0,True,True,True,1290,1362,1362,1289,1292,4b97171142e1e24afaf3c9741895911711a5a755859aec712828186cd2326ba3,f1c791954aeee365204db0ffa3814dc21d2a8b5685baa409b88a0c4d0096017f,exhaustive
217,descended,116,116,257,3728,116,0,True,True,True,1302,1375,1375,1302,1300,def398baecfae61b77927849c0fd4b66cdcee9be44c3191b16303dc2819450f9,c7b1ee10259a95c1f5f863ed072cad619967cb05459dd765c438911056ffab51,exhaustive
219,descended,159,159,328,3760,159,0,True,True,True,1314,1388,1388,1312,1308,f0de0bfd91d4f72071a0fe91f3adaff45579345b12a772da2ecc948f442b5165,e55fb9818c42e42fa8161bd81904a234388783140c59726678e7c7c93a03fc8a,exhaustive
221,descended,118,118,262,3792,118,0,True,True,True,1326,1400,1400,1325,1325,79b2ad1ce9de78f2ddd6655c6cf707171df0ad6482368c4ca82416aea8c8394c,b6c6dde8661b3448821a164bb111479a80ee03d7369c1cbc177f932841e79c47,exhaustive
223,descended,256,256,481,3824,256,0,True,True,True,1338,1413,1413,1338,1337,5533635aad8e8346ccf9f8c51fec70d86aed82069d9e08f9c3c3e9e802ff1954,a910f00e5755372fdc2633d3e53a809aa57c91b2b635ceccf1b6bd6d903593bf,exhaustive
225,descended,147,147,309,3856,147,0,True,True,True,1350,1426,1426,1350,1352,580fee2559696f170631474c79ce47de865dada4e2d12a941fe6f8404c17f647,95ab8cf19455590bc30a37c034d3e967163ed0607404fc4d61db6d2c084071ab,exhaustive
227,descended,141,141,301,3888,141,0,True,True,True,1362,1438,1438,1361,1368,211a9a810728d2d5ee862fe188a7d56132e280e7039d57da33f01411084ed873,f2d3d12b523291c27cdd7f75f54d34f10559c286198bfe52b9a5be193cac95ce,exhaustive
229,descended,220,220,431,3920,220,0,True,True,True,1374,1451,1451,1369,1374,9922774fe7a189c033f6bd5e8960d9449cd5a9e5eb4ce365aff85c26c2e9bca5,7073a0e3b820782c9739e752a74cff2e633095f58cf94cdb7251201e4e1864c2,exhaustive
231,descended,270,270,506,3952,270,0,True,True,True,1386,1464,1464,1386,1385,cd6703be43b9f1e2c82318d8db1bec2cb6fe1ebe78e20c0e7b3faf3e9e2fd650,62f6be278f4bc226eb9a5fe4bf883d14532e474ee9a2c219e7fcb56799facb98,exhaustive
233,descended,128,128,282,3984,128,0,True,True,True,1398,1476,1476,1397,1399,b09f759a714a3785cc5ebd7823a0187c1141c3150de3530ac68e9037ccc48b74,5525e258ccc32e2440e255b56d8af132b13aa055baef9f7b4cff9126ccd89510,exhaustive
235,descended,144,144,308,4016,144,0,True,True,True,1410,1489,1491,1409,1409,1a320f307986d1a8092ce33030bd462988cebb0876e3de07233a49b7d2f6fcec,1af5d88a9a7ff1aab55959810b5e37393e3127e51c442e9838f3536b1455abbd,exhaustive
237,descended,119,119,269,4048,119,0,True,True,True,1422,1502,1502,1421,1427,ac2cb71fce44dc33233c6c698332501dcf5be44b902e95425848aee83d5f8743,e7eca3856e72a8b43b1774423ec2d5f52537ed0dc77f3cd7ee5c49955df9b663,exhaustive
239,descended,220,220,430,4080,220,0,True,True,True,1434,1514,1515,1433,1431,eb3af97b98af6cbd5f603cc3f8cf6f41292c1d7354acc9d7c90ff9af164e02f6,81272f50691b2ccf3f88ab6ebc2230ee4f6548a87666f4753ced35df944f1825,exhaustive
241,descended,168,168,348,4112,168,0,True,True,True,1446,1527,1527,1445,1447,c2ea4a7b45abd1590f89b56ec33f1f1def481bc7d10d58db79181ebc3a8203bd,336a259f377114b464edfccd2406ec5d82a620be955579f5eb83f8395ada4721,exhaustive
243,descended,152,152,324,4144,152,0,True,True,True,1458,1540,1540,1457,1459,3a1d80f7b0f027a283a337dedf732fc965b691d6b444ff8626e63495c7c84c54,192f1f8cb77f83c7afef017b5091b8758a91ed724ae700be6f9e67577bb6007c,exhaustive
245,descended,214,214,422,4176,214,0,True,True,True,1470,1552,1552,1470,1475,9cfc333d2233e4125a0a545b7f1aeb90a84c6b83681952c33d1d2e5420c87511,518a9552de5ffdcf8c25cf55cb49eb8c9aaa44a0ae740e16418577f084a0f5d3,exhaustive
247,descended,217,217,430,4208,217,0,True,True,True,1482,1565,1566,1479,1481,b3ad7ac522c53aec2da59f0ea5f5fc09a17eba82f5d11414406bd820b49146f3,7218751143553ddf1011c98d3888b427b0b8925f7ef273743a02b460e4bca825,exhaustive
249,descended,216,216,427,4240,216,0,True,True,True,1494,1578,1578,1493,1494,24826bb089aaace32276334e22797324f5fd3e4b2a814c56c314034447363d28,60ce1ac777fdb887e2c6c96fe65e883c6b46a923a846ecf70f86617685ff930e,exhaustive
251,descended,218,218,430,4272,218,0,True,True,True,1506,1590,1591,1506,1508,6fe8eaf10f020a4d4c84ca51b334d757adbc923322fa57ba80fd6bfe1d70c8cd,9089946b72e82e00ed485bdf338f41d5661f02f3f21b35fcb8c5a757bec4ee19,exhaustive
253,descended,209,209,417,4304,209,0,True,True,True,1518,1603,1603,1517,1518,77ed716eba2cb0beaadb4c7f9dbfb9deab65ddd021ac9d89ccbd9bafeba8ed78,614011a4d89291368c54e15dc39cffc6a180b29f2a03326843d79ca770eb4244,exhaustive
255,descended,315,315,590,4336,315,0,True,True,True,1530,1616,1616,1525,1527,7dbb4f7ad98eca202cf9f0761f4a2292061417e446255a3a085948829120c51b,fa0878b1ae5ebc647b204fdd4c8055e55f28f8c870cd2711a6f4829bb37b810f,exhaustive
257,descended,265,265,507,4368,265,0,True,True,True,1542,1628,1628,1541,1539,bb3462aba4da8e58db47fa55bd2b7788d600233cca12c76ee75779d98ddf46ab,1040aee15fadaac0b2992261a79cb2e897ab68ada128a6d058b78486ebbba370,exhaustive
259,descended,311,311,581,4400,311,0,True,True,True,1554,1641,1644,1553,1552,93f8e7725a8a9361c689b7b8c476831e7e7c6f22c159f7dbcb38dbd7ab0076b5,794de33f5c63a1cec167869795d1abeb8b2776b88491de5cb1c3de445000089b,exhaustive
261,descended,186,186,385,4432,186,0,True,True,True,1566,1654,1654,1564,1569,b15e3d0d7ae27ab3a76c7c358b7c0bea841c319488b10ea3a99127b53f9b238c,512154bf6f5a4dd00519aedb935ca65bc5aa6faff7524bdf732def44cdf411b1,exhaustive
263,descended,287,287,547,4464,287,0,True,True,True,1578,1666,1666,1574,1578,5e202fb78caa9459c113113ef7e2e0d46c4d144425c173c0956c185acb9a45a8,b2b7b2714a367bb910e4dad2f6f04d84d6c366389e2a4aead03def33cffcf1b6,exhaustive
265,descended,240,240,471,4496,240,0,True,True,True,1590,1679,1679,1589,1591,47db258f945748897543cb7de1ef9db51849abd185d26cc8ea6df555ec8156f9,6a82f82fd4334a32a19157d6f546d0254536fe38d694f40652ecdc4a7f3f8abe,exhaustive
267,descended,175,175,372,4528,175,0,True,True,True,1602,1692,1693,1597,1604,4d8527518eb8c5cf41e7171df781c7fd0924e0fa475a9168e523b1d11eddd39c,0c6ce0af1f219c90b3b90384a0c669c0e3ce752145b11331e9027292c91f237b,exhaustive
269,descended,226,226,451,4560,226,0,True,True,True,1614,1705,1705,1612,1609,28c019bcc9f87165e1f0682af2e39b402736158c01dc2b301ec8d374b5120766,9f5134b9b5f601c5f2676609180e23fcaf9dd4a5420dd9b281ec4cd1284cc58f,exhaustive
271,descended,177,177,372,4592,177,0,True,True,True,1626,1717,1717,1626,1628,8ab0b8f738df09554f38f81c3019c8ca2187ac87719cbb78347d139f34ef7e6e,faa994c958ec03c078991cb844dcef35b254035063e8f21ea9dd0a76f80d9c7a,exhaustive
273,descended,234,234,467,4624,234,0,True,True,True,1638,1730,1733,1634,1640,834f2d04dc32a705b3114d7a031ba583abc692fe3c495d92e4c7aba6a7009833,c5e5a95a37e6b293b7b518d6ce7e1f102678555e10b0bac326c248c44c5e9b88,exhaustive
275,descended,190,190,396,4656,190,0,True,True,True,1650,1743,1743,1648,1652,119d9e62c1607c91154ae6a67b4bacfd386c0574cda5310826e80a757f17f661,fd76210ec5c39b88d0fc7ec23c2c0603d039680dcdec9d8fe0913c2207e277d4,exhaustive
277,descended,207,207,422,4688,207,0,True,True,True,1662,1755,1755,1661,1665,0381b052b3dbf23297654c1210fa25a5a3844b47f7e3db2dc736f0db74d17c1c,37449b682f5c7f5dfe75be1fda72cc615532c606a07f05d9caff8b2ce3b4c906,exhaustive
279,descended,249,249,489,4720,249,0,True,True,True,1674,1768,1768,1674,1673,eace812bf8d0125859effee143495108be80cb8ef9332df8885ae4f12ab233e7,958611ddb80d24ef52d2f553c185b28c0fcab4ec39981341b427f3e476cd1986,exhaustive
281,descended,186,186,390,4752,186,0,True,True,True,1686,1781,1781,1685,1689,3c5d7036618361ea10eecde6814be1f2d6bcef33de52052e444dd5453eb67e3d,e2ed26bb9f50cd4a72c712ea6d54b63af85afa176e2ae2b508f174a262ef4e8f,exhaustive
283,descended,164,164,358,4784,164,0,True,True,True,1698,1793,1794,1695,1700,1e79ea8a3594e679c151f297583d7683c2ae271996b307b2348ee6de29db014c,e3b52eff371de7551ceb7032af5c7e85126227126fe3aef2bf323b320a0bf24b,exhaustive
285,descended,250,250,493,4816,250,0,True,True,True,1710,1806,1806,1709,1709,0ed094acda456ee98804494aa1c53f89cb45ef71d3a35e6dab11c2a301b23c7d,d23a099c4a9f427c6b477e81cd52da63b7f1d2e200d1e7d8aa97a0cb2743fda2,exhaustive
287,descended,185,185,390,4848,185,0,True,True,True,1722,1819,1819,1722,1724,6009a9f3e83d6bef57ab60b474fba048d2f3878d6032f60bc949a03977218f4d,b10e92d5c6555e84a575597cb3907bb39ab03247337a686362c63aad31b0c596,exhaustive
289,descended,216,216,440,4880,216,0,True,True,True,1734,1831,1832,1734,1733,fe9daed47332b1314a3f7ea9c1d5ac9dc26dc8d8b5245fbbd99d3b7be86c27cb,4bdad58a319f13e9c58807cf46bf383ee309dbf371f054aff459ab6f74433866,exhaustive
291,descended,199,199,415,4912,199,0,True,True,True,1746,1844,1845,1744,1743,b39fcbe2ae95c9d3ceb5daf0536cb467c7a3f7157516a9c4b4c4a67fc790b392,fcdc53fb4c18a83c12a7acd8bbf0d96208b678c92bed3b1c3bacc4a80d22807c,exhaustive
293,descended,332,332,626,4944,332,0,True,True,True,1758,1857,1857,1757,1757,693ae0807406513d5398f310b0c4911c22f9893499f39d3afa8cac5e6cb53d5a,76ed59a419b0d501ff16afccacfbffdf4e9acf4336ee88cef2fbccdb7b216b09,exhaustive
295,descended,265,265,520,4976,265,0,True,True,True,1770,1869,1869,1769,1768,cb7460d05c7ee153e7757712ce2c82d6b04e7bcda1653b91de278dca46db643f,d90514d27bf48bf881bf3a1c1747375eec2c343e9c2855aacf7b0ba4b80908a2,exhaustive
297,descended,171,171,372,5008,171,0,True,True,True,1782,1882,1882,1781,1781,7a91486d2f11db1b3f83a1c499dd653e4bb42b244da2fc424aebafa9a2d086d7,669f42b290c9d37dc54fa5e28e3428c8cefb25e198fd8e49ae0a92d7f41fa196,exhaustive
299,descended,255,255,507,5040,255,0,True,True,True,1794,1895,1902,1792,1792,e127f4c87c86910e397314392cc876af9a822998b98ebffffc8b362b84bbec73,e73904be30c7698cfa8b08faeab83a732df379794876680ec000efd0213560a6,exhaustive|prescribed_growth_prefix
301,descended,198,198,417,5072,198,0,True,True,True,1806,1907,1907,1804,1807,70ea89a9e1238348e2bd199aa8843f60650668da3796e8ff1e3d76477252819d,8f6377680e8a9e015f68176a7b16988ff16966052dd3be594adfb60d501775c0,exhaustive
303,descended,249,249,499,5104,249,0,True,True,True,1818,1920,1921,1816,1817,b6d7312531bd554529538d27ad5028fc2c80ef5acc36579ad34cc2284fa9f466,c8025ff1a0f991755f24761b93f24b75f9f4dc8b0b68b237aa8c330246d1e1c6,exhaustive
305,descended,266,266,533,5136,266,0,True,True,True,1830,1933,1934,1821,1830,75ed50ab3243431d49bf54d9cd538b47e062e840792a30e98bf3396782aa7484,25aa93c206cadf95a037232ce64b22d56c4fd6b0ff0cdba1db9f18d41fb6d819,exhaustive
307,descended,228,228,465,5168,228,0,True,True,True,1842,1945,1946,1842,1840,396b2dd051e015f30fbdc6441633603a15fbb21fa9ef42a17b0ad9ff067eef98,2407b066f95875e80a01f82e8280635baa4aee5f67c252697e4ad963be0c106d,exhaustive
309,descended,243,243,495,5200,243,0,True,True,True,1854,1958,1958,1848,1857,771b09960bd226b04d591ed213d765a41b036ea5269cec0490b2858955ff5ee0,be616b7280d1bca185c17b23ea829fea478e80eca0e71321f35244a38675620d,exhaustive
311,descended,270,270,534,5232,270,0,True,True,True,1866,1971,1971,1865,1868,483b8f9c4b263838da4f474b0ce259a35b6dbd2e87bb26b56a43b30445269ded,9938988680ff2fd4b7823cbca76d7ca7c58e04e34443a946fde9401061c20b9a,exhaustive
313,descended,154,154,350,5264,154,0,True,True,True,1878,1983,1983,1878,1883,e0389deb9efd66032a8e16612ded56a774f81d1da8aa81cef8f40ac382767dec,7636cb8364b935445f7fde30a2efa2a52a4028d1c116329c1a3894db52d35649,exhaustive
315,descended,300,300,582,5296,300,0,True,True,True,1890,1996,1997,1890,1890,c823ff9ebf1326e9cda4fadbcba6d44dbe8a357fd3471ba8a31746f3543cf347,84fae05c5d78a42c7d2020ee4c5942ebb3db81cdb4d51873b9d31c16fe15acc3,exhaustive
317,descended,265,265,527,5328,265,0,True,True,True,1902,2009,2009,1902,1900,a486cd996cebd9a1b95b85e0db81449cdc1dfe24cdb00fc29d18d584c55b53df,df91837871986a39933aeeb2033796a5d64c1120427c268e98f22f41bd96ed47,exhaustive
319,descended,260,260,523,5360,260,0,True,True,True,1914,2021,2021,1911,1912,683c577827c03c366c2867e8fbba01780ed376c1312daad5f1289bc831983677,d34d4e6bc04d6286ec8466171e519098641d55b202d7be4c0fad4d8eeb26b917,exhaustive
321,descended,222,222,461,5392,222,0,True,True,True,1926,2034,2035,1925,1929,b0801b2b52589b595e5e5c3a4f3dbefee4d6ee4de809de196461525113641230,c7c8c5492c87f7b4102bf8f7a40c7da1260799c91c14c74e8a07bda9f7891ee1,exhaustive
323,descended,304,304,595,5424,304,0,True,True,True,1938,2047,2050,1934,1937,b2ac2494f5371e75253152f5a04c07505b8fb3cab63322f1f8080036e7fcc259,4bc56650b1871d356b6c42f183de84b47578e62c615f684fd9fb2b355d67d767,exhaustive
325,descended,279,279,553,5456,279,0,True,True,True,1950,2060,2060,1949,1949,282a9ac19a133172184c5261f20014bb3abd085b46139f961f4cc6f28646e88f,7f55a0239a9d76669bad9050d2b6fa896f1cbd5863008adb88cfc599c5300249,exhaustive
327,descended,241,241,493,5488,241,0,True,True,True,1962,2072,2072,1961,1962,29e3b6689283a38c0ef81880ed6b70c58f5697893c132d2228d2e610fc3e39d8,c5bdc24ec51382d23cc424630224195cb892dd13b6a075f7c9f22eccdbe3bf06,exhaustive
329,descended,160,160,365,5520,160,0,True,True,True,1974,2085,2085,1973,1974,856619d07f5b2a84d4c060b51eddcdfb998093f651c4710b48c515cdbf796a16,b3191f030ba15dc1eaf8a18aba1c0760178027c40c279df84c9c288489dafc01,exhaustive
331,descended,274,274,547,5552,274,0,True,True,True,1986,2098,2099,1985,1985,6ef0242b7589bbd2936b5b7c9842cafa03f1552adaac66e60c5ed03a69790d22,8aeda0be92f7deb5eb88d52df0abe2d7b6016e1448259ca212bc83b7a3d4cba1,exhaustive
333,descended,278,278,554,5584,278,0,True,True,True,1998,2110,2110,1997,2002,4f04f22b5bf66928af1cb71fce037ded1a9a636d53e5b89079d4d54545dbe5e5,d53895a16cdcfe747a5a59e5c745965000bb9b8e81e1dafcccb1180c9fd339b0,exhaustive
335,descended,225,225,471,5616,225,0,True,True,True,2010,2123,2123,2009,2012,2df49a1d66734191bf4ea481b3cafa95be7b12d08408d95f3a72cd57cc7f5af6,d15a282f5c2f3587f911b5dd84ec8c9dce676a9b35e00854009f410cece7c4cc,exhaustive
337,descended,287,287,569,5648,287,0,True,True,True,2022,2136,2136,2021,2023,e391c7f07810f43598b687f2da49b62868071b833dbf1a285ce07195dff19cbe,b390e0e2a0b16d5c646bf992a34ff7266d312af513ae4b0241512ccaad2a5345,exhaustive
339,descended,278,278,557,5680,278,0,True,True,True,2034,2148,2148,2032,2038,1245df33952e7e8ab0d69c2e07e3e19f8a32817eff4e13554a65f42a41668799,65e0fa172fc3d013589bf848c7d641892ae5d99c95297d4d3b7e0dc66910353d,exhaustive
341,descended,258,258,528,5712,258,0,True,True,True,2046,2161,2161,2042,2046,b050aa7ba1dc7e1c9440ef55112f080ae17857fa9375c5b36700b36f8f455442,2f2854c930a83d18c30ec4fecf5c2b88b0f231d6dffc58321a2c0516f8b2e8ee,exhaustive
343,descended,204,204,440,5744,204,0,True,True,True,2058,2174,2174,2057,2060,d71bc22f56c6293939a626c3b9fe02d47bed0e993191cf988b49e0e5dc99c3d5,67dbf675f3e1eda20f5439d57eff953542ffec1b796e200084256137d5a282d0,exhaustive
345,descended,298,298,593,5776,298,0,True,True,True,2070,2186,2186,2066,2077,31e2da4a66a7ccd2d1c23299715a7e4c7d43fd16ccc11ee053ca9c472108138f,31a636d1019f25d0188ef358f9ccaab21eb7766f6b2d4b22ca397506e1fce19e,exhaustive
347,descended,382,382,723,5808,382,0,True,True,True,2082,2199,2200,2081,2079,b32956d8768d0d9e38da5dde8ff2301611e6fda41bc1d6e7302a654501f4032a,ffb062a1d0235b841e091e8b070f8fd97a63b43495b12aea848e2f5f1aaabfb0,exhaustive
349,descended,331,331,645,5840,331,0,True,True,True,2094,2212,2212,2091,2094,bd89c44a9f860864b2d3dd7bd9e19bc41e84107a1f731f2c0eca1c406cd97565,8c0dcc991f67f3e925aa1b0ef8e5bcea94b292938945434040873ca0a5215bb3,exhaustive
351,descended,294,294,585,5872,294,0,True,True,True,2106,2224,2226,2105,2105,b62e39c600293a9c86b66d0a8d924b57b6aff69a561cf3ef1ff717e873666b52,4791df7f8bcf7c0a438e0e8ea210b5722c03e889b1dd477c6defc6aa9b3dad13,exhaustive
353,descended,224,224,476,5904,224,0,True,True,True,2118,2237,2237,2116,2120,c166ecc5ed1968230189fc16d9f5ee566ab9707d40119dac2bfb992ee9b66ad6,c45168dd9de00b68caa1735800811ed68a01366e4197e4208f1c99d2f4fc8dc8,exhaustive
355,descended,374,374,716,5936,374,0,True,True,True,2130,2250,2250,2127,2122,ba4230e8645f7056eb135c5cc32156a3a79276c54ee39a34e5dc9bd8fc385720,0ef9682fc33385719a10bb8cca017c583fbc2c808c22ccde13da2666e16f97aa,exhaustive
357,descended,262,262,538,5968,262,0,True,True,True,2142,2262,2262,2140,2140,91795eca1243d53c31aee8daf31d6e75db3fd284da7ce767601473cfee8f009d,056541fb6d76cb91ea978513bffe60cf03b91a1a4614bd418080f0a0b701bc9c,exhaustive
359,descended,288,288,578,6000,288,0,True,True,True,2154,2275,2275,2154,2154,ed3b51b8d6b898ec7a204ef1569f1eac1699482f5bb6f6580f3e9ffa964a1a21,f260965c157db2bf89ff15bb01f1ad7c9886f54748e3aff8d6d5175106e99997,exhaustive
361,descended,239,239,501,6032,239,0,True,True,True,2166,2288,2288,2166,2166,49569d6095b8ba9897deda200145e006b1da30a57218cd14c48f148f02ae8029,a564ad313473c921d323fb71a13b62baf4c3ec6d1d96f4ea4df829e6f5f4ff72,exhaustive
363,descended,428,428,803,6064,428,0,True,True,True,2178,2300,2303,2176,2176,1c3246d12ccb518621895514509c51897b09cb004f16fd6d30f01cf46c706f40,415dc423cf56484c08141f37c70d1ab332276868538ace29b0fa08b1c7048b50,exhaustive
365,descended,411,411,778,6096,411,0,True,True,True,2190,2313,2313,2187,2191,ce4e5d5e0e49871f7de632068d33c0aaad1f517f76c61adbac9f4b1903658a92,6c251ef40328e696b1431a7865be1ce54bb1abc5b729b2e714c6e342d2bde397,exhaustive
367,descended,377,377,723,6128,377,0,True,True,True,2202,2326,2329,2200,2202,5fd8318d1f4611f77079944b15163856a007df0287c23e8d2081546e3370c4b0,a8eee68bdbb768f83d86404ec851d52522904e75a2c3b9943cd9f82f0f5546b4,exhaustive
369,descended,355,355,688,6160,355,0,True,True,True,2214,2338,2338,2213,2211,4209cbb418c0f325b90c62731a7b5e29fec26dcb267bf45ddfe25713569b2f5e,dfd8f217a698edcefdddc1543db11d10c167390758fcd0912e3e3222eb6582ee,exhaustive
371,descended,324,324,639,6192,324,0,True,True,True,2226,2351,2351,2226,2223,0e7ec1929c28383540f6e11dd61879e151121c8d9dc749176daa4a0b9ba904d9,eeb650cd273319873d6c27fde4578f589acbc2cd1c09093c435fea869152ea23,exhaustive
373,descended,312,312,624,6224,312,0,True,True,True,2238,2364,2364,2234,2242,6d035351bf0bd680c3b37c88b639461912835738f1b7260837a46d4ffa0e885f,436959396387d885a08521d1f41508529d3926715c92ca1173f792624629d480,exhaustive
375,descended,295,295,595,6256,295,0,True,True,True,2250,2377,2377,2249,2248,542b0b90e0b242f1d97a3e3f14c42f1f2c7a59d0570d4acb42d3a8fa255f9ba7,e6e3b32ee6a6bff8be940183dbb34632c26766bfb5710d8df944be392dfec5f8,exhaustive
377,descended,259,259,539,6288,259,0,True,True,True,2262,2389,2389,2261,2268,6a6337315ad8a4417937f83d4b93c4b0e04fa1fd907c8b93610eba915fa13954,c453d7ac024c553b3dba60652f5cbe97dbb3b29001ca6240f1e2897480dfb03d,exhaustive
379,descended,294,294,594,6320,294,0,True,True,True,2274,2402,2404,2274,2272,4c7145c01057db616b21bf54e27ec6280b9cdd576acf93534a833fecccc35483,1d6413eca56e7c2c97e128701ab413c359c27be946e86305eb94dbe9be885493,exhaustive
381,descended,261,261,543,6352,261,0,True,True,True,2286,2415,2415,2285,2285,8ce2636c09d7b9a07b76783ca37dedece24396cb94669029744a9e31eee8d420,7e2f9f5b6bf361aad99f1603fcd81323a04c5cbadaa8aa855beafdb4aa2615a2,exhaustive
383,descended,283,283,578,6384,283,0,True,True,True,2298,2427,2427,2298,2298,e9ee4e114531816a117a5e665e39d606615b029ef8fc35f46c3980698679bbbe,e43535bb608ef4d1f60431fc25b03248bb4bb9f72ae64b7993bde5f5a6c807ee,exhaustive
385,descended,322,322,642,6416,322,0,True,True,True,2310,2440,2440,2308,2311,0585952d8cf01ab5f32ac888a91c99cf1182848ed66457be69c84795dde059a2,abc95a9a00799160e99e4668b16994ee86f0a2f696d9cca7ab8f3d3e2e3458c3,exhaustive
387,descended,326,326,651,6448,326,0,True,True,True,2322,2453,2454,2318,2323,80b79970b58e1faea43e44cce7772f51439e9929290ae88fb7afc8780320ed57,0da26068772957ad0d75218b76341a1e027a0f6c92195888b848ef85b8116ef0,exhaustive
389,descended,362,362,706,6480,362,0,True,True,True,2334,2465,2465,2333,2336,6ae31a1953ced3f41a87ec3cf78996d6f8a75ec94ebf3061f53a3c98c43a9b78,0e0eebaa97304e221470f7b26ee332f3ba5d006cde7f96308498e88f3eb5e734,exhaustive
391,descended,364,364,709,6512,364,0,True,True,True,2346,2478,2480,2346,2348,e61cc7611a375bd19124bb69f6605b30ec3594fe9b9712d8b59c38406a2a03b9,6d82184181b9e18ff635836c771ce348985e4a37a45f3d434f4fea28af4aabc7,exhaustive
393,descended,316,316,636,6544,316,0,True,True,True,2358,2491,2491,2355,2359,f20f7d47dd993a22bda25ee17e6faf541c8b0030ffdbd6ad9ff9e42208d5443b,61110e2ebad69fee394e8ce655784f75c03a127b06393c0a9dfe1df3940573e7,exhaustive
395,descended,320,320,641,6576,320,0,True,True,True,2370,2503,2505,2370,2363,8c799b570e4e1eb4735813ae180123a9defaf0a4d2dfcb73add48e67c7efbe89,9e3cab349e4b2ffe59961e0d6ce6a56244dac5e1834bae005543be3edb7d8aa3,exhaustive
397,descended,313,313,631,6608,313,0,True,True,True,2382,2516,2516,2381,2375,b3df0ea226e86011b7d644fe277b18b615bc9d9b5dfe933f4b313b677b85c89f,490d99490a3279525a92ab4995da5339e2ab9b675e7289d14095620dbf654ea4,exhaustive
399,descended,326,326,652,6640,326,0,True,True,True,2394,2529,2529,2393,2394,995f609b392f3efc0f0bdd721094a1ff7afcb50b4f923629731571f9c80a2aa8,1686b0dae1f7c3410ec723eec028274dfda5009b743855e231b74e9b416bc451,exhaustive
401,descended,349,349,691,6672,349,0,True,True,True,2406,2541,2543,2404,2406,38cf4f58dcf14bf775daa51a865e0b95e3a41f68e0646595347307a40ee5ce85,b17f5b825e4ef012dca6c454322ab32aad31ad767c78eb4a7199dc3cca4a5804,exhaustive
403,descended,312,312,632,6704,312,0,True,True,True,2418,2554,2554,2417,2418,5c05a293842fc3ecd48cfe87fdf3b58f64fbd71080f163775c3929d798e5d49e,6b47c40879b003aa6e00b051c1993571cb075d7a15981820967005aa26cf42da,exhaustive
405,descended,310,310,630,6736,310,0,True,True,True,2430,2567,2567,2428,2429,c61a2351e76bfad54769e30aab14b98ac1386addcad838b7f49852a7699b35cb,ff650d3fe1e4e218d9ece2fba030431e7979104187acf3aac00d49cc693bd35a,exhaustive
407,descended,294,294,605,6768,294,0,True,True,True,2442,2579,2579,2440,2442,b52f5239b8625b20777b602f9230adee1716765b989f38d3da7b00f47d164644,6b9356ee65344229767782f11cf901388fec3399a4dec02d9480e12ea068668e,exhaustive
409,descended,247,247,530,6800,247,0,True,True,True,2454,2592,2594,2454,2450,8514e15cd5592057ff042c15fd8c34782be6160b0de0942d25be2f327f84461b,cce936a929e6d58bf53af41c6840d86d790021dca0d34afc497e122a9b2b5ca2,exhaustive
411,descended,327,327,658,6832,327,0,True,True,True,2466,2605,2606,2465,2466,09464bdfca2cbcd8d48efd093bdac451b792550b9513bee3c5c8383daecbd56f,5ebfaa8a56791c265e9982c2e78d636c0b19bdfc0ca5e2e2e5a95236e0a4492c,exhaustive
413,descended,269,269,571,6864,269,0,True,True,True,2478,2617,2620,2473,2479,01b0fa7f1b3c5b54d42fb7cc4883c6e5a5b8a93c0f9b8eb52b203f01f3344650,3cc7978fa12ccb2865fffe69e80404868e50b91e209e89c4383d79c40ae78aee,exhaustive
415,descended,451,451,856,6896,451,0,True,True,True,2490,2630,2630,2489,2490,86add8959cfc94b4e6ee48595d3e1d085f8d518769dadc40b1015d6e81b2d534,c49f318c2094713554450ec04427a1f65c709f4aff01c1bf492be945e49e676f,exhaustive
417,descended,420,420,810,6928,420,0,True,True,True,2502,2643,2643,2498,2503,55cc00251ee7191b87d95d8422b6db1c3527ef1b407b5d49586e08a8ddd13fcf,dc1feeda8d2bb3270e593d88bf9e4012688ffcf580e17c8f08313a04043f23b1,exhaustive
419,descended,344,344,688,6960,344,0,True,True,True,2514,2655,2656,2513,2513,ed169d975c7c3554e1198e981afcf490362ecf8bea968e7686b9576518e9807d,f82eb518e2d1a5969fa86279e88feec979327c336e94a924c2db23a82232e32e,exhaustive
421,descended,376,376,742,6992,376,0,True,True,True,2526,2668,2668,2522,2528,c7250367703aa30942010b108e0af12895908bf7a20d20b2cc57bb42ffa9e427,0482053b1521280400302ac342625e5e647bef4e8f245bc7856b250dd6b30c44,exhaustive
423,descended,350,350,699,7024,350,0,True,True,True,2538,2681,2681,2537,2534,e9f71910da718a9f7f37fb2525fa1056f703e31e3060e54532f5686109bbf8a3,f089a3c350bfa66870b23349918963e04d9fae35414cbc74d7aee122695df73b,exhaustive
425,descended,322,322,657,7056,322,0,True,True,True,2550,2694,2694,2547,2552,aea690ee105937c90af7b490526c2bd9063e42532daf8bcad5153e93b5aaffd7,91e90175f6515277c471bb5157677a850b3277bd51ef792f45289b446474c958,exhaustive
427,descended,360,360,715,7088,360,0,True,True,True,2562,2706,2709,2562,2564,c36baf6c285ed2bfaf1fd4066e40a96805211ff01981b0fd2b676db7c197a58f,c06fafb2cd651e8a717b465a0d2e42b6cc001fb006dfd3c0833e19a3f7757bf3,exhaustive
429,descended,410,410,795,7120,410,0,True,True,True,2574,2719,2719,2574,2573,7cebe293daf14e2df3c6464a09af5c5abb1c65f0aa21bd50eab3bb4d6cdcdff4,00977fccc40507d463eaa2496279196cb660c76d94ada05387c09f8b77c8adf3,exhaustive
431,descended,456,456,869,7152,456,0,True,True,True,2586,2732,2739,2585,2588,5270625915f3aecd2d5be4e7e2b8aaabdf7061ca21e8f74fff901615aeeb9a81,8a05426891b788561b433cfebd2d6d067306104ad599453e2d59fe7fcd1daaa5,exhaustive
433,descended,410,410,799,7184,410,0,True,True,True,2598,2744,2745,2595,2598,766745c79c85ed0a36b2f60582a5bc16b534202944f8f22e7d8cfc34b6c3c99f,ad6cfced1ecfd210a2b195b60cfa4e3dc7e753694d106077ba1b1ab05a2ed170,exhaustive
435,descended,385,385,759,7216,385,0,True,True,True,2610,2757,2757,2608,2605,b4cd0b1955d5a6ec6d8f25977510d84d3ec3b257c265cc728df3e95ca062fde0,b54f7e30ee2eb3ee41386cb011e9c0b1555d47723d7849bc55f390124501fbe8,exhaustive
437,descended,357,357,716,7248,357,0,True,True,True,2622,2770,2770,2619,2623,2f1851f054bdbc1fe07abbeff83ae58d2554be220b0b88df5e4993ee621a778c,66ffede048e3749501b1d4b6bd0f6fc4b3ab2d55632b80222b8c4ad7f5602906,exhaustive
439,descended,337,337,685,7280,337,0,True,True,True,2634,2782,2782,2631,2635,40ad08d182023bc5bda5d5a4d17bbcfb2bcc9050b857f35c5d08410b6b4299d9,e477522b16895524f693d6ae2c9893358e01a7dd9ee2772d15bd3d2dc09d63d1,exhaustive
441,descended,332,332,677,7312,332,0,True,True,True,2646,2795,2795,2644,2647,4c6db2df68b878d7bd32f9ec3d9d290209a06aca83005feb1eda398498a4e4fe,75a62b3a08fc82a8360264ed8b3024512b850e64e06395ae072fc31d08c686f3,exhaustive
443,descended,311,311,645,7344,311,0,True,True,True,2658,2808,2809,2656,2661,89965222602cdd38304957b86793c69f07ec33f2f12071561856406eb3fd374b,757648ba1816cb025f13f2475bf47fd62c10f097d6d13e680739d54e29e0c66b,exhaustive
445,descended,366,366,734,7376,366,0,True,True,True,2670,2820,2820,2666,2672,64033338fd3adf0b0c2e544c960708c78b421cd8b5549ca41993d790aa361b4f,a9092b223a48854b3a74013b35a85dda2b2d96ffbdc43975261048fc3c360241,exhaustive
447,descended,370,370,739,7408,370,0,True,True,True,2682,2833,2833,2680,2689,185c2c46d580ab4e349255e47d1d7898005a09901506687b37f050434ea0078b,bfd885c9de845d75eaa91265c50aebaf22d4157ec4800167a17cc9d77590b951,exhaustive
449,descended,267,267,575,7440,267,0,True,True,True,2694,2846,2846,2694,2692,6e1568b4b2c2275b8b02883bb3727acd05b814c8bc7dadb19a6fad8cf1e30e3b,5d9a120753a65baddbb5c50c762aa41a401c4eda5bd3e661a2da081748d9dcbd,exhaustive
451,descended,233,233,522,7472,233,0,True,True,True,2706,2858,2859,2706,2703,6be9eb56298e6b13ca118bca224e96886c48ce7858c434fc089b960e187fb7a2,6a7420a38240f46d54892af1a5aca9296e92be72f688477df956ead0018831d2,exhaustive
453,descended,391,391,773,7504,391,0,True,True,True,2718,2871,2871,2718,2718,bab231e5cb68f5ee8dd8907785574b837929b5d11e33507b3ab336c5e3eb9e45,0cdad5b8ab85001eb883cec364769f1c8ff46ba9122d6120e3fcbd33c51cccde,exhaustive
455,descended,311,311,648,7536,311,0,True,True,True,2730,2884,2884,2729,2736,770c921483e70de79530020ac6f098a5238f65970c2f18f0ef5fdcc51e2a1580,839c552f2723251a806ea11975d8ad02247a03594bec9cb55557353989e5bdf6,exhaustive
457,descended,409,409,803,7568,409,0,True,True,True,2742,2896,2896,2742,2742,7ea80d80d630a3d7fa2d01cefbfb4322ef82c606c87c85e6ea9b150ad2f96da3,ffed80405718ff083cc7ed782b135586b3ed256b75d66805e589a3940cd00b3e,exhaustive
459,descended,367,367,739,7600,367,0,True,True,True,2754,2909,2911,2752,2752,24dd07437f3ab0bc36ec1df15aa84baec70663c11999119d52d956b57aab7e5d,d462fbfd84d93c2961d9bd77902e1fa6c09fe5938f14faf1fe5110cd3336e9fb,exhaustive
461,descended,360,360,727,7632,360,0,True,True,True,2766,2922,2923,2765,2764,b68721a86491e1bbc98d72c5990ab12fef2dff9258dc69017613ecd4d436acdc,71a050061b22b4be9ab8886a903be3e05004b82129e2bf45125b63cbd1c7ea19,exhaustive
463,descended,403,403,797,7664,403,0,True,True,True,2778,2934,2936,2776,2780,3e304d4948b6ea3ac3c127d518a19dfda86889cd75ae54dc3f118a5a83ceb823,39742a84914a1f496debe42e6377ab27fb777c21cb5c2b81e28953b7664a8e43,exhaustive
465,descended,287,287,614,7696,287,0,True,True,True,2790,2947,2947,2788,2789,e4559a5b8b3de14218a84caa7abcc2004f56ab08a019bdc45a919d24cced760e,bf3fabe58102fd03bd50753a39ff2fe827e34df4eabb3b5df232b536d577a0b6,exhaustive
467,descended,399,399,791,7728,399,0,True,True,True,2802,2960,2960,2801,2802,10514f2f48c923d19748b89f2e068341cfdf2bfdcb31fe4303709827c6d345a9,750885068160d3b30d9c816326f595472265944f903b992d12b0b18c6e3a8ebf,exhaustive
469,descended,355,355,727,7760,355,0,True,True,True,2814,2972,2972,2808,2814,e994094f4d19b6e42efb9fc7b45ca7e79f2def99d60d35c7f6f7484f5641b18a,42bd580b0bd48ab86b7949472b0b042355a6928a4eb5ffec9c629d68cb172f77,exhaustive
471,descended,341,341,703,7792,341,0,True,True,True,2826,2985,2985,2823,2826,8259189fee3397caba1a662865cca145f23486b2e19adeabaf8f9c4f7bfa0d60,807902013e0ef293c3777eac7121b96c71247809fe777a68cbcb7e1ba42985e1,exhaustive
473,descended,439,439,857,7824,439,0,True,True,True,2838,2998,3001,2837,2840,02ef945ee20d30ffc935155e7cf54c7336ef693d1843705adcbd15948852dfb8,2e4a7aa2c2e37db7d7f7b5ebea7387b4497f28f739accf8ad797c95a9dea04ab,exhaustive
475,descended,381,381,766,7856,381,0,True,True,True,2850,3011,3011,2848,2849,ab08afa7b2db6072380c2ec16ea583f9268763f5c4cff6c79b649f556264234e,058100e15b1a0a686488831118d43000572a74ec2d7c9671696073cb64240c88,exhaustive
477,descended,364,364,741,7888,364,0,True,True,True,2862,3023,3023,2859,2861,ef4e8091e0718646f3c6446f22a8cda2e12a4f51c0771a376348022a54a46b48,2b33bcb1f3d1110c901ef2ad407c1838b9a2113e0d2b5083f42b27a01e5290e8,exhaustive
479,descended,483,483,932,7920,483,0,True,True,True,2874,3036,3036,2869,2872,45b0b6a049c078a2ae7465860a379ec78db85d5987376ee5720e114049d0389c,abd52d1a5697a29ba8439b57b0e93eec6b03042f90e5cb0feda10d4c9b5076d5,exhaustive
481,descended,450,450,876,7952,450,0,True,True,True,2886,3049,3049,2886,2888,8fd8759cec17186b90223e4035de953dfc448092e866f3060014c34fa1c326ee,a230c4e577a610f9caa4b092b9760cbfe5f14abc77910d6f0c644a7db14dbbc7,exhaustive
483,descended,283,283,612,7984,283,0,True,True,True,2898,3061,3061,2898,2896,c43eaa9867b66fb6dd0064ff529dbd03aebabb1f79ba8979a897579e68a513f8,fc4d63e610bebd84a98b4d258c6d43215645ee7bbb567e5352501a6e7571852b,exhaustive
485,descended,258,258,575,8016,258,0,True,True,True,2910,3074,3074,2908,2908,a3bf628491527d5fd64e2b12c743618a569fae52b2b44a17c6af8fe8e31c32ba,aeb227c5ff94ac54fd2c2c3c92be8373c3215fb766bf19e0aae302427ee516dc,exhaustive
487,descended,298,298,637,8048,298,0,True,True,True,2922,3087,3087,2922,2926,14b10da45b5816d85ec60c1b0195cefefa4f5df3b4207004c158962ad8c02441,e45a8195ad516d5ffbcce48d88d40eb24bc972aa1be04af4ecad3dae5b15bc9b,exhaustive
489,descended,278,278,606,8080,278,0,True,True,True,2934,3099,3099,2934,2936,4fcdd6ea6854748180aa535bcb6d263aae89ea28fbe199edafbbdc6493ced80c,1e8a9f30d0589bf68c12fa5c3ec33dc2b1d663ca6bd18ee0df904ed357135b8b,exhaustive
491,descended,300,300,642,8112,300,0,True,True,True,2946,3112,3114,2945,2946,e6a3b440a916356c25ec7e52d64d218c693a92c6bbb96991cacfe6df94733c9b,bb7bcae90e4558f3c5eedb815151331c3b7cc8e2c96a8ba427d201ca46e23bd3,exhaustive
493,descended,386,386,779,8144,386,0,True,True,True,2958,3125,3125,2957,2958,5c04fdb0e66be76f1853b5daba683946f67781e3f0c1ce49955e0d4b5438ba53,68b15156d6ecd2944ff3b7b822b7382170c54aa1bbff734372f8620a04b0f4a4,exhaustive
495,descended,427,427,845,8176,427,0,True,True,True,2970,3137,3138,2969,2969,124c67b86304fae550ed07ca3eea8f231a4c22ff801c5dac330ca4a164d31360,ddac7d1869009bddff6e2243a1f9f2e27ed8285f15b003430a88d37eb90dbdd9,exhaustive
497,descended,401,401,804,8208,401,0,True,True,True,2982,3150,3150,2982,2980,ba6f915fa394f96d5a44554724dd7a77dad45a80771ede728d16ff16196a255b,761dbfdb5be05ad6eef09cff7de40352823446b89f4e21c5a5e213df9ee87109,exhaustive
499,descended,337,337,704,8240,337,0,True,True,True,2994,3163,3163,2993,2993,5f93cb43524f98d399e3844bac2d2c9b1424fbab7bbb7573cb47e2f7fbe0f6a1,a2c4466faa8acf3d955871ca73835eac9f37d2d8012ecae0babc278494eb2ac8,exhaustive
501,descended,392,392,793,8272,392,0,True,True,True,3006,3175,3175,3004,3003,0b4ed1e1857db73cc19029540610f01254611da73b0d7f27a5b61e8e49351a11,5496bf97c1e0e9b6e1445e0b95100f7cda1c5daf8d8b74c5c876234b7c12d04d,exhaustive
503,descended,374,374,763,8304,374,0,True,True,True,3018,3188,3188,3018,3016,ec9d2acfa908d9f62898f901d5913f1d4672a03a661a5b2f4cecf3bb07ee1de2,0d14dabd548fec0f74f05f6bc5c87979c78d8cf92e20ddd61e9d2db1e7cb964f,exhaustive
505,descended,346,346,720,8336,346,0,True,True,True,3030,3201,3201,3029,3032,42fd3bdc7f4d2524e90cbaffe15546c0782ceb6f4b88e0e23b9941545c2d0d2c,fe4292ecf0101212ff04c38b322c9fea29ad1dab5c4c4960ed381e03e71b000a,exhaustive
507,descended,416,416,834,8368,416,0,True,True,True,3042,3213,3215,3039,3046,380149f2c84fd1c42a6128b688cc6ef02a024399068fc8eac75ec5449a4ca16d,8c8dcbbaa8abcf4dfe127958c28f4a6f0daefb86ea4798c35628442f12e0a9fa,exhaustive
509,descended,396,396,800,8400,396,0,True,True,True,3054,3226,3226,3054,3053,d46822252a54fba0a3fa5da379b2fb3aab0522b19c16b0ffbf4299a41df1240b,5e87b31c90e0add11c07d232dc601e3b5908bf71434e6a37334fe31acfea70cc,exhaustive
511,descended,395,395,800,8432,395,0,True,True,True,3066,3239,3239,3065,3067,bc09086c77cd20981ce9bf6cd2bddcd50f540ee9009eb48794c210d1d4b693b3,1a9a612a800c69bcc7cf15c26717d162452a8e26abba456c280ce9d30e2fefab,exhaustive
513,descended,399,399,806,8464,399,0,True,True,True,3078,3251,3251,3078,3076,a8b7a3301310631ddec4315ccf2dda66c69ca5d5280508620fcbe87152e9802a,8ec22b2daa5b9e5a707e2745be82351eaa53c28708422e893a666815fb667f5c,exhaustive
515,descended,370,370,768,8496,370,0,True,True,True,3090,3264,3265,3083,3092,6e2a7572cce64d7cd21b0837a801feebca5116e55c902b4a4e76a8a48e7457c5,31f3e765b12c0bee9355b891ec1a00484efcc61fd75c2d299a4637bd4c52511c,exhaustive
517,descended,330,330,699,8528,330,0,True,True,True,3102,3277,3277,3101,3100,710c03dca374bfdc3d4e886cf5e19826da13048cf982a028bf816cd0cbe94e7b,88f33d0895fa4c1f370360dc5ae5818dcfa919e900dfa120bb91992de0a22eeb,exhaustive
519,descended,466,466,916,8560,466,0,True,True,True,3114,3289,3289,3112,3112,52ddca2bc58cd7f8ce0344a5149c2df3b81efdec9d7ce9f9eb6ac3775b5da8c0,f8426169510ce96c6eeda252ffcfcc1bced7d4e37eed51ef7b6262bdf0b77336,exhaustive
521,descended,395,395,804,8592,395,0,True,True,True,3126,3302,3302,3124,3125,bf332d907e59f55576bb225a2d4fadf57d01a8fff2ab43156dbf99314e7bcd24,2f9e72537501d96091c5c9c3875b84d988c2033875478e23b5e649350c2b3861,exhaustive
523,descended,381,381,784,8624,381,0,True,True,True,3138,3315,3316,3135,3136,494024aa2f27cd98cf9e6468e87b91f3e82d7f608ad256427c6573650e31cc95,190699860a64b0abb964c4c361675b65b5a34795c41779e3cae10db8a85cf647,exhaustive
525,descended,355,355,742,8656,355,0,True,True,True,3150,3328,3328,3148,3149,670af2fede925660a360bdecdcdd07a8756250f588605df393df8ad9b00bf0c4,f3cdb06305e40f06458f25e1c696ca1ecab13d6bd690e30d1999d77f5aa8a554,exhaustive
527,descended,431,431,862,8688,431,0,True,True,True,3162,3340,3340,3161,3158,9196be3d64bba106ccf1fe695ee8c7b6775f9d66208cc6f6de501d3c3be7aadf,d43ed5753756acf07049c52f920d4e8b775839d4ea9ad59731c1eab849885b3e,exhaustive
529,descended,372,372,770,8720,372,0,True,True,True,3174,3353,3354,3172,3175,631cb477e8f94412dce7c4e20d6ab9a7bb6fa90168734d3765c81dcf1efc2d7e,679c9f1c9c3efcbda687888ca2125b9baa5ac76a570480a27a7a1370ca1f96f1,exhaustive
531,descended,311,311,673,8752,311,0,True,True,True,3186,3366,3366,3185,3187,7dff79b8252ef36b1ae72efdf36a3fea5e6f3886ed75e374e53935f8318f4c99,961b7aed3ea3c3ebdc0a00f90d874c2f3e2aa428d0077f53cc821039e9afae04,exhaustive
533,descended,361,361,754,8784,361,0,True,True,True,3198,3378,3378,3196,3199,903084de10ec92a09b649d233ba14d3a66a22c23adfd87c8124be9ae98ee75dd,66fb9604e8045f91fd044e237fadc613eefb4c1e1b8101172fb7a2bae54a74c2,exhaustive
535,descended,278,278,624,8816,278,0,True,True,True,3210,3391,3391,3208,3208,411cd5325b548c035cbc6ccbea4ef1e65200381749c0d25445d0483eefc42c36,178a7591dd325973b3f3bec1f9d2f4c18d7e515bfa2b76b1bb159189a4f1f48e,exhaustive
537,descended,426,426,857,8848,426,0,True,True,True,3222,3404,3404,3222,3224,094266addb1522f807c90f5e9b07b98c08477cd709aa0196c7e61e50b04b9a01,45885c050c483a3e3c1e9601829b702f95840fc125688d81ef1b2c5ee45c7c40,exhaustive
539,descended,388,388,798,8880,388,0,True,True,True,3234,3416,3418,3233,3237,605cf730dd41b83a0def699eda0340911935cdafbd10ce472e9567be0883f479,2d61d24e381721d472a202bd61659200024e26a5c1e76f60e35ae911cd56c391,exhaustive
541,descended,490,490,960,8912,490,0,True,True,True,3246,3429,3429,3246,3246,266297a49b77a6494fc734e3158258258f10b2f6b030751f3e97ca3c44bac1c7,314af87d9a3a58568368a2e9055ad491ae4f397552a749fb1efbfde4b51f543a,exhaustive
543,descended,458,458,911,8944,458,0,True,True,True,3258,3442,3442,3257,3253,8753dd8544c1925f37be4805a2bbd59c17dd61c9d806d17827cbbb557956fcc3,fcf2b9fb0d5d9dd71cd6bc6fc030cebfa441aa993fb08a8409c6c626cff72663,exhaustive
545,descended,444,444,890,8976,444,0,True,True,True,3270,3454,3454,3268,3269,17de6330494f8ef897a36aaead01925b852d6e902ea3f021b373b5cf96f24e57,45fd594b87e8f005c9c7427148d4442303297efc9d0721ed89a3239132c8a910,exhaustive
547,descended,350,350,740,9008,350,0,True,True,True,3282,3467,3467,3282,3281,f492a5e84cc4f2d2d88902315a1d74e43f14a276938bc2df8ee74ad14375bcb5,3dcfd687f5d7acc3742a6da00e00ae0c13e7b42b01087cf391cd95d209f4ad94,exhaustive
549,descended,439,439,886,9040,439,0,True,True,True,3294,3480,3480,3289,3295,204df8b2d9449108c58accd456b90433885da39d69169c14e8a714e31ba6dec7,7836f00046a513b1a972c5538034515a8e3364c674f4d4e77d4d8d0aff68ad19,exhaustive
551,descended,432,432,872,9072,432,0,True,True,True,3306,3492,3492,3305,3306,3a05374b75a5e385a10067e574f069c852901f807d2d942befc63bd7b1c8d2d6,69a86d184de90dd0bf02e54151da6961c5930f8d1584e4529e99943900ce554f,exhaustive
553,descended,364,364,765,9104,364,0,True,True,True,3318,3505,3505,3317,3314,3d49447a82d96a1447b1cb7d0a21fbc80853b3fd0bbb071598424f10092a1cbd,bbfee6440ff0794dce0ded243a30d8595620291dd4bc80c604c16d06e76ef800,exhaustive
555,descended,535,535,1037,9136,535,0,True,True,True,3330,3518,3521,3329,3333,b652f30184615c3dc9345f9977f451d51d9f454d903373e7da95d26620a035ab,73bad4b9b6bfc77ed65384e93ede75f3cc755b50c022c01656a813506d912209,exhaustive|prescribed_growth_prefix
557,descended,508,508,994,9168,508,0,True,True,True,3342,3530,3530,3342,3337,7a9867f9aec5ec7565d3e74f171a3cf9ee428d0c76b5c80c28cefeacf167c455,8eb78fb37bcfbdbd237e340448627dc6b25e79ac1c046278a03930b61c17ff01,exhaustive
559,descended,372,372,779,9200,372,0,True,True,True,3354,3543,3544,3354,3351,a58c989e7fd5b1e6ffa53e8132d666bb5080fe0a2ae1439adb3c531f37108244,d935841d6d21e87c13af4445112a0140874d349078b1a7c2e85691a6a77bc193,exhaustive
561,descended,345,345,737,9232,345,0,True,True,True,3366,3556,3556,3366,3368,50640f9552968fa70a84b19ad7cdd784fe184e8f4d07af805282b2abd812c7b3,3868b63a6fb44a25d29c6abc65a9d75ba391eebb31afa252f1c439bbf3d39521,exhaustive
563,descended,477,477,947,9264,477,0,True,True,True,3378,3568,3569,3377,3381,43e7b76efd090491c5f8f0310dce3314adccd18666a7041245ad70869947b8ea,b5ed73b10d39208bf17c4b87fdcee481245d2394b581791099ba7308f60008a1,exhaustive
565,descended,386,386,806,9296,386,0,True,True,True,3390,3581,3581,3387,3387,dc5fe7a15a389054be49f1fbc389e5c5813f98c7168fa7ad535fd232de0a1830,dc416d27faa12506584441d23b5b6b1dca9e3f8847a70ed8432bf6df5d694995,exhaustive
567,descended,501,501,986,9328,501,0,True,True,True,3402,3594,3594,3402,3400,beec52e0b649b11f9f53f8249e661b9a2f05b8ce5607681fb782d6f72c879a1b,108f734f80975f3bf3d75ead216f9925c3e36e9c64f5659a35372b78d697b082,exhaustive
569,descended,384,384,802,9360,384,0,True,True,True,3414,3606,3606,3413,3413,2d87117b8c917edebd909793639d54abccfb25c61168dbd93249007ba0468156,6dbe983392a2b6bbf4a628a1dff14b5544f64167f321eb9e621f3b06a2465b90,exhaustive
571,descended,442,442,895,9392,442,0,True,True,True,3426,3619,3620,3425,3423,3c321ddc008806c654ce24c0aac310ce594e4dbf8afd6194a94d13f09eefe3cc,b618324e83637bf0ee90ec0e975b26a964857d7fcf1fb060c91dc6890b0e65c3,exhaustive
573,descended,401,401,830,9424,401,0,True,True,True,3438,3632,3632,3437,3439,93bd8d7cc9db59961347a89e7ff579ce7deead3a109f443e5146dc73ead5f45d,5728d81a21fff9d7a49932174cf141395caa932c725a06a4211b3837e820e5f5,exhaustive
575,descended,514,514,1011,9456,514,0,True,True,True,3450,3644,3644,3448,3449,4f3633d7e8cd3cd0f0a3a93922151700662349b8be56d3ef2a5dffb2828f83d9,18b26d708ea465dbb1c26ce46519121a19cb3647ea4ca4e67b439d3a9f820bc5,exhaustive
577,descended,450,450,909,9488,450,0,True,True,True,3462,3657,3657,3461,3463,51b55dec8dc94756dcc10c2996be4d788a6fd50de0a7ce49b2f98bad1ec41247,23f4ce46762b03b3bbf3bd2994d52a7b8bb2879742cf39b3d5b5de98195cf89b,exhaustive
579,descended,541,541,1057,9520,541,0,True,True,True,3474,3670,3670,3470,3475,3431e0a1cc1eb8d7a24be2e1e1b810f9a1da94addf783553ec126b5f121cb66d,9fd5f533172efec65be70bb23ceb6e77f44e64615cc00c7a8060188d63436435,exhaustive
581,descended,538,538,1050,9552,538,0,True,True,True,3486,3683,3683,3485,3485,2fe03ed4cc002357dec9d53f6cb85af1d7fe6c6033d87e96d7514c54c555d9d4,38e912fc67229ea6053556ae073da4c9a1bdf04289e33d4158b4f99ab2be349c,exhaustive
583,descended,372,372,788,9584,372,0,True,True,True,3498,3695,3695,3497,3500,d1e4d61f86f4e24f38323f3afb7f7afd80fca9f6fb286fdc3a6c94fe672aa9ad,4bc65127b836ccfedc031bce661992ff6608553fdfa8912fe0347e965d025b3a,exhaustive
585,descended,500,500,992,9616,500,0,True,True,True,3510,3708,3708,3508,3509,065d29ffd4443d2f0882d805c9e4025e943e64c8b4de4170cec8e6973ee9f959,afb0e9297087db0fdac034a7c570429d2fefc132dadd4e69374718366889e014,exhaustive
587,descended,591,591,1136,9648,591,0,True,True,True,3522,3721,3722,3521,3519,e2955d1873eae35244df1aec8e7beb373a60b8ebda77d9f8cad464fb8c2720e8,92cd75e2426d73e5ac12bb585f89974e64ec07bb72c0ccec9407dbf080c90b6c,exhaustive
589,descended,429,429,880,9680,429,0,True,True,True,3534,3733,3733,3533,3533,d04e106b057ff39581245e8b06d1ccb125f7828b9e9440ce0b29815e1c5f9307,e053fa178754d4d567b9176bae5a9c7a0b3930cdbc1924e03a896d04dd8f2a4f,exhaustive
591,descended,399,399,833,9712,399,0,True,True,True,3546,3746,3746,3545,3544,62d3810d246cdc865e597caaacb6dd96002d6fa8cb7b9107b6e4b2303e6d8d8a,376c3849589aa289711d172b1cd0e3661a290f8b85e4e8ac5a48bf7ed2deddbe,exhaustive
593,descended,506,506,1003,9744,506,0,True,True,True,3558,3759,3759,3558,3557,566b3decf7a4c0e1687a39f8a1ca86a3346c7e185f24a17902229561e282c121,fbf2099051aba1199209cce42f71dc37d1e9d7eaef8edad2895944c7ccd9c3aa,exhaustive
595,descended,490,490,979,9776,490,0,True,True,True,3570,3771,3771,3569,3572,915950df8adacbc5b5cd7734d6e1b5a84ceb83b108f88b47f7599c684feba34e,9fc3407466d5df7fc465217fd370f29ecd5a057efeead322354998d6b3ee9be9,exhaustive
597,descended,487,487,974,9808,487,0,True,True,True,3582,3784,3784,3582,3581,20bdd1bc44b7e6e0d0d7405812cedb77c5dd4be7fb21e6d7379985258b766795,f601710c8bbd331e5d92783b744548c639ab8cfb73d569a3a0a956480f70eb84,exhaustive
599,descended,414,414,860,9840,414,0,True,True,True,3594,3797,3797,3593,3595,d49e5ab9bd3e4a3b9d4558e9d0fba75995a0cf5ac50512502c62549e4d5a5f05,a38102e183105314fb358c348bcdac2267636f22a7f43c9f7bf6dbc43a34fbc7,exhaustive
601,descended,390,390,829,9872,390,0,True,True,True,3606,3809,3809,3598,3603,05bd116b01338a9b23d6c92de9e8dfca04b9f31facd99df54dd79b7c5d493e1e,1b7ab8ebf18836bf67a61fbf500ab5f3981f7bda06b787154565e6a1c56026d5,exhaustive
603,descended,398,398,835,9904,398,0,True,True,True,3618,3822,3823,3618,3619,07dfa94f8834f8f027437aab01242fbbec3650121fa4b72ee83af63494b1899c,7d39c30e0741c24c84bb01e1adfefd064cfd0825950cb8455e1b80adc9b21400,exhaustive
605,descended,377,377,803,9936,377,0,True,True,True,3630,3835,3835,3629,3631,8ed094c8992c4561d073833e601caecac95a5c752ab5d73a5181f9d232e6e909,57c70af2f8fd19a565c3709cd0683576f7cc4a4889c5ba024b23dd937797c2d3,exhaustive
607,descended,488,488,979,9968,488,0,True,True,True,3642,3847,3847,3642,3640,c3894e6a5be62e2b28640bc26d4f8eb8dda0c8a6dfc70c7d6a7ff0470e5d7d19,52dce0a5cd1b8c3493119558e36cd7d3dc81040ca5b22e28a4048d0c00ade518,exhaustive
609,descended,451,451,922,10000,451,0,True,True,True,3654,3860,3860,3653,3656,fc0ced6372d7332e2cf7f16f5301eae0b2160abd43f59503f76b1dadb350721b,ab62db9b7bc04a228cd8c151a4ce1b360aebe2c411196fcc33947754bed0d284,exhaustive
611,descended,549,549,1077,10032,549,0,True,True,True,3666,3873,3873,3666,3667,46d1cc0f95088865fc5a6bec8a3cf7839504ca1587000c01703586c1a4138880,0b4bba02a551bf554cd7528bf4907ef23063002628360fe3585f652027367f93,exhaustive
613,descended,520,520,1032,10064,520,0,True,True,True,3678,3885,3885,3678,3679,0614eec92ba6e97dfa55233ae2de1969faaa4c1aa39faa3596ae906de48ddd81,4b8a06edf2297e7db53ea5dfe9ab04e6af0719a679ad602a74dcfaee06e97e50,exhaustive
615,descended,497,497,996,10096,497,0,True,True,True,3690,3898,3898,3690,3688,f2176d5f585c416f42f3834e9bc57c0fdb3f9bd291e8dba7c0c90b119801f086,cc589547c76d1714c96a5db10f9604da7162981b30a8fa5b9318be77566ec37c,exhaustive
617,descended,474,474,961,10128,474,0,True,True,True,3702,3911,3911,3701,3703,85ee50ac95c824f8e8a134b65eef7880de9af202030e054ecfeceeb7c20c6206,592ee9e9fdfeedb59770fd7969a33b1faf4a5911c553fe8b01bbb9b467939574,exhaustive
619,descended,608,608,1174,10160,608,0,True,True,True,3714,3923,3925,3713,3713,1111a98f43e7a8af77e285aa55920213a2f5c8443c3453b80c96932528b00360,b1c6ae91e673be537b4090f32b13e8cb604175280c4e38560327dacd71999086,exhaustive
621,descended,425,425,888,10192,425,0,True,True,True,3726,3936,3936,3722,3725,ac4a38c989f6fffeab0fd123b6ead8ce7cf5e495f28c2f0403fd6df27aade6eb,681e4ce6a26983c6957de8f837776aa759a95381b01139671f90ee824755fe30,exhaustive
623,descended,570,570,1115,10224,570,0,True,True,True,3738,3949,3949,3737,3740,e57edef6985d59e2c693f27705a3002ac1cefc1b73999eac1274ccbdfe1d4ace,2b95e99ae4e261ae02c645bb6ccb508e941233b19e26e6d4862d13b25c13ba73,exhaustive
625,descended,549,549,1083,10256,549,0,True,True,True,3750,3961,3961,3749,3752,906307faded1e169a789a46e1325c388c47041ab29ada9132b7256b2f5e4bf2d,b2a023ecbd84c0cf941e09d8087c1a17104faa4c9712e92178622a2c803cfdcb,exhaustive
627,descended,474,474,965,10288,474,0,True,True,True,3762,3974,3974,3760,3767,e27823128c27be3aff1449d498aa05a3de37245a261ed6eb4680259ebb8baabc,4716d2ee2b59613f11d26b7332d2511d727eacd41ba164fbb83a600b288d6539,exhaustive
629,descended,457,457,938,10320,457,0,True,True,True,3774,3987,3987,3773,3775,3280ad2d49f83171df47128c154e05a4ef51fd438f150964475866488b066709,fbb2a8bd5e7200a5d5f8385caf59f94cc61b76d19df8189ad1702a255c9d3779,exhaustive
631,descended,544,544,1076,10352,544,0,True,True,True,3786,4000,4000,3786,3781,43f91f25aff0ee7a61b41e2fda9db75c85a2b3f80e724b713c4ffb23cfb47f0a,e59736b7c84857f3b0609f06d49b3ea88784d199d048fab5a1dc2a111a9cc93b,exhaustive
633,descended,481,481,977,10384,481,0,True,True,True,3798,4012,4012,3798,3799,13fe939ed4a47321050ccaf40759bff52922af3bd1fd86c6988b2fc4ea4ffcb6,bc3a2a923807dd5f1afadeb493b202aaf9d689ed86f9ea52e1e2cff341ab22e6,exhaustive
635,descended,440,440,914,10416,440,0,True,True,True,3810,4025,4031,3808,3811,3cfef5547fabdca5e1cdd4704b2b8fbbf8155ab81695fc16d18ab961ceb12fd3,800a4fc83217cb7fd540bef38a2595e39d73ba32b41440060222eca684280b3e,exhaustive
637,descended,401,401,852,10448,401,0,True,True,True,3822,4038,4038,3821,3821,a46f9141f073188185eb06e1e1e6a471e1a08606e11535973fea84dfa1f73a12,84623f8f7e5303bb7fbf9e35cddb9f883ac0d5ebd6d469b9ef1194afbc55f304,exhaustive
639,descended,464,464,953,10480,464,0,True,True,True,3834,4050,4050,3833,3836,51426607a3fb47d94cee64ddbefdd904aaae07ef638fb7140e9c12fc629df4f8,34a155befe0b3043f93faa9f17aa155f013641c5049a7241b06365f36b5c761b,exhaustive
641,descended,514,514,1032,10512,514,0,True,True,True,3846,4063,4063,3846,3845,4025be089e5e97fe70a89f46049a1b3f20d3b2054984a2dcb4490dbd9a0724df,bede80ad306f48447b948546101a39cff6e1224d44b17c55cf4c4a042cce1055,exhaustive
643,descended,445,445,925,10544,445,0,True,True,True,3858,4076,4078,3856,3856,a25c23a57faf24cfe11523f72f0742290977039cdfb6d177738ca614bf14039f,88499ff5289f13850bee8123b78e06d03e0974f8e8ef89c944c0e7beecb157ee,exhaustive
645,descended,418,418,882,10576,418,0,True,True,True,3870,4088,4088,3869,3868,0c38e741fca69db610ca80e4a13d0b78b94e657788403d7a0f927077306a1998,c6227a40eb55459516f253d049dd27f7a85830228b8166f2eeece477401a0c37,exhaustive
647,descended,661,661,1267,10608,661,0,True,True,True,3882,4101,4101,3882,3880,33e8a410d80156a11b53ae8346d560711a7ee90cf3a0ba14f6742127e66b9749,8305055e8c35831ecb598c692df3707137dbe188b1d94e2f3d7dfbbd8d253f31,exhaustive
649,descended,690,690,1314,10640,690,0,True,True,True,3894,4114,4114,3893,3888,edb25984f725dc6fea5964aa842a7f8806593abc96d7be2c4284b51ddbc15105,f87563d5e416bf584d2290b3cf295f194427ca722a040b91bdb0c9900445c74f,exhaustive
651,descended,574,574,1131,10672,574,0,True,True,True,3906,4126,4129,3905,3899,1bc2bd9367710f11a48c37a8c34983ce001479912d3eb67880cfd9db00ccd5f0,fb7fc1bab49f9128fdec431c78a05659aa4350fbb2f3ae530f0c537bac9e0c22,exhaustive
653,descended,622,622,1207,10704,622,0,True,True,True,3918,4139,4139,3918,3916,ab288376aaf53e41f1546d78590ce669ad813b5f41c2519fecb196aa41258ab7,c91ab5eb7dc1689c9614b2c8715abeefea6ddb24b87176870f7bea4a5895dd00,exhaustive
655,descended,581,581,1143,10736,581,0,True,True,True,3930,4152,4152,3930,3933,f4e82cb259cdf27618a27b0266ce3e4626695157385ce42c26e5e9dd80dd7416,a00739d5262f880fc84ffb51159eaaf34d807533f236a3978e27721f5f687218,exhaustive
657,descended,499,499,1014,10768,499,0,True,True,True,3942,4164,4168,3941,3943,4a5aeb3c11e8500e0c3f647b12589260469f1c82ec3ba87c127d19776f1ef0c1,e0e0c24106d65228c948d20d50d178ae6ede719dda5f1831c3725c5e044caa00,exhaustive
659,descended,612,612,1194,10800,612,0,True,True,True,3954,4177,4177,3953,3952,fc745149875cdd128c56c5e6d01f74e646840b35975808c49faeb0f4d83293fe,3fb52d9ec20177df9daebbbbdc77acb92270af1661ff4b923659636d69596ffa,exhaustive
661,descended,549,549,1094,10832,549,0,True,True,True,3966,4190,4190,3966,3966,19bb4ca2907c883ea95c3d7d7bbf5cba6e259da00efa40a8816744ee94dc6ff3,fafda14f3deae6b127703af5ea0ce46b4aac4730e527ccede2ac028a92f03363,exhaustive
663,descended,453,453,943,10864,453,0,True,True,True,3978,4202,4202,3977,3976,706806569de7eb163c7642363da0b89a7b79ead4600743d579a84b30c61f0d6c,3df706bac9da332003d007c6dbf51e2e1ccfeb1d14e947cc532228c48e2cd874,exhaustive
665,descended,401,401,862,10896,401,0,True,True,True,3990,4215,4217,3989,3989,31d71206290e95e442fffbe1f2120b9eaf46ae53a5472d59fda5a16a7a2dd8dc,8f91a4182025a748dbdb630b6da4bf4f6fa13a87138a1e84b012590f12349382,exhaustive
667,descended,537,537,1078,10928,537,0,True,True,True,4002,4228,4229,4001,4006,70a19870fb238de0df94a3ef7295a4783715857207e1d731bcdc504f51d3a388,bdb4d0a97b748ae72c7c707471c325711c7dc66608205f02852e33fc49db508d,exhaustive
669,descended,643,643,1246,10960,643,0,True,True,True,4014,4240,4245,4014,4016,bb28c6d16b422b237f00ec50550c3fd2de27b448ebfd61958f153a17b4f27b11,b136c295fe4fc4f5cb0bfbcf46e4a1963e305d7b3689401881b687c9ac1b3195,exhaustive
671,descended,593,593,1170,10992,593,0,True,True,True,4026,4253,4253,4023,4025,fb2c210a390139bf6c355f5b3bd9e68da726bb1e73bbc9ca35dee29e3cccd59c,2631014981b07daf6e9d2c30777336af2b5c492db695ac870deb482f282973aa,exhaustive
673,descended,645,645,1252,11024,645,0,True,True,True,4038,4266,4266,4036,4037,92d4df2a0daeb59f272fe756395d51718a9aa8957ba796308bd13368567fce79,754d3c600b209d6ec6f431c5da90dc8afd046d44f87fd8b19bf6b2abc615d80f,exhaustive
675,descended,625,625,1220,11056,625,0,True,True,True,4050,4278,4279,4049,4051,cdcb809538d56a614a99aef37ff166925b62d01d5ba98eeb98904caf95c90dee,bde22fee513713eedfa47e6975043f2196cbdf3dafd738b1a4a0736d7e6b4afd,exhaustive
677,descended,599,599,1180,11088,599,0,True,True,True,4062,4291,4291,4061,4057,4481af32872925dedd1358ba9a97de2aa0f2cb33b2e7320897d931066c254838,50216d7786ca0fbb5d06cb97dafbe16de68086d5a6051c3fc27ebedb3b5922c6,exhaustive
679,descended,547,547,1097,11120,547,0,True,True,True,4074,4304,4304,4074,4072,685245f0b147ae1fb3d7c19300123ff9e11bfcf11ee6af48c9487dcbbaccd400,0818b1cf19763e7d62fd879e0ff313a8918b7c2372048eef41315e2e94eb7b21,exhaustive
681,descended,734,734,1395,11152,734,0,True,True,True,4086,4317,4317,4085,4084,2e0103085f270b251ae203f144c97848fd96b0138666bd42686a4fa59f79382c,7b78e92ecb77193f6371f13cdb8138fdc3cd75e8c61fe96054db5bcb6e105417,exhaustive
683,descended,690,690,1325,11184,690,0,True,True,True,4098,4329,4332,4098,4100,d55a3c92081652f4bc61df76e185b0f5ec2c9f43385a2360fda9bc0c7fa4482f,3e696e8e1c0acdd7719cc37768b2901401e6495a4793d987dcf453a338ea04e1,exhaustive
685,descended,587,587,1163,11216,587,0,True,True,True,4110,4342,4344,4109,4109,08fb21946eeb577c2ad7596d4fbba0f99a2aed8078e6b685e533386ea3a71871,9c36b3292bb6a86136baff242faaae8c864d9c541dd710a81c4b9fb41c2fcd1c,exhaustive
687,descended,500,500,1026,11248,500,0,True,True,True,4122,4355,4357,4121,4121,354b82ed7c4f7fdce4ec497018096ec2ea17a676bc0c394a84798f363c4e4ca8,a096c66d539fd9b8b3b7a8314ff22b1c61e4e65bb238a450bcc6180f0e4c5462,exhaustive
689,descended,635,635,1240,11280,635,0,True,True,True,4134,4367,4367,4134,4134,04c8f626a860cb8bdf0c5755f3a450ff9758da12060b5478abcfdd2d4fe2ad4b,31c38b3a0e8b8588ab30b91ebc4d914ec220b02041675cec1aef7ab138499b25,exhaustive
691,descended,450,450,949,11312,450,0,True,True,True,4146,4380,4380,4144,4145,8afc45c6d62354c2cb404b82ae32195cf280270bbc035370785e82e122bfcd7a,04dd2a1a122cfb678431bc9365c3b17e5e45c499d428eb4d59aaabadd80cb9c6,exhaustive
693,descended,572,572,1142,11344,572,0,True,True,True,4158,4393,4393,4157,4157,abf483351a099b5bfc5cd4b9e9ca902ca1e10e2f6ac4e62b2bb400b44b9beeda,488d59a5863e87db170fc9f2bad8a43f45dc620d88625ae9042f59cfae37cc35,exhaustive
695,descended,525,525,1070,11376,525,0,True,True,True,4170,4405,4407,4167,4171,2adaab0837b935ce5f79a7b47ee435989ac986da47d388f8aad0219fbca8394d,446b33dc698ac7d39f328d6df0e1ab0e7d1153fa3ccd7e3dd6ff9275c46c6483,exhaustive
697,descended,706,706,1356,11408,706,0,True,True,True,4182,4418,4418,4181,4181,1de37db326c2b1415d0ad38502c8f0571119882b4f9452e457f2b7891c0688cc,d4df4c958134a0d6895346669d7edc2712ab547f783deca58da9a40f75b148ef,exhaustive
699,descended,579,579,1155,11440,579,0,True,True,True,4194,4431,4434,4193,4189,582ca4e79812d17f0446d5a3ab3ef21455f0a45bdb3b63da0180fc444a0d8ecc,1435cbb8a62d4030498361f74a15fa71edfe070f6ba8c8d96dd805086fc869b8,exhaustive
701,descended,534,534,1088,11472,534,0,True,True,True,4206,4443,4443,4202,4206,632e6c271d342ded5cd2f003deea49e47bc15916aad36b73322aba3ab8ec4e63,dfc83c64621fec7bf9dfb3b911424a06b61a21b2ad76218a0f59829eb8f5f530,exhaustive
703,descended,509,509,1045,11504,509,0,True,True,True,4218,4456,4458,4218,4215,d2b42e1c0a085200fafb55f13e3f698d78fb4d42401d844198de61ab4b9d0f63,cf5decf334d8f5d24d151533041a1601bbd4109e2634640c81156f32e5ebf6d8,exhaustive
705,descended,755,755,1439,11536,755,0,True,True,True,4230,4469,4470,4226,4231,d84322cf3e246eb1a62252b9fb6d0c1d3e766c3afa18b10160c8214fca44def2,dcf9dce26d63f0298d240c00b7a3a0d866a9efde47bb9ad0ccaa54a9feac27ae,exhaustive
707,descended,684,684,1324,11568,684,0,True,True,True,4242,4481,4482,4241,4248,14246c1de5621d85beba3da16d3870756f1740dd1448adf96cbd5edca99d6f3f,81066facd3a9971e55a041708dae32adcee03488b8ae3a23f1c85901f79625c1,exhaustive
709,descended,635,635,1247,11600,635,0,True,True,True,4254,4494,4494,4253,4254,24a9c58ebf2d09ab391c16588b6db6991cde38f7d6b70abde17ffef57e03e536,f59d08d79e5f052e3087036d6d89756f45359f1dafaa00d21309ff822ddedade,exhaustive
711,descended,404,404,883,11632,404,0,True,True,True,4266,4507,4507,4264,4269,9ece8e9dd8f081e9e4d01d75804266ba346b57a53dce1e46aeea15ffdb248679,5eb47cea3dfbd17683ef3cc8b0f314e05b0aee35b9efd5395c3527b00c0df353,exhaustive
713,descended,515,515,1058,11664,515,0,True,True,True,4278,4519,4519,4278,4281,d971cd6ea2553f95d6a6a62a49d085bbacf2872710bfc73ca3b81d62b834915c,1b60080b0ed3bd164749e0a5af3e52eb1f789e2ba1e74a13aa0d8adc97ec8a59,exhaustive
715,descended,487,487,1015,11696,487,0,True,True,True,4290,4532,4533,4289,4291,b5fa5fbca1b0af80a3c819b6b27b0e278f55789db77e6ef03ee63c8ee3027baf,c1810eaf2b16ed38bb002d0c9b7c35e46c8d7de9fb6a79e0e3ebeaecd4d7c3b2,exhaustive
717,descended,424,424,915,11728,424,0,True,True,True,4302,4545,4545,4302,4304,710082d8106751ceb6dee230b7f407f6f5385f5a7227e23811814c0fdc8271b7,4c153ecdd454897280128e4fa7cb85374c67cf314d95547329b3285076d33d12,exhaustive
719,descended,604,604,1201,11760,604,0,True,True,True,4314,4557,4559,4314,4311,b2b2fdf02caa3b6c73c81de9f360e95d8771e2d0bf35c8b713a822a7b8b7841b,8488558e2ea912db118f481d3766f43ae9a94a26bf6b13930fa208e16dc8ec7b,exhaustive
721,descended,520,520,1070,11792,520,0,True,True,True,4326,4570,4570,4324,4323,6aacf90cfff8af97829526f323175b20cc4b2b765ac934b0f331463d3de01941,5a6a8419f262dc11dd7be962d4e063ae8c2eb03a337c2004755193c108d67c54,exhaustive
723,descended,550,550,1117,11824,550,0,True,True,True,4338,4583,4583,4338,4340,39a3a1ef5df6d837066f4f361193a4683a5458f18e91b2acb200343a4b9337d5,5542c83c73b0a1149997ed7c6d07f735fbc6ba6b7fbe18f5f12424d5ec9ea6b2,exhaustive
725,descended,528,528,1086,11856,528,0,True,True,True,4350,4595,4595,4346,4352,ac18f2f2a44bf30bf5b716f3049683fdb62c1028d46d37937e8ebf0e8d6cafdf,54666658fb855d9132d68f6256016825894977909ba01fc8a969175800365f1c,exhaustive
727,descended,615,615,1221,11888,615,0,True,True,True,4362,4608,4608,4362,4360,603217696b11d0e7a85111c3de1af496e061735f5725eda424f7eae47a5b33a9,95c37919a071fba7e24dd2db8b162527a0338494aca6952fddc868340a2a4360,exhaustive
729,descended,612,612,1219,11920,612,0,True,True,True,4374,4621,4621,4372,4373,b4c4fb4441a85499bfa080fa57b1703f45ed833b1126b4a454634fd8237f87ed,21775d06f25c12c715eefec07fa5d052bb80601e4dc589172dfaa56fe4328672,exhaustive
731,descended,583,583,1172,11952,583,0,True,True,True,4386,4634,4634,4386,4381,e8492d1ea67e77a6d7472cb65bee196002a642d4abfba60cf457a67d0fcc68cf,cd079806beed1ec325ded69590b958031dd18042ddf85bfc0079789b62f6976e,exhaustive
733,descended,631,631,1249,11984,631,0,True,True,True,4398,4646,4646,4397,4395,4a687a451fd8edc3ef19757ea4da2dffad3df6c4dffa81c6729894cd3a53cf8a,7477e29c852b9f0df6f6b4e2cff3ecb66ae4ee9c45823f449930d48b85522217,exhaustive
735,descended,557,557,1138,12016,557,0,True,True,True,4410,4659,4659,4404,4407,aec0b244c9e9a67e2773434aa143b9cb95dd52a1e72440dbb599ae24c6c73ec1,0751b888a5534ed77d792c5eeac8602fadf07b1b2bca7e7b0451ab01cb571810,exhaustive
737,descended,538,538,1105,12048,538,0,True,True,True,4422,4672,4672,4419,4421,47914f16b07c19b3ff73409f0767a2f07b3cb2d7b6d991b84f7d7f81741d8b43,33b5a23cc416bda0e348e7c6046762c973b5a48f07e2eebdf0a2c664f7c17ca8,exhaustive
739,descended,577,577,1165,12080,577,0,True,True,True,4434,4684,4684,4434,4434,e3e8abdaf6a0a86576d4381c7bd1fc9d745868081431f1f14ab976dca954582f,b8ab3e4e86d47df8c80bed227b6c5cad3f5039a3f2b28d5be7b4596b5dafc1d9,exhaustive
741,descended,459,459,983,12112,459,0,True,True,True,4446,4697,4699,4441,4444,74ae2a1d92d3274041db17d6788dafc3ee341bdd61f3a73fd813f897d91dfad9,4b9330c8b0e9ee377c671adc1f38dd4d8b21545a3ecfc5babe423ef4bed4641f,exhaustive
743,descended,734,734,1416,12144,734,0,True,True,True,4458,4710,4710,4457,4456,77f10587cbe08361aaad9eb2ca39a94d7af856cfff7764aa86bfcb53c494bd88,1559165cc01972dbbdfc8f4648a0a02c0459c182bc72ae58cccdfe9f2e465b38,exhaustive
745,descended,686,686,1342,12176,686,0,True,True,True,4470,4722,4722,4468,4465,f4b1519605818b6cfc7ae8643bce827fdd0ebed5f13e721836cc58b832db8b3e,2e58e4a66e9306a8d859c70d930e6c75bd2a8e6ef094973ca2f9f8f736c38292,exhaustive
747,descended,637,637,1264,12208,637,0,True,True,True,4482,4735,4737,4481,4478,690ec5db9dbc0aa5c292f5602d5cf1aefcd51f2b580e5e06a1bc62ff77af74f6,db5588e8e77e1c3de988c96da71bac29301177a47755b21a3cf1810ca167da46,exhaustive
749,descended,556,556,1135,12240,556,0,True,True,True,4494,4748,4748,4494,4498,5650b99444753ccf7025c475be83f84e7d59ba65b48af832fd66a810278b978e,8891510a5b4d5b760812cbdf5303e7c9026c14c371ace813b3a2cdfa6f94717d,exhaustive
751,descended,509,509,1063,12272,509,0,True,True,True,4506,4760,4761,4504,4505,2400fea815aaeefc4c13477335d36fa6df128b5be9487cb97abc8407d1df15af,224b2b6803e63888b382f332957b2f1a720305bbfa72f2727f9969ad3c0d0717,exhaustive
753,descended,859,859,1617,12304,859,0,True,True,True,4518,4773,4773,4517,4514,22e8fa486144fbd157003cf85ab8fff5ab2a78b183ee73e96f1c613edfb391ba,f841f8f06bac8e8f7600cc879a80ed02d8efdf6933edfabae96837c9188e723f,exhaustive
755,descended,816,816,1551,12336,816,0,True,True,True,4530,4786,4786,4528,4529,8f6e51d2e065588432cdaf37535f767435dfcfd517e010c61d88912b4bda8040,515bd1f564fa6d2686fbe8416624d96743614057858e615633d014958d15e043,exhaustive
757,descended,795,795,1517,12368,795,0,True,True,True,4542,4798,4798,4541,4542,cae84298f8938139a652e3fc02d6235618063ef2f7d1be0e8cd7e61a64be0db1,aba14046bd59c5f471665cbe7967b65baa903d46198c661fbb689fe3e9d6ac88,exhaustive
759,descended,698,698,1364,12400,698,0,True,True,True,4554,4811,4811,4553,4555,c028bdcd2640b143a536d5c57a35055c0e0a027ef7697afa7167888f1e6086db,ccc00114a7dc81b73fef2ac2b7651f440aa9f2abdf84f7c3e5e7b8d91f17201e,exhaustive
761,descended,672,672,1324,12432,672,0,True,True,True,4566,4824,4826,4565,4564,7fab3f60ed4dbc0b6f6a92e1f8e9c7a74a0d5ff4c91cd8f7559fce0824a9e0d2,0423df1d86f00e1179d7706166e13ea5d6f8316bf79e6260b25be589b18409cf,exhaustive
763,descended,624,624,1251,12464,624,0,True,True,True,4578,4836,4837,4574,4581,d7dfcbf43d2502623dba9192b1514d7601783269886727b14a16e9c11f35dbd2,c63c33079f48a438c9d323e3f2c54ea51e1392d428913586d7d6d5cdcf0b1a5c,exhaustive
765,descended,743,743,1437,12496,743,0,True,True,True,4590,4849,4849,4590,4587,71d16f2c51e9521f9f0ea75147e3c0c915ae87d60ec19a71c87d926689cde391,73b142ba576af8d34a5e565b51ff489ada809972802e38e297f09e6760c8197e,exhaustive
767,descended,513,513,1074,12528,513,0,True,True,True,4602,4862,4862,4601,4603,4011e13bb3e1927ff09a7b88ea5b5995ecda71e083bfdc90f87dbf7f31d7f4d3,78539c94f99a31a50b8e18ac972c565e9e1dfa1d5fc7161f849862c73c1010d1,exhaustive
769,descended,476,476,1018,12560,476,0,True,True,True,4614,4874,4874,4611,4618,91229a65f3a1830c40c126f636614c051ee0c2887e5caf1c306634b0e06adef8,ef78a08cfff2d043dd1da512a54faeee255a0a8644528800832a13f6069e61d1,exhaustive
771,descended,570,570,1166,12592,570,0,True,True,True,4626,4887,4891,4625,4626,76b577e11680f4814845d607bc065c14bfdccefab9ea0bd9adcc19263c29368b,a5f5a79c9993e3cbae06286c2541efd4b7167d178097e71397082c8fe234552a,exhaustive
773,descended,521,521,1089,12624,521,0,True,True,True,4638,4900,4900,4637,4637,dfa0a29837d0905ffc28107f7773a5c9baeff79cdc9313ad3e322d8724433354,ad7ac925deef04401a98339dcde278697e5f007b50b47b04737a804e1c404452,exhaustive
775,descended,581,581,1184,12656,581,0,True,True,True,4650,4912,4912,4649,4649,ecfb0636d224c67d5b006bb28726ca545eb2fba8242a11d0a34058f895d409ab,41c6a44461c17e22a811ed6dbe308be919a1d3ce0a983750773729ed4140e3f8,exhaustive
777,descended,529,529,1102,12688,529,0,True,True,True,4662,4925,4925,4662,4661,0c982dd93aedb5cffee98bff051e03258a9e0bd6e5687d6a75cf79ab9d8f892b,5ae0d75bc5b3ea36b0c9c12068d558c03ec16379604d7160e0afe6b5a2202c45,exhaustive
779,descended,707,707,1385,12720,707,0,True,True,True,4674,4938,4939,4673,4674,30dc6b7eb0633869ee43780fc81fe5f50570640413e373930b6f31170650ac3d,cfce8d97387bd511ff995efbda9dfd45f64dade87f3f3ad9e08d5fd795aab4a2,exhaustive
781,descended,685,685,1353,12752,685,0,True,True,True,4686,4951,4951,4683,4685,352fe82b833b64926ec0c67c0a601010595f6d56cdbf63529f12d36c707e56ec,8290117ab349379b542d0e9a0157d9501203d8244a008acb58d582c494a1f533,exhaustive
783,descended,654,654,1307,12784,654,0,True,True,True,4698,4963,4963,4693,4699,081b0b9edde9fe257c4175cc7e7776b45a25a61c4517c07e0f75b0f3fa997845,8ee607730e22665ea496c988072494d060ae137cd578b79673f537fcb84d8814,exhaustive
785,descended,680,680,1344,12816,680,0,True,True,True,4710,4976,4979,4710,4712,3e6900e8d80e9edbace500513946c89d62aa86b56c3e17c26bc1203ca2209311,7f40a2eec3fd38958dca6bc725f15909d445da75e5fbb1fe1482dee41e6de817,exhaustive
787,descended,600,600,1219,12848,600,0,True,True,True,4722,4989,4989,4721,4721,099f419b887dc189d2fad1a20f351abc1a58058140cc7defb44330b791c7dc03,78e6b1d9f2105c5d97ad543a10527f2d02de923eb6c96fb79b35a1df6b27e9b6,exhaustive
789,descended,570,570,1171,12880,570,0,True,True,True,4734,5001,5001,4734,4732,2679bb811863cca269b8c0aefeee59611d1a4900f9550fada2274235861fdb07,f2dc5134ea8c14a53fcccc8d486c01dbbe21ca15ee88f2277e036737bf8009d0,exhaustive
791,descended,526,526,1102,12912,526,0,True,True,True,4746,5014,5014,4746,4747,8a8a3bde2d7af35bf40ac312a3a72b1de80cc39d4b37cf279c033c4a9297203e,0aa8678fe64da7b40ef03419dcbe2e26ba701c098f831775de044041dbeed5f2,exhaustive
793,descended,683,683,1353,12944,683,0,True,True,True,4758,5027,5027,4756,4759,6a62b50f7753c3ec38d4b41bbcafaf0796bf282043c3173b8df15ed5103d0c1b,f4307949c64d7c410bc552877fce1dbb9acc05a73961ab5bb85b44f8ac591e37,exhaustive
795,descended,659,659,1314,12976,659,0,True,True,True,4770,5039,5040,4770,4767,ec93d8495412954a0bbf6632c629e36a4cca3f1b9a36e4f374c4b0c15b33a548,270eefe83836f6a98834c06f486cd72a7eb1c6f33e80e289c346d75ee8645bb8,exhaustive
797,descended,576,576,1183,13008,576,0,True,True,True,4782,5052,5052,4782,4780,a5cd474907babc8d784e21925053e97430c3e2066edecb0f9b98d6b6a6233b1b,0849886e56693dd44de771cc81c9a90c5697bf7ba5faab0c472449499e07372b,exhaustive
799,descended,560,560,1159,13040,560,0,True,True,True,4794,5065,5065,4793,4790,4686dbe3097f553a5b265d396b785cec3b7b0f1724bf03661588b3c6d451c696,60cd564d0dc81b5c90cec8ef66ef5018079df3f315c84be82ea986535684f118,exhaustive
801,descended,577,577,1186,13072,577,0,True,True,True,4806,5077,5077,4806,4805,d261b19ad9dbc09b7b6e21e637688ec6ddd74705a2388d386a52a3e68a93cd96,a8375264b59a79ff6a03cf428e1079a165f37cd1335f7d374cb2dde943992593,exhaustive
803,descended,533,533,1118,13104,533,0,True,True,True,4818,5090,5090,4817,4820,d7de4c4dfb7405c97167c995e69b96ec9b9c0b279ffad5566a2c8acea08fc484,81d2cab7895e665980332e43cd35ad89c88765173768f0ee53c25705780d193e,exhaustive
805,descended,631,631,1276,13136,631,0,True,True,True,4830,5103,5103,4827,4831,0ec9acab6c07b291877e734904faac7f21b4c350702d8f88784c3713b566155b,9d56deb9e5c0874d5b132dcd085a78948e6c06911634d811d155cd806dd4fc96,exhaustive
807,descended,592,592,1214,13168,592,0,True,True,True,4842,5115,5115,4840,4839,bee0363dc7cfaeb47dc8708624b9df95bcc10fd68713d8d6834de36e7cf9a759,f9de7d3ca545dd99f896749f95056dfd055ad395b5f18fcc2219ef3e0302175f,exhaustive
809,descended,646,646,1299,13200,646,0,True,True,True,4854,5128,5128,4853,4852,5011f9fe8f0d723a293aeeaf00215a7728f1b56c630ea896c2e2e686b5e65c15,51131d19e9574aee481952d6d1f342e9f13a1e949d23029a3aba53190051703e,exhaustive
811,descended,785,785,1521,13232,785,0,True,True,True,4866,5141,5144,4864,4868,bada25c23486a094c58f948eb3ef52e3f0e30543e0a9d60487bd7562795af16a,3a4e64e72d798cef1cfafbdc09712741f25a9a9e8ca5276bae5cabccabbfd6df,exhaustive|prescribed_growth_prefix
813,descended,734,734,1440,13264,734,0,True,True,True,4878,5153,5153,4877,4877,cd3c6e542366c37ac75e338ea26d73911b7a9911e3de778744a25321ee92d1c6,2977be344d7b37973614678fa5c64ea9ade9451768ecd1dc49bebbb942746eff,exhaustive
815,descended,733,733,1438,13296,733,0,True,True,True,4890,5166,5167,4890,4894,7822b2f699626f4bb186942b61f98ce8650b6368a305b547dc8c0a351a84f089,af5f47a1610593100add2099fe38bab6f2f0e415d864babbdb727b27f0b6808b,exhaustive
817,descended,653,653,1316,13328,653,0,True,True,True,4902,5179,5179,4898,4902,753a91f4ce7959c5316e5f76d68e1fe443ef776f51930ce99ca7bead7588db3f,a8a00ab3464dfe4faf7568aa4c7082b2559002610ea6fb23e0b97d0719463a05,exhaustive
819,descended,664,664,1330,13360,664,0,True,True,True,4914,5191,5193,4914,4912,b4232485630722b8afb346d9cbbf27be8a44711fd18ccff484c09de41020e638,b6794a65eb2da724cfb97ce0574046061c3dc33ba4871a07472e8ed5f9687f9f,exhaustive
821,descended,616,616,1255,13392,616,0,True,True,True,4926,5204,5204,4925,4926,3e86fc6108bb1772716ac0aa4d5935216449f1961b29e76b7cdfa4c5465254c8,96d60c05ddc65f916f11c9ca7ae3db24fa722cbbb1c7d5cffb9816c8be78c4c5,exhaustive
823,descended,574,574,1191,13424,574,0,True,True,True,4938,5217,5217,4936,4939,ac0aad082a5847c4aac0b125940326b0ee929fe90c537b8c1ef134e1aa470c25,e338cdf74ec093b07c67aa7c25bd91c9aadf400510745dcbb3819ab1d1a12bbc,exhaustive
825,descended,701,701,1391,13456,701,0,True,True,True,4950,5229,5231,4950,4951,c87782a8297697a084e0594e820eb1243652272d7406814eb873df40f77d312b,5b8524876e9af4f2cc0993dab6865bbb7ae1184a135356131253aa7adf638a0a,exhaustive
827,descended,799,799,1547,13488,799,0,True,True,True,4962,5242,5243,4962,4962,369ef6a83e409e171a50570962394fe1ff1b4aba8c64d52686717cd5b581c9cc,6dd53533ee73a0845b8a9ffb366e0515bde0a37c70050027d0643ddd45be3539,exhaustive
829,descended,628,628,1277,13520,628,0,True,True,True,4974,5255,5255,4973,4970,13073b9fd5c5ba5634fb1f21b420ffabb767ff214bccf5935fc5513728348b4f,bb9388940861f6e326d5778f8cc47e4a1fb2102f142e1648c74b15d0666b5207,exhaustive
831,descended,601,601,1238,13552,601,0,True,True,True,4986,5268,5268,4982,4987,1faa0223ab48975ae3e01ac13b09949673e6e0589db91a235870a43c5bf164c3,b0747c16f135e224850234fccc80f25ddf0d30e299241ae2dd17cd05f9b95849,exhaustive
833,descended,565,565,1178,13584,565,0,True,True,True,4998,5280,5282,4998,4995,02c1ce4d64384f9343f4b3262811d1a52fb641ec6e4b723f84ce68c09b1c829d,43a68f2d47b9e52a8ce79eabcd8b008d48b8732d6acd91274eeb9342e486de4a,exhaustive
835,descended,545,545,1149,13616,545,0,True,True,True,5010,5293,5293,5008,5010,b728071a0bfe7e0add3a06b439263316ec369ffbdd7056b06d5495938fcfd754,0fb565cd714cfe7cbb9f57be9c3eb5efdd93bb66baf580ff9a589ff26a96204b,exhaustive
837,descended,791,791,1540,13648,791,0,True,True,True,5022,5306,5306,5019,5019,ee8541068212405692035112d59a4f6aee18017e63cab74f20da9d06e3c443ee,f7dc78b96477f2531e1cd6ca8ae8dce63efee5ea6674e89488c0f20fd892d741,exhaustive
839,descended,678,678,1359,13680,678,0,True,True,True,5034,5318,5318,5034,5033,3b51fcc430c5d0064f2f813b6c5d63806824af896decce5ef55650f2078393f2,bc488df5bb4238b4afbe73574286aba4b924d477d7470f9ff809e2aa1dfaa9fa,exhaustive
841,descended,649,649,1318,13712,649,0,True,True,True,5046,5331,5331,5042,5046,35b43dd4afb363a405d1e4f6aef7cfeacb340407b39e1aae3c50728e61326f81,f42af64405efc87724a9048556933af605af61a63f98bd7497c985f19fc32c7d,exhaustive
843,descended,740,740,1461,13744,740,0,True,True,True,5058,5344,5345,5055,5062,d7041b3ac9df3986115d691445aad46ed0eb9cedaeeb84e792b96ab422be65cf,693051bfea46fb77bf15ac28185c766f87c0a975b450ffb7274a246fd7e99908,exhaustive
845,descended,680,680,1366,13776,680,0,True,True,True,5070,5356,5356,5068,5070,026515005c1cf57f5ba742c938008de3ae6e1d29280fab48d85325923fd8d6a7,b8a6caf4701e11b62f3087e8fa11a7d2326f3c64c7dfd9231ea898428d8914c7,exhaustive
847,descended,709,709,1413,13808,709,0,True,True,True,5082,5369,5369,5080,5079,e20ceea1c69aa3b2fed91ff7bb7a166d4de4a714595f70356569ed0ac2fb79d9,a75c1fcee3acb31649d7fb483f6487f07bbbb35f4e31e1f157d018bbc088a9e8,exhaustive
849,descended,648,648,1317,13840,648,0,True,True,True,5094,5382,5383,5092,5094,b67a61a19ac8007d0fe9f2421b3fd07ad33951ea560cc3df1a94f1f95ffde17f,a27c0835aca1067efae2860237d992953beb35cc0e589f74e128b34cb51ac53d,exhaustive
851,descended,799,799,1555,13872,799,0,True,True,True,5106,5394,5394,5106,5099,550b891d0ae19453ae57e970e3fc6dfd127452bc19ca579f528cf929fb5de906,0b998c0132a729ac58feb571bc5860b6ac0ed881baa0f9dc7d61d396126bf2d8,exhaustive
853,descended,631,631,1293,13904,631,0,True,True,True,5118,5407,5407,5114,5120,fafd90a5dc9efb720c9edcb4af246e2440136dfb419a61172f713126b6bebbc5,3cbf371a980bed60017c22879d1182432cc39841f87a4441da55c4a9a4e9c310,exhaustive
855,descended,677,677,1363,13936,677,0,True,True,True,5130,5420,5420,5130,5128,a1e7912cd3a8d8ad50e7c1acbe5d4ac0c6cb5f33e65244d64b3214292faf32e9,137d5b9b1149b0a3a5aec25c660a52e0b4cd61e27966d814b3b0ea8400adccde,exhaustive
857,descended,649,649,1321,13968,649,0,True,True,True,5142,5432,5432,5140,5149,efb31954c3bbee9c1c0949cbebcada34a0bfc4851723fd262ccca220093d64ab,da8297d09696ae5cf2a8df35a9363fff8d8238651c88b9faa71118fdf73a4b37,exhaustive
859,descended,622,622,1277,14000,622,0,True,True,True,5154,5445,5446,5154,5152,c8c7dd703cd8f173182d7ea1e66f92db54c65091318fd75e39d5614fc9ba67b4,68b0380c729e96c364b96f6eef663b0d56517ac5f48bdca363c9849dd6d88323,exhaustive
861,descended,612,612,1263,14032,612,0,True,True,True,5166,5458,5458,5165,5167,39f8c6c177f95067bc1e0b2e7f6d76907a68b9ae49a4fd8050c1ba368d1ef90c,1ce6fddb047cacac49167d8c585163b0ee7e8e152f23e0d64feeb91837c23dc7,exhaustive
863,descended,815,815,1588,14064,815,0,True,True,True,5178,5470,5471,5174,5173,319e76f570d401c4eb6bb1ce06e8e00b9ceb7f5b4ad8f75b993555d0cd2e9078,89024d7c4c1d230657c08a84e7540aab68dbbe4f092bcc08336a616e22d20424,exhaustive
865,descended,800,800,1562,14096,800,0,True,True,True,5190,5483,5483,5189,5193,bbd751e157d91aa03ac2e461dc31bc5486a4a505ff41466f3650e7fe892eec89,5adcac051e7b30cbfbaf30a8271bcbf55596926032a0f00b062f3c7da358dd71,exhaustive
867,descended,771,771,1516,14128,771,0,True,True,True,5202,5496,5496,5202,5198,c83526bb31cee5a778cc853e0a13794b62930a23edf884bbe51f5d4f8acb2f36,2f54d5e99dae29ddfa0403e6d998926bb36216df29878dd2e9166eb125f9930c,exhaustive
869,descended,761,761,1501,14160,761,0,True,True,True,5214,5508,5508,5214,5217,6d7a2efddaaec2245fe1c8f8aca24ccb695e354308d8ee65a29d1f266adb04d9,77012661d505da5cfda7b20bb44a553318aa731c3e307bbda051a1b870716cc1,exhaustive
871,descended,698,698,1403,14192,698,0,True,True,True,5226,5521,5521,5224,5229,938d54650f8275afd630bd0020d001d50dc95da99b2e966ab9012e9f07285705,20f7a17d9d310646f6198d5936081735651a128b2e3c8311282fa4d81dc101c9,exhaustive
873,descended,658,658,1339,14224,658,0,True,True,True,5238,5534,5534,5238,5238,eafc5027e2dedca43eef8b99db4426de460b91f05e0d90f5a9f04e97a149acec,1979b308f38280802f3583b461ca4b2e27aabb4d06b85e49e6d3a23736f09954,exhaustive
875,descended,677,677,1370,14256,677,0,True,True,True,5250,5546,5549,5249,5248,0910c081c6f440da97a1d9d8abcb8bf193c94cb38dbbfc0c4530dfd806040ce0,812764edd53f01b66cc71873358ae2559d40c40ab59432a0afeb837d2ffaa027,exhaustive
877,descended,738,738,1469,14288,738,0,True,True,True,5262,5559,5560,5260,5264,48c4bf67a5ddf7f42cccb02579ea5914f704d82af6ab3ae0ef1c2f6ae4bf6218,75766675fc398b63b2fce097a02f7f604b76704d556b5850b673b7117b187474,exhaustive
879,descended,702,702,1413,14320,702,0,True,True,True,5274,5572,5573,5271,5272,39560c200e9e012056116b90869fc24af89dbb8a6a91d5d7f66cbc79cdada84b,b07768237cd4e79c5d2041592cbe3334d1f3f8c1bea0aeaf3af1a34914e64251,exhaustive
881,descended,809,809,1581,14352,809,0,True,True,True,5286,5584,5584,5286,5283,33818b494ffc0c48393d266cfb5caa66bceff48102c83a2440ff91dd8e8ce0d1,603a3854ccaa75c612c0ab50b0dbd7a747f64b703a592b48a73ba461f73edfbc,exhaustive
883,descended,770,770,1523,14384,770,0,True,True,True,5298,5597,5597,5295,5298,5c6207867a71ec76199dcb3e1d90115b84b61822e3464eba3c111cb48eaed23d,1536ea9531c9e1364ff4feac1fb6854cb2fe23d278cd4ef4dbf4bc968301bf6d,exhaustive
885,descended,621,621,1286,14416,621,0,True,True,True,5310,5610,5610,5308,5308,9cd4d52d9c65898a5f28de8ca3c599ae48847d4455b7f5a2424255af809aaa46,21a3935a30c853000da3fcc00bcef65b0a22dcf5dbabae5bb380f5c9cb40d949,exhaustive
887,descended,876,876,1690,14448,876,0,True,True,True,5322,5623,5623,5321,5314,899b6106697d752771dc6794b4fb88edd1de467fe26c00b1f9c2d806bbbdd38a,68d62529cdb22f6e592c66112446bbdafa7535f1aeef4c03c9328bd2eb08f35e,exhaustive
889,descended,717,717,1439,14480,717,0,True,True,True,5334,5635,5635,5333,5336,4a71cdca903a5af65bd75865200a862220f9368db0e0ca74f8583c953dc25012,34e372b6c4ece09ce397e580b983db436414ee5bd0bfae11d0c40d9aa8e74da0,exhaustive
891,descended,671,671,1366,14512,671,0,True,True,True,5346,5648,5649,5345,5343,15046f896261d47bc9be3e86da5478197d5695fbe04636252111f477c917e830,259ce52948f20ca6fd4df48da91ea9050499a3555e3ff5bd43022835e2439730,exhaustive
893,descended,725,725,1452,14544,725,0,True,True,True,5358,5661,5661,5358,5355,f88043bf891dfa2baef78c9e9453bb0bac285f402a5dd10f7c519449c9f80300,0bf4251712ac22a18bd0e02be1bb4ad94d4e2aee96fd47bd5d70a02c53b1f12f,exhaustive
895,descended,703,703,1421,14576,703,0,True,True,True,5370,5673,5673,5366,5370,3c5b1c4f9a4bf84cec604dc92a14f08a30b591431b0caae5c00a39ca23eb0465,9169c5591cd1aa1f739446d87794e341cea3141d95a88e17ca57819113241467,exhaustive
897,descended,672,672,1371,14608,672,0,True,True,True,5382,5686,5686,5380,5380,30ca7202a80cf9d55db3b5c6866b15fcbe1763d540f285ae1653a5780420805d,f076a6f2cbfbae44ae27f312343a03c720002ebffe9869edd5d83540c1da11a2,exhaustive
899,descended,643,643,1327,14640,643,0,True,True,True,5394,5699,5700,5391,5390,2bcfb7847d637c7aa9ef9bc3055161ef76c41d52a1bf2c9ad68162605838128c,1753aac1f745fe030c673bd519414e950296bcd6d64a0a988d81034842756535,exhaustive
901,descended,619,619,1288,14672,619,0,True,True,True,5406,5711,5711,5404,5413,1885398fb42cc65c71c1e55661677e857e1d4726b2d8a932864e9db137211ea0,f7d011da64bc7c2d39caa3bbff69122ee07a31c40c9532c27822a80ee895520b,exhaustive
903,descended,901,901,1735,14704,901,0,True,True,True,5418,5724,5724,5417,5419,6abaf85b3d2fe5447f79a2c67b9a5f1645fb433b0c135b988be2d55f31da4c77,b85907bf59a8d0d7408bb69ce5bf99096b7a4ccc6e219e4d30a7569a6e98da0e,exhaustive
905,descended,999,999,1892,14736,999,0,True,True,True,5430,5737,5737,5428,5434,3b59290935af3cab063024c237fb4b339c47ea40038428d2a2e144d2fcf47c73,a54faf7cf7887548d0dd82d1dfb807317232585d11b7a1a3fda5748ada077660,exhaustive
907,descended,985,985,1873,14768,985,0,True,True,True,5442,5749,5760,5438,5442,a852b5ac6615361ff8ed2c0dd92e2d3b15af76a17014713fc71c9f9b5e977361,aacdfbdb420da5c4a7a7ce9b59492c3127b3ead8818eaf605797b56fbc9bb729,exhaustive
909,descended,756,756,1508,14800,756,0,True,True,True,5454,5762,5762,5452,5455,b2dd486868f11ce0851c970417568ae4f7bc20abb7701809bc0f19688be159d1,d1dc541aecf0f37dfe34196cac7fe71126e1d1be0b7a638e3e27995961f08996,exhaustive
911,descended,936,936,1793,14832,936,0,True,True,True,5466,5775,5775,5465,5471,efe1641e171b03bf59432c598334b1e2022488fd6cbdd80399dfe100d36f5801,1eb7b1b21a57187292a2cdc17458656dac4027d9f8babb9c1e301891ab8262c7,exhaustive
913,descended,664,664,1362,14864,664,0,True,True,True,5478,5787,5789,5478,5478,f7e3840675b0278a2d76c551e358e1410b2d524f82dabf57c9052d902c10357f,84f4434d73eaf9d7a07e39f0e72965ac6a3f4717d446b0d6d99bdb904f8afd73,exhaustive
915,descended,663,663,1364,14896,663,0,True,True,True,5490,5800,5800,5487,5495,ad69edc64205e00bab71805d9ce458ee656ac706de7f4af7339eeba47cea5c0c,6257db63bb5831a3ad0ad8f6ab1d7a781be73da0f305f283c44fc8655a9bccae,exhaustive
917,descended,952,952,1821,14928,952,0,True,True,True,5502,5813,5813,5501,5498,b092aafcb37e551d4484ef65a3a6114d872f0cc70ebf079065ffd2cbecdf4157,8011320618cd72d8b02850aa370618e364ae311c624c5820a3cf1bb6b22ccb24,exhaustive
919,descended,903,903,1743,14960,903,0,True,True,True,5514,5825,5825,5514,5510,9cad5a8a31d8b5ff11a64007cc7f096330f5758b3424a703f2fd438e3d8910e5,4809448fe7df37ffef01c4df806070b9e68d78d41cac65b56572593337e15241,exhaustive
921,descended,709,709,1437,14992,709,0,True,True,True,5526,5838,5839,5525,5527,e077f57134b999359c313e0640641182e117c9f78e698e30558eee666b350acf,9cf99652d291f0e8461c620fbed4f476639b59a00d6d2558ba651f04ce227c2f,exhaustive
923,descended,686,686,1401,15024,686,0,True,True,True,5538,5851,5852,5537,5535,a161f51f1fe4c34dfc67b13306471603a1282cf3d9afb43f62c63a61a4c89f44,f595331a971ddd4b7861d1dd97aaa9714ca989c4fa90fba52bf4dc4b226f97c5,exhaustive
925,descended,781,781,1553,15056,781,0,True,True,True,5550,5863,5864,5548,5549,b4a141f586791ccb71f67e7c9c6a008972be7502362883faa4b60b8e7377e362,80657dfaa6e7c4c5b475a0dd78ebd3f81dba9284de2202b3c7f2f6e86cba2d70,exhaustive
927,descended,743,743,1492,15088,743,0,True,True,True,5562,5876,5876,5562,5561,8a07e8bb475627dc18df8c798dddb93a1e5164d2413c3e22fc22604600c46aa3,ee4f6aaedd851a9f1e7e6aa5a78d0ab28ab3b15d380304264be04134816abd56,exhaustive
929,descended,676,676,1389,15120,676,0,True,True,True,5574,5889,5889,5571,5578,148a531c1e2fa8bdc3461495df0cc9cfe2d8082b4807b34dd10e8ffee2853698,842619c14f36af3f30c28b6757e9bb8fa59f4e3eb9462c3746e1310c34e2ec9a,exhaustive
931,descended,705,705,1433,15152,705,0,True,True,True,5586,5901,5903,5586,5585,f3d55b3ad9776f30944940137377355869dc202d4cc593d2794b3203547ecf44,08024b230fa8cc952fdcb81f662369684f4f2ff0a2418f15afe36b7570b04d36,exhaustive
933,descended,646,646,1341,15184,646,0,True,True,True,5598,5914,5914,5597,5601,2a1a092ffd3577cdd4d54ce246059377ff571eb49ac13c8ff027620041a2af10,46cca437dfe8d11bea08fc5387246d7f50f4ee05a004917e103681fe3556b3b7,exhaustive
935,descended,880,880,1714,15216,880,0,True,True,True,5610,5927,5927,5608,5606,8a5ba07ed4fc98d07dc61ee6e4d2de48b5e11343e5972ad7e02e91d4717706a5,42d540d144c6582948014bc297c4495d051b84bc0460e8d99ba49ec4ee5d716b,exhaustive
937,descended,834,834,1642,15248,834,0,True,True,True,5622,5940,5941,5619,5624,594b4511645617784c4549689ad3420586dfcfa89a64aeb63e67f40f9e670705,535ffa0caa762ef708764302c177ab51d535c79156746faaf14904c6cd4a42ba,exhaustive
939,descended,812,812,1606,15280,812,0,True,True,True,5634,5952,5955,5633,5634,d6c617b5b9714b508ae6bbaaa88e278058a9b58f89243fef20f85d891d7064f5,0605e7f0d6aca836fce01d56b8ec7b1e9d5bbf4d9ace51e3b1185b2966c7a8a6,exhaustive
941,descended,732,732,1480,15312,732,0,True,True,True,5646,5965,5965,5645,5645,9618177a734c7c8e2dfd54c69f902e5b86fcb14d479b84f8a38b722fe20bcd92,45cf9e5ec400d0d5772f6128bb5a363ba8777b5ea12aeec3035c684decacb6ed,exhaustive
943,descended,876,876,1712,15344,876,0,True,True,True,5658,5978,5979,5654,5658,c3956fef6e70f4e849c0548d8dce298f2cb8e57804a961747113f68868feab3c,b24629e00077acea5ad8b87f11df1db0dc09deb2765df7801eddb2bf5b422394,exhaustive
945,descended,711,711,1448,15376,711,0,True,True,True,5670,5990,5991,5669,5669,792019948abd813c657f9b0989e4d52eca5510745dc20de1eefbc3d2fff3c0cc,4902845746f6f8038b33b8fc1e1d093a9939683b9e49755f20198624447b9766,exhaustive
947,descended,829,829,1635,15408,829,0,True,True,True,5682,6003,6003,5682,5676,157432dce1992cb133ba3748cc07de6df53d5729802f7d1e195d94493835924a,dc8cdb137f2c417186b59dc1c3b4a52697e7c6cc5b841436336b4b7eb5fb84d9,exhaustive
949,descended,707,707,1448,15440,707,0,True,True,True,5694,6016,6016,5688,5693,e2aa3403249cbfe19d2f21be25212a59420a7e204accf21f4fcc2bd2ada8f2a2,08ec9e5894a77dbbc4f38ef3917bb4f0b72a006697f0fe9c0b04cf31845241a2,exhaustive
951,descended,628,628,1318,15472,628,0,True,True,True,5706,6028,6028,5706,5706,3b1660da070548d96f01035df47a97a8ae43f990daf97bc323509f15be7e3ea1,18fcfc6083c4d949cd8baf50d24f48f1026b4a55ebf10c1c10557f107a8c9091,exhaustive
953,descended,722,722,1472,15504,722,0,True,True,True,5718,6041,6042,5713,5720,5fbbfe49fdd1682863fd26029b3efe16fe491b75138bef9376eb21072e9601ed,a13cf6c0a0729eb4d9dfe3cb454b29ecd7ac7c96157871844f24990db003a7fe,exhaustive
955,descended,959,959,1845,15536,959,0,True,True,True,5730,6054,6055,5729,5730,af01f80ebf09ca0e4ce058dac07f12ab6b0e0a1a7764f23db1bd2d722f2a6b45,febd43ba70e71f826e34c66f2978c9d9bed42072bac77c6997b20c677ec4506d,exhaustive
957,descended,939,939,1816,15568,939,0,True,True,True,5742,6066,6067,5739,5742,5e1cc051ff2faafbb9c40df698370589ba13cd552b9c13c6f36c9286b8d1a618,aef1b990b0ffb557320e9e3dbe7156737371ba5e93a3cbf0cadd5ee9df75f187,exhaustive
959,descended,668,668,1390,15600,668,0,True,True,True,5754,6079,6079,5748,5755,c8facbe4752130b201afe52ed69f025c118ec9eb0dbac2c9aceb746ae566519e,148d193e77c2b6dac146b0cec6597ac9d112475021f4374e25793d53271468a6,exhaustive
961,descended,877,877,1717,15632,877,0,True,True,True,5766,6092,6092,5765,5768,79f3cd1a93fe83483249f4ed26ddf8596a0440d76c376fdaafc4a10ba462e9c2,540c79d333dc59cfd44a381c2026a545c22d81c3bbac556f200315fc881462c4,exhaustive
963,descended,700,700,1436,15664,700,0,True,True,True,5778,6104,6105,5778,5779,946aa175398792d86e465386afda99f8bd2bf533909975c3a15791a2d20ff09f,9f988e5c560aef52a1f95fc79404e756be44723da0cbcfb354ea8a2b4fac22a2,exhaustive
965,descended,684,684,1416,15696,684,0,True,True,True,5790,6117,6117,5785,5789,0bda0d680ae20d2a921537b6f196cc4e1fb80b297287d50947a877aa4060a077,61581939fbecc71f8e35918353c7076986332a247a70faea1458891bc75c1a2d,exhaustive
967,descended,855,855,1683,15728,855,0,True,True,True,5802,6130,6130,5802,5804,217b65db2ffc3e51e35ec137bc78890a84a73be43714dfc53c315464702ec275,ffb94c167f4aba6ee03ce4acd56d4c939857eafcf01c1d02a8fe6430e00989ec,exhaustive
969,descended,804,804,1603,15760,804,0,True,True,True,5814,6142,6142,5814,5817,7c1d8bffbf58b3b2adf4eb836a75c82cc21f9968c4e2e05b5c59afc633f0005d,5fb1112ec5d4256c9b5527c7701475bff66dba3b07758c4482db1ec6c8dff915,exhaustive
971,descended,863,863,1697,15792,863,0,True,True,True,5826,6155,6156,5826,5829,b9ac9284c57112d1b0e5fc2f2f4777f61daea0822e99e5810d2bb45874548c3f,9917d7345f16aee872179fc66ecd04976ba43b070cd889c7995c0fcaa6449eea,exhaustive
973,descended,829,829,1644,15824,829,0,True,True,True,5838,6168,6168,5838,5836,f93079d019da9012a72fb3ece381d15e78ddd6ee091d767854feabf67f9eaf16,4d04fa3dfdbb2ee0ac728e8f17ba16a2a68ed041239a42ac3d57be1d1323ed9e,exhaustive
975,descended,799,799,1599,15856,799,0,True,True,True,5850,6180,6181,5848,5852,f3927b1bbc38403925941bc7c61943132222f89474f28c0e698c59682d7987c4,42b8195304695d96baea9b5aaae1ef7e109e492faf7dfe209dfa169837cd1f22,exhaustive
977,descended,615,615,1306,15888,615,0,True,True,True,5862,6193,6196,5862,5859,b3acc1172519648e25575bdda5ed35edf24cc80422193275d770d3eda1e6783a,07be8f7fc45ff383ebee2af0450f2758236b2527a70d95e56097c1a6bbc5262a,exhaustive
979,descended,955,955,1846,15920,955,0,True,True,True,5874,6206,6206,5873,5867,7b7fb17928751068ac27ddb8c88b1c3a16816593e014c8bef092e1c9c96fa831,1b5acf2f2acce2d1679b046da3f142a1d3cd351589bd12bdbdc75343a0ee75a8,exhaustive
981,descended,929,929,1807,15952,929,0,True,True,True,5886,6218,6218,5884,5885,0535f37c91461d73983424b90b194126dcf2a775f338c934e80efc394d662962,b7f5907d4d0880628628033ebfb3929bd10dceee75050178b57f36b2bac4fd32,exhaustive
983,descended,738,738,1505,15984,738,0,True,True,True,5898,6231,6231,5896,5899,6de7b503899ca9d0cf6e5c5afcf64c72251b815f8069ec63d696afd03af83218,7558cbbe24847219c4cb07dc55e7d3bbd861933ff807cc30eec68b66b7021492,exhaustive
985,descended,688,688,1426,16016,688,0,True,True,True,5910,6244,6244,5908,5911,7310d3827dce6537d8f2cee53652a2264b848856790caed8f4e5353e18c80912,056f91bcdb97b2fa91491b132d9e77f3df2f1c095bcd9f8fcc9fae2c181c45ba,exhaustive
987,descended,888,888,1743,16048,888,0,True,True,True,5922,6257,6259,5921,5930,3461ad7897e6dc6c9b9e56061860c8e4c956556c9cb86757a3f2d7471d86c1a7,bf33bbebcd0536e2cc943eb4b2248692855124bffdc54115abf5196a2ce4821c,exhaustive
989,descended,1035,1035,1976,16080,1035,0,True,True,True,5934,6269,6272,5934,5935,b97a5a07ed537116118e8e17ca48235c6a90811a05ba4cde2c2cf14b826165a7,bdc23953b39a241a278566f9170a3a00633c941a72cb38afa95ce25a8f0888bc,exhaustive
991,descended,993,993,1910,16112,993,0,True,True,True,5946,6282,6282,5946,5948,99af12200d76f34a94281d7e4b96599ca224c11c1095cfdb3354a6968bae4e47,0a6de62d069c950aaf5d583a6a8796f9b2230765059b68e20af37d6fe2bf5c6b,exhaustive
993,descended,720,720,1478,16144,720,0,True,True,True,5958,6295,6295,5958,5958,8bc06cc4f70e700d5e28b22f543b6dff4b762c519605110d2971735e8e85cc93,3ba8587bd81ee9f70e47ffcaa8220573f0dc1000e8fe9f8f744deb846c4961b5,exhaustive
995,descended,887,887,1745,16176,887,0,True,True,True,5970,6307,6307,5968,5971,8c62e3e9b50ee0761dcff214ed1ac6f6ba5ffcc4fa51e2abb355dfbabdc5cab2,aff77dba0f9ccf1749f34f6800bcbbd26fecee77f063aec19f0cf3264a79097b,exhaustive
997,descended,800,800,1606,16208,800,0,True,True,True,5982,6320,6320,5982,5984,cae5fcbd19f674f77473f6f730eeba970c6eb8f02aff9bdc610f5d8ee06e3cf5,5e106fa325f1bdfaa9ef933017f6aed4add98f6f3e2eb880e4816e8bae119089,exhaustive
999,descended,853,853,1693,16240,853,0,True,True,True,5994,6333,6333,5992,5995,581dc9b5b4299cf1483344de961c67ac826b9c61522dc70af21f4e316f0f8a71,983bbfb99cedcd3c158c7d13772bae82befe70fcb6e950548c3ef52ba73a9568,exhaustive
1001,descended,709,709,1464,16272,709,0,True,True,True,6006,6345,6345,6005,6006,7e131c196a34b7049af36af7d81c22b7a68edac22dfa24f0430017e3c19300a2,b7bbdce59b033114e8224f4a15e019ebf055bdcb491447e3dcf24bdc9709fb7f,exhaustive
1003,descended,957,957,1857,16304,957,0,True,True,True,6018,6358,6360,6018,6022,400d53b8349882d8a44e47d3c13372296436536791250fbc53d58dc58fa0cc11,9f99f018c3fdbe6ee7a6521744aaa9a02a368a4740231a846c9e7c26063ffb09,exhaustive
1005,descended,754,754,1536,16336,754,0,True,True,True,6030,6371,6371,6030,6024,5aa36e7aa69e19cc97e7e810323be62e72d64d02c3f684c84dad7f36078dc156,2b63e76f5032feb167de6f242b8d15bf56401007dc527050b8b8b927c448d1b7,exhaustive
1007,descended,785,785,1586,16368,785,0,True,True,True,6042,6383,6384,6042,6035,7b7950b34c838b526c621df1bdb190a28d26fb2345cf69e7c43e0e5a4a63fd25,0ad73edfe520eb8297b9ac56b44a3e1dcf71f46ab102ebe2a6412d4b04865336,exhaustive
1009,descended,715,715,1476,16400,715,0,True,True,True,6054,6396,6397,6053,6053,7059df5a55d0cc6cdb0b1a0cbd304ac81eae270e48834f14ac94f222511d6d82,b876a8fa5c2e4beade9afde2fa692c0f9f0f64f54a483ce0177d942172ac6033,exhaustive
1011,descended,827,827,1654,16432,827,0,True,True,True,6066,6409,6409,6065,6071,a9336818b426ba1d2cafda7c89122b4e2e1592fabc80ae8942bf5dea4a86a517,ab144e3056e4ca61a0c4c4e8d90ea34e8eba1f6a2abe867b3c4e7528bc9ed4bb,exhaustive
1013,descended,869,869,1721,16464,869,0,True,True,True,6078,6421,6421,6078,6081,61a142bc4fdb02c4388a09b115dedd5b921ea3614da70b8d97394a9b5fdec03a,1b3f1f47300a8da487e0172813e689f7c95d6d61409c3a2236e4ae58130cd364,exhaustive
1015,descended,839,839,1674,16496,839,0,True,True,True,6090,6434,6434,6090,6091,4eb01d0e605e57d519d196a51c6ee405e820c3ae33346141466b1516d5d19eb9,2b6788e73560c4a903ce9f605dfac4f055dbbf1b4f93b8f40955ec52dc560a02,exhaustive
1017,descended,800,800,1613,16528,800,0,True,True,True,6102,6447,6447,6102,6099,117ede089cd517d2f55e65ff20798392d0a0ceddbc811cbe3fbd11d95c25ab5b,efc0794bdc0157813119ad4d50fd8f8daccaba91ad88c504d64d00eb9853b5ea,exhaustive
1019,descended,867,867,1722,16560,867,0,True,True,True,6114,6459,6460,6112,6115,5af9880ee6d233f407a97c3373bb4fc99d7abeb14395a68fa5f67fbeb375366a,e631f4b3d95b5dbba93ead9a9bab2c8f1dd9d53017ffea5268acc9c4b866fa0a,exhaustive
1021,descended,691,691,1442,16592,691,0,True,True,True,6126,6472,6473,6125,6124,4e2ac25d6f1f19b1a7c52f1ca0d56c69d5c364e59589a6afa1a4c5352cc0ad07,04c50e971e2fe73538d226cfd4fdae97aa4812d1ec679ca29b0703cfa548999e,exhaustive
1023,descended,653,653,1384,16624,653,0,True,True,True,6138,6485,6485,6136,6139,6c2c8fde915f4021e75a505f1d2091bddf9dcf1e291c933510ee6af604e2cfbb,0f687b45bdcad0d524e4d9da6c8136efa652d3e32de11394bbd23f6c233b8071,exhaustive|power_of_two_neighbor
1025,descended,760,760,1554,16656,760,0,True,True,True,6150,6497,6497,6148,6149,ed046de4e3cc652e6f0c017505ff4acf5ea0a7d549772d26dc4655dac7d4c33a,5c7df88ad81fc0d6b09a40a6fc699ec9b41049bf85f25ecb9d8d1ea8cd39d055,exhaustive|power_of_two_neighbor
1027,descended,921,921,1809,16688,921,0,True,True,True,6162,6510,6511,6161,6159,7e409fa2029ecc2e1a6fb512e9c45dbc7900a0e09c95536dbf3f2ffb3e5aa57a,b459b91f5e16e7449d2d23093cc753cac4c21463859f5ff3e2697187e3fab2c5,exhaustive
1029,descended,898,898,1773,16720,898,0,True,True,True,6174,6523,6523,6173,6164,850308f8a9bab006b3769089fcb19c8dac8f89aaafa7d586e0c224b6c8fea59a,734f5dfbf6ac91e5ba293e9a2f28d18b87d278937d82bfa6c1cf785f39910aff,exhaustive
1031,descended,864,864,1719,16752,864,0,True,True,True,6186,6535,6535,6186,6185,d45d7b7943d6976b95a2852651653f7f47e0951134fe6c2af6dc93cc2fd01b63,051821cb2d884c6dc3015fd2740a98a5839880928b34b6ee976b9c8092c73b37,exhaustive
1033,descended,820,820,1650,16784,820,0,True,True,True,6198,6548,6548,6198,6205,dedd4e7a2617b37ed983f5ebb815749cf59d85e51f7c9a4193670b45fda58e67,809d1613e6893cdfa2a8c9fefda816f6eee83db56bd2cb07132ef77f7c788ca5,exhaustive
1035,descended,797,797,1616,16816,797,0,True,True,True,6210,6561,6563,6208,6211,af85c11d7a55732dcd29d3a4249492a8635a8b5be0fd870d3a9c9320eda65911,5c1e2d11679a8c89e466ddf8bf800423bd7ba1aa614eb479734dfd591487392f,exhaustive
1037,descended,744,744,1533,16848,744,0,True,True,True,6222,6574,6574,6220,6224,2841b3ad2313323b35fe4abb9e3b0c0ffebd19c5c5367910c60d24bdc8251229,a0dcee51abe71037d4400fa6fb0c23eef9e08032ead084931aabf10002a08e1b,exhaustive
1039,descended,811,811,1638,16880,811,0,True,True,True,6234,6586,6587,6234,6234,aace980f79b8e43a0a8cc2f1e1f04288cb81cb8e8f5a1c1f1c175c0425fa47bc,2f36bb9bdabbdad6ac5ab27c3b100d9eb58417e0a764b8806fb4c9e39b0cd101,exhaustive
1041,descended,778,778,1587,16912,778,0,True,True,True,6246,6599,6600,6245,6247,2cdf3df4fd2ee16ec6568eecd55cd74f5e6478072a7942b1604ef1208c5df1a7,d57a68f5206d3dd66f63893f6b377f56ea1c5bc81224ba45624ef117594dac25,exhaustive
1043,descended,759,759,1557,16944,759,0,True,True,True,6258,6612,6612,6258,6253,a91ab44a4165c1578881bb6063b78f1a8a24d30df7c7e9a73ff2fabe083eec23,267551026affa5ae836beb3fadfc7e61a0ca5568d62f390542fb2ac44da12e02,exhaustive
1045,descended,725,725,1504,16976,725,0,True,True,True,6270,6624,6624,6269,6267,924dc6829cca998a1b16fa8da6d81bb2f4cfb86050ceb31741c4bbb24b2f1e31,c9cda1141e0240e9e855231cad20851af8406824874421dc92878a51e2580851,exhaustive
1047,descended,911,911,1799,17008,911,0,True,True,True,6282,6637,6637,6282,6284,df6ab58b515b5341b55bd6c11e8f7ce4905914b00c6abf9a13eb00f7550da1d2,38dd1a8eea79782c4a2b1d77c2f015f9fefc2b22c86c208bcc4079869c9bf9fa,exhaustive
1049,descended,891,891,1768,17040,891,0,True,True,True,6294,6650,6650,6294,6292,a0af449e76694ce31aed08240044c44b39e4af8e46d3a297839060c50edb67a7,ddaffe6cdcee63cc2fa5ac988f212012a16330ef15716e4477ec0c246cebea2d,exhaustive
1051,descended,845,845,1696,17072,845,0,True,True,True,6306,6662,6663,6306,6306,13c10ec99cd692d72af8510da7d1f6e66c06509660b6e333b696faa14b954cde,910dfc3ea4572fdcd9b45dca985ac3da9980b48046cb473230ca9d6b7bd44565,exhaustive
1053,descended,850,850,1705,17104,850,0,True,True,True,6318,6675,6675,6317,6318,ef9a572acedf2978789f9758381dcb9f9658a0b6b04beeae7c8d1c83f34e4ca3,82b79ed9a5a44cd63aa02903c86a973f64e8381233ebcdbd77845758507ee7bc,exhaustive
1055,descended,819,819,1656,17136,819,0,True,True,True,6330,6688,6688,6330,6327,52996d4f3c7b962f2d641fd7d60f33271bf73b8708e215be46628f43e19edaca,64f871485039bd6159be387914d256683693f7959997ec1e1add225c3ed1484a,exhaustive
1057,descended,780,780,1596,17168,780,0,True,True,True,6342,6700,6700,6341,6342,9e0b9536452a440b0a2dedddbc1cab6b3f1d6cebfaa035245944fc62ec1ffc09,4fa8250b5b3ab6c4bb59e0f368576200a1e4818570a2a9ee44a46147c8f5d813,exhaustive
1059,descended,851,851,1708,17200,851,0,True,True,True,6354,6713,6713,6354,6353,ed6434715463d37a2386f2215cce1c49bc4a83e9de254b2d0773bbb9e8d7733d,2875f2dbca39550189dc35ca8bb619cc6d2e74948628702690fd40e6ebd7583b,exhaustive
1061,descended,792,792,1617,17232,792,0,True,True,True,6366,6726,6726,6364,6367,d35793a6c8fe2769e103647d2ee52fce0017f76ea2f32f34604bf430ae16f097,a10fcf3db12103c7dc7c564e91bee9f56917a470b18405b8c363cef9ef9a8a3d,exhaustive
1063,descended,762,762,1569,17264,762,0,True,True,True,6378,6738,6738,6377,6378,0c585ba4c64653e0e1cabb8562af3ac235312ee576913ffc486f0e6f636a5961,3e81483b748122ce8e66a2c8a66bbdfa3ff8b22f84c31848cc72d0b13bad23b8,exhaustive
1065,descended,744,744,1541,17296,744,0,True,True,True,6390,6751,6751,6389,6390,972098ba08aa149f6005b89e95fe0646a26caf22b8613f70489d2412ae712932,e3f3ae725882e351f6767f6c7305fdbcbb6af60fd94e8db6cc75601e65298706,exhaustive
1067,descended,721,721,1506,17328,721,0,True,True,True,6402,6764,6767,6400,6406,5d92dd05e74a7e9e64363c12229a3fffdb77cb4c84acb2200617884a6975a20d,b040dd7c3f8bd99a9dfa0ca80b9994fbf980c970866e966da45ee5a786bcb5ba,exhaustive
1069,descended,828,828,1676,17360,828,0,True,True,True,6414,6776,6776,6413,6417,06292e93e61f9afd86d920e770bf14371590aa8f235b0700f8e79224c4fad4f6,22fe5052e0f81caf27e79c30b68773a3289e3f9324f6d9e9bf3ce77c5ca5876b,exhaustive
1071,descended,798,798,1628,17392,798,0,True,True,True,6426,6789,6790,6426,6427,dc5c5d6644ec85172cd4d879a36a184585fa9f00254019e2a53f4c4fb5ecdc2c,ec972fcbf457705500acecfc7aae412cc11eed1afe7964cb74f3c82c7992ccf8,exhaustive
1073,descended,776,776,1597,17424,776,0,True,True,True,6438,6802,6802,6435,6439,f3aaecea5d2685547bf0c977f5d59d6f7a45413a2a61e6f1da4741b892ff7630,6828e95b694c012c31cc960b720945c55b96a3624f0740d5d8d573c2e62b4678,exhaustive
1075,descended,786,786,1612,17456,786,0,True,True,True,6450,6814,6815,6448,6447,b458785956dca61ab0eca8cc6586fbca8fe6af5370619ee2d303cf7949a7409f,a1889c4a4f1733e321c9e6c57618090750f33de76212a07a30de5e758d6b29f4,exhaustive
1077,descended,751,751,1557,17488,751,0,True,True,True,6462,6827,6827,6460,6463,88c78c6adc78a9bcf249e54ee4bede8c44b998cc5f0e3a9db44d636f45420a15,a9e7d2497e0a0c28bc4d90aef334948f0befdd9f530aad8f6e5133b4e50c94a8,exhaustive
1079,descended,803,803,1641,17520,803,0,True,True,True,6474,6840,6842,6472,6472,ea489056c728bf6cf5db5ab4f7a02d7e66ba3df2f7abe1267f75b4cb3bf38571,8326af2c8a20da04bc359729624c7e8a74e41a8714fedc8a74ea324d6f1367b3,exhaustive
1081,descended,771,771,1589,17552,771,0,True,True,True,6486,6852,6852,6485,6486,784f09bd3b35f8587f83dde80a00502d7175b59af272290e55beb7195968e316,08a0c8ea0aec0a0af41826088e5e8f07bce995ddfcb3afed60cb708583c93ced,exhaustive
1083,descended,994,994,1943,17584,994,0,True,True,True,6498,6865,6866,6498,6500,35603a67e0b1472ad529b9aa349842f526f0978688c40b988789cd6059abddd6,7f510d4a9eb13c1d6be2c665054105b68cdbf7ca62df51446a787f2bf85bbf90,exhaustive
1085,descended,947,947,1869,17616,947,0,True,True,True,6510,6878,6880,6510,6508,d28f4f8ed6fb7ac48f143c5157646022a6574adb5886aca0ffb2ea065b66b13f,d0490a5ceb03113e3d29a84838fad2d0c7c4d7f23090a19c45f84da01cd3f167,exhaustive
1087,descended,807,807,1648,17648,807,0,True,True,True,6522,6891,6891,6522,6518,de017f18ca296a1a21bac5ca15e04caf94f790f2bc661f792ff4e99a0a73a8c4,83f7ba0cedd70fe12078feb8eda0041c475c4578e58b167e8cc11b0916452109,exhaustive
1089,descended,933,933,1849,17680,933,0,True,True,True,6534,6903,6904,6533,6536,291ae483abf63d9f6271c2185e67ded334e708018a47d0aa0eac3e539d0ed16d,c2d3a2c0d3ddfb215cffb3ef3ae481a1c8848a3f9b610789ff433adaabbce8c8,exhaustive
1091,descended,1102,1102,2117,17712,1102,0,True,True,True,6546,6916,6916,6545,6549,89efc5210a8ef6edcfee2a84b6b8125c115ceb5b24b0ff7ea8569522e28457d7,ce961c96bdc1c318649c315f22280c80ce6165912b3eff74167dd00bc5ded6c6,exhaustive
1093,descended,1084,1084,2091,17744,1084,0,True,True,True,6558,6929,6929,6556,6560,bca9765d7feccdb3b5a6dcb3180666ab2a2c46d9a97b9453be7fa6cccb68271a,c682038aa1f415f69f053dc95ee650e2bfecd7ae3d6f06de89b5f38f974fa198,exhaustive
1095,descended,1040,1040,2021,17776,1040,0,True,True,True,6570,6941,6941,6569,6571,1a465465f96216908997ecc7f65cfa653af6b745b0fc1842d8becf164de1f572,886c14c5229005f24ce005546246ca685e86f2cdc06911e0bfd646ccacfbf23e,exhaustive
1097,descended,979,979,1924,17808,979,0,True,True,True,6582,6954,6954,6582,6584,a4c68cd6bc5a14fd1e082a578de7b756b92a4821c46f390790b4552480bcc80c,d7fea98ea1ef9ff1af0754057c492e8811e61c3ece9fbeae64a8808ef2467a03,exhaustive
1099,descended,952,952,1885,17840,952,0,True,True,True,6594,6967,6968,6590,6594,eae958dfe8c6dd36ec2b509b9c7eb01d8ba7cb2cf0657815688ce016313906d9,ba768b9d5961fd0e11642fc704ff40811467966aa653b6779477348b5ef22771,exhaustive
1101,descended,1072,1072,2074,17872,1072,0,True,True,True,6606,6979,6979,6604,6611,1b81a5ea72b8b4c484a388ba5affc57e6132cba9c9a996734efe8f05b50875f3,486e845338637fb5d112b629114b07aaae44fa19dd2f7858229237c62ccb1143,exhaustive
1103,descended,1046,1046,2033,17904,1046,0,True,True,True,6618,6992,6992,6617,6615,4c6521a3c2e395f4e13a19f40dd3c17c66559df9deb454f919a5ce2da3cbfbc8,1e8d777a2ce92f43d897290dbae4b17b321b0179a3ef4b053d1eab5d18dff300,exhaustive
1105,descended,1001,1001,1962,17936,1001,0,True,True,True,6630,7005,7005,6629,6629,36ef72b56ff0647d61f567a0be454cd4873de8ae53b759cef0a1f60b49bd40a3,f12ba9d7faac6d8b51e618603a6be5856f5f011ce725f669da54ce4b74bc58a2,exhaustive
1107,descended,940,940,1866,17968,940,0,True,True,True,6642,7017,7017,6641,6644,6ec64aaa74b0bc9e657bbc7b0fd3b943bc812f4ba016401562fb0849549d7709,f2e1e8dc08eb28fd1bd489ff62018dbbfdc65df4ec182611fe46d50c0c58a053,exhaustive
1109,descended,916,916,1828,18000,916,0,True,True,True,6654,7030,7032,6654,6652,81f215079883a20ed352524687d4a40ca24f1f4f5c02c38f66f3c64a2ee286bf,bfe45358b46d3239f4d72f40aa6311334c39b6efa92016f81e7c913103438868,exhaustive
1111,descended,810,810,1662,18032,810,0,True,True,True,6666,7043,7043,6664,6663,948df7ef3b7c99f5cb3a8d1b89c658cf31d237706ad511a06b00dd1c77fd1c6b,5fbf0382a4b2f9526804ca8938c9be5bacdd7ee0b95c1c8ad7a833d675586076,exhaustive
1113,descended,782,782,1618,18064,782,0,True,True,True,6678,7055,7055,6677,6676,19293283ee909d1e5f0c928f016da011cc59bcb679fa9e11888a42e408ea2b5a,2c8593a61b52c4b5fa283b4526d1445c3847c621d0a7b9a9626857ed196de2cb,exhaustive
1115,descended,1043,1043,2034,18096,1043,0,True,True,True,6690,7068,7069,6687,6685,404b0e2dc6d9b7f4e7721f8bfa5fc48fddf153edde415e975cfe1a5d072463f2,ba41311fece65ee809c1aa4d60fc6355c81107dd3bec210ffa5ff6b2394e92ff,exhaustive
1117,descended,961,961,1904,18128,961,0,True,True,True,6702,7081,7081,6700,6700,e30ca393349fb19c168101e3ff54f14033cd49ca842c4a76b09786566c508fae,bada59281b5d623482dc3022ccff1e103d2db71ab76483816f1d695cd8dfd217,exhaustive
1119,descended,987,987,1944,18160,987,0,True,True,True,6714,7093,7093,6714,6714,fd00cb1d37bfd4ca3c8074d6d376cdfff6bfd0e2de33613f2e5f052ad2d00e93,2187d140642110db44df9316bb3393dc81f50b7a03b853a30b394fcc4b67126e,exhaustive
1121,descended,986,986,1944,18192,986,0,True,True,True,6726,7106,7106,6725,6725,99ae72c20265485e942d5772b49e81f6d0ae5eb2570b50c5582c1b92dac3ac6e,9d0b2840596b887c20a5c285a58aab242aafa7a587e820f4eaaa468f7e7851a0,exhaustive
1123,descended,946,946,1881,18224,946,0,True,True,True,6738,7119,7119,6737,6736,1959beffa7dc9f85c28f82feb2771584bd1906d41416781ffaf4e2cd5278e83f,bf5bf75dfa87e74d4d6b39c4f74af9a2fed63219d73880a9d03525e08830bb26,exhaustive
1125,descended,786,786,1632,18256,786,0,True,True,True,6750,7131,7131,6745,6746,a14b98b9873a8a27e335a407827361e27d9b65e3f79120abbc469ad1f1320a90,dae917458718a75e317b405f2b0ed0f860dce119bf55ef45903b314a90972b53,exhaustive
1127,descended,874,874,1768,18288,874,0,True,True,True,6762,7144,7144,6761,6758,7cfe33a66c80350782e32de00d3060fd84683ca17cc78c2879922dad2ffc79d9,e3bc950d36b0c01afc968c774e57e96ced07f2efd90bd495ec1dde5c09c35ca7,exhaustive
1129,descended,801,801,1653,18320,801,0,True,True,True,6774,7157,7157,6773,6778,4d85ec155019f458beef1f1169fdb7093995e56ed85a3403b956e90b00655fa9,72288dc44c6f818b94ac0eca46dc79bfe7084be7ab4e09c4b352a1fbd46a1b9b,exhaustive
1131,descended,755,755,1584,18352,755,0,True,True,True,6786,7169,7171,6782,6787,79b397dd4f5f96c90d550d40d7e43037aecd8ff8b429ce1dba967ee2db0bdc8c,064f731d1377e1290058732bde6efd572debff0fdc14c1d0d105c4075ca1e97b,exhaustive
1133,descended,781,781,1626,18384,781,0,True,True,True,6798,7182,7182,6794,6800,e1c83e287bf226c84ca91e865710173ce5c90f6da9ce5474ac31aa4c4458b10b,25f73ad7ffefd1ae772b1e4bf79c2d7b4ba2585f68a40439056871244661075a,exhaustive
1135,descended,1011,1011,1990,18416,1011,0,True,True,True,6810,7195,7195,6807,6809,52dd8541a16b8f11c3c5cbd2ad571754374722e43d496babcf575c1f0b7eacd2,8957abcacf7909e1da3ea1aa61e068e476a7ba3b0addc5a38459964e6f5cb00a,exhaustive
1137,descended,727,727,1539,18448,727,0,True,True,True,6822,7207,7207,6821,6821,4cb034651f4627cc625f1aa44e283cba3b8e074d8d561130ee819b455170276c,bdbfaa82188512513c0d3099f102a3a9f29ea555186ea24de98bb554e10cee26,exhaustive
1139,descended,931,931,1862,18480,931,0,True,True,True,6834,7220,7224,6834,6834,634be30a2633f035e8df1f3e465a491ac19335bd9def397e71499a569a5f8532,2cc4fd1c45e9b86ce5e6fa9a6a9e395f3e82a97ed3a6540f05a51c9d4d184bab,exhaustive
1141,descended,880,880,1782,18512,880,0,True,True,True,6846,7233,7233,6846,6845,f22ea30b3270262b51d3a00ed597abe446c20b3d4c1fa5854fca7d7f8c186c2a,71cbbf1e615272715686fc033d39b470561899ad84cb8908440e19ee0d6b1eb3,exhaustive
1143,descended,879,879,1782,18544,879,0,True,True,True,6858,7246,7246,6857,6858,0bf0d6215b5775e1d1713f9b513742f90a86d4242a99a2a382a0308478fbf3e8,74375e6b814334d9e0d95a89e6d14b0211d1c7403d81061caff7223ff66e5571,exhaustive
1145,descended,842,842,1725,18576,842,0,True,True,True,6870,7258,7258,6868,6869,9723beedfd66b5cb5b822ce5b5df139fdba0b0de6ec070e64fb9dd6bed8febf8,be617f301ea0c5a72f2b63756500fdd64c596deb0c018651c4615ec50cb71bb9,exhaustive
1147,descended,915,915,1841,18608,915,0,True,True,True,6882,7271,7272,6880,6886,a37c33536c086899f916889574d1f569c8d1dd51af97de754ddabfa4e8ba8f76,2f1241741ee148ffa8c13fc73224f63102805340c022ae5bf08583d8c0a9f399,exhaustive
1149,descended,875,875,1777,18640,875,0,True,True,True,6894,7284,7284,6893,6894,99df47f6023af18c8cb1e7e14961df0bec4a66ac5848fc003fe16dbc9ee1cf13,577b198fcb5ae3011198f562a104202ef152d42b37c206165d7dc7703a54c86b,exhaustive
1151,descended,1043,1043,2044,18672,1043,0,True,True,True,6906,7296,7296,6905,6907,aa9b1ff5c4f57ad27e8850c567683010640512f98a75d03bc82528bb4c99fd06,55d39de9d182b03e18685d15032c4c9210eed8068cddefb80e6491790e73483d,exhaustive
1153,descended,829,829,1706,18704,829,0,True,True,True,6918,7309,7309,6917,6919,e7a6d6fdb33a5823cbc7514eceeead7f0f4864ec4d4ca89be58cd29ad204935e,53a94257573c8824b446183afc1c8cedc092ce5c233d31e120dd99755d7f0c9b,exhaustive
1155,descended,974,974,1936,18736,974,0,True,True,True,6930,7322,7327,6929,6930,7faeecd8b895b3b3d2f76867279b59b6535ade09225b524ac4a269e50e3bf8e7,ed0a8070edcdc146ed0fc04acd90a2801c7692accabdfbef99fa9b13014e5d61,exhaustive
1157,descended,1022,1022,2014,18768,1022,0,True,True,True,6942,7334,7334,6940,6940,eb92db5959f52fd0b41c7eb1ae07101046f739e6a316a4afb59a9ba6a467c231,ac9bf81e4f1266f10ece48b135aadff7a246b9f669b5c4b9271164dc63f547a8,exhaustive
1159,descended,979,979,1947,18800,979,0,True,True,True,6954,7347,7347,6952,6954,94d11c0c8e94bc3b835a99f2da0f8cecbdde035e141c70f59b9b947f606f3bb1,b405ce811d41fe4324023e5bd21b02bc9c0348a40feb40535c299ec96e6d2836,exhaustive
1161,descended,957,957,1911,18832,957,0,True,True,True,6966,7360,7360,6965,6966,22b54fa859d7d2b6f5108135e5d207fb9e348210acbdeb27a481975d49226d9e,9fae6f8ed0f5142386fd8bfb732684cf265cdcdf6ea57fcc6de58f7a7f9ce9a7,exhaustive
1163,descended,924,924,1860,18864,924,0,True,True,True,6978,7372,7374,6977,6975,04c628e60a9e6422860c0bb4c85472ae841a514d9e684747bee5a4b8c51fd7c9,49a249eabb0790761a429c41c515cec23053d6834b7f7d8cf965d19bcf429945,exhaustive
1165,descended,884,884,1799,18896,884,0,True,True,True,6990,7385,7385,6987,6989,9eb9fa1f1471b821964430b760246941347affc449ae0a856c03a001e551e5cc,c44cf10818dc46a869d22993f26ffc3bafef0f85c433b6721ab7bd79adcc73d7,exhaustive
1167,descended,832,832,1715,18928,832,0,True,True,True,7002,7398,7401,7001,7003,a60df67227baff7d8513287578ec05b27634c7bdcad999bdc62fbd331f550c0b,616d938cfa088736f9740fda27b2bc5f3c733f51753f0e61856802f5386ac8d4,exhaustive
1169,descended,970,970,1935,18960,970,0,True,True,True,7014,7410,7413,7013,7013,4d6f1170a35bea556ae01ce745ae6ae8249b1d63eb3fa9889b24593945b04e0a,cbcff0d171c27c37dfc6709d900a0e07de39ee9f81df7dbc3c4c58e5a4a8080d,exhaustive
1171,descended,891,891,1810,18992,891,0,True,True,True,7026,7423,7424,7025,7030,52ec6fe0aef26f1420b33c9deef6c9123a8ea522e8b9278f80de4d7128ae0c53,90bd64781c2818a1a563e3f362e9edd7d14a81d7a724f46447bca67c99922cf4,exhaustive
1173,descended,866,866,1771,19024,866,0,True,True,True,7038,7436,7436,7037,7037,cc6d43449be4f9941a8347dcc4ff9ef2bf15abad1eef2df0c029f95b25a0b54e,382b331a96c5fe1657e71da063e6da37b2457d8b0d18c23f605a10c8604ca640,exhaustive
1175,descended,1033,1033,2037,19056,1033,0,True,True,True,7050,7448,7449,7049,7052,dcd1cde6e457d1fa9ed0b680cb527b8f5ce45c8f3c7312d20cd6015d90acc6f3,3443a6385b2272be10e16b03f9311524e5e66960ea35f1e3d1993ccdefabb999,exhaustive
1177,descended,983,983,1958,19088,983,0,True,True,True,7062,7461,7463,7061,7056,7dec16a75db429cc803bcd38ec763f9858bdcfc87e6464767f253e1279adf7d7,68721313e0cb761db1aae73b31397e5fd1a61f1949228880c1d7f8d63760f021,exhaustive
1179,descended,967,967,1934,19120,967,0,True,True,True,7074,7474,7475,7072,7074,565b75ea67d0637337ecf228f5158699a2d9c2bdefa2308acbc4add1e529ba28,fcb2be2bb6a3d4ee191ffea6579f9a1133d0a9fe854789c61adfbe616bab0edd,exhaustive
1181,descended,926,926,1869,19152,926,0,True,True,True,7086,7486,7486,7085,7086,8e451f10c127a336a6a55d15dc7ad200c918024aa8e04ef667e3e4c6c4dc2342,73fef72e3db2f0f37c022ed6886282f762d04e4d4f0ceaae7904c8fe9b3364b3,exhaustive
1183,descended,891,891,1816,19184,891,0,True,True,True,7098,7499,7499,7095,7098,58922be97dc516dde0bf27b999ff66d67a2fa220f77da6dfe39185b94d4c1aba,807b04e44beb4718652bb58c38fe2a0a82a03b821b9860bf09657b1f2e7f5244,exhaustive
1185,descended,1054,1054,2074,19216,1054,0,True,True,True,7110,7512,7514,7108,7108,d9a2f986ca773f97d2ad7110798c7e5874cb612026f33a118d2971c7e27e4c8a,036fd1b53528389304d9052715939a085913b1675ccbeb3edc9807890537dcd7,exhaustive
1187,descended,903,903,1835,19248,903,0,True,True,True,7122,7524,7525,7121,7120,6f953bcb1934b6aaab8bbcde2ba34b17539c0316d17be5331819462cff9f8b41,83aa748b1f846e4d518f209154f85524f4b94e53b4c82e20558f306f154ccbd7,exhaustive
1189,descended,847,847,1748,19280,847,0,True,True,True,7134,7537,7537,7132,7138,d3ae737ceb5cd7d2fc88eac2dbcd83cc728bff70750c138dac7d1790d8f89844,904172b0b9e6a2c05f5ab19b2d1da3048ebe6818b815939a285b4a28abc62c7a,exhaustive
1191,descended,822,822,1707,19312,822,0,True,True,True,7146,7550,7550,7146,7149,95758ffef0d740a265c1ca371616d73e35808acfb7d4484077a989b1fad113ab,9f8f1cfd72aa5eb029eed19693fcb9cd14aee801c68084c0574a98ed49e1e579,exhaustive
1193,descended,956,956,1921,19344,956,0,True,True,True,7158,7563,7563,7157,7161,cde5855e5c997ebd0aee6e1cd4aa9a7b2ebc97599f859cca649593b33ef7c242,594dde016caecee47581b27652786bd942367696fcab8eb7e86d828b25a830e2,exhaustive
1195,descended,1019,1019,2021,19376,1019,0,True,True,True,7170,7575,7578,7169,7162,f2c1a3e46cad008ca995d430a90a3ff1892212555ce8479f1f5c2f8ec3e074d0,f00cb7d2c8ddaf156ff6825737825e4d9236d600964fd989098788934f7f7e70,exhaustive
1197,descended,979,979,1958,19408,979,0,True,True,True,7182,7588,7588,7182,7186,ea17f1baf33d56f3b079521a254eb85f3fd2b9f8a2aacde5b0f97b45ea502725,ebcb79de936d6d05d8a68861d739241b20671ec906820908cae992f19087a67b,exhaustive
1199,descended,950,950,1913,19440,950,0,True,True,True,7194,7601,7603,7193,7198,d4c692fcd7acf27137762ca8b5bb70fce02495dfc5e508aadeee4056b7143078,fd29513b78fbf9fe6393c9e868511a2637f7f8d5b0422f1f235efd373a706cb2,exhaustive
1201,descended,1002,1002,1998,19472,1002,0,True,True,True,7206,7613,7613,7203,7209,08acdf75b784338351f03cdaad09c642215f1e6f63d512080ee44ceaa2918819,ad810c3a123866bab6f2fc697dd41d5029233676764d571ba2266188be088cbf,exhaustive
1203,descended,1085,1085,2128,19504,1085,0,True,True,True,7218,7626,7629,7218,7219,c7ff5bbf3c57451186e530a1387dbb9078ff5a15aa885d8dab6c66148d138ec6,20fdfcd62058910c6f3a5039d6a8d93f7b5c26d2441b2b339ebdea53d474f867,exhaustive
1205,descended,939,939,1899,19536,939,0,True,True,True,7230,7639,7639,7228,7231,2cd51e348d62b64ea0e5e69ac51bc42f350ca9468910e54050dec24f5f4cd6fb,6d0f1fc9624490a025107d7ae311ef00ec2c8ba6140c8188bbb6ffa181e32ffc,exhaustive
1207,descended,1070,1070,2106,19568,1070,0,True,True,True,7242,7651,7652,7241,7246,446a86bac6e2235064e2e046ec3e7f38fc5f3a868e5c05a0b8b677e173a7072f,b02de61a0654082edcd8a321d12fb01c708ef7c2a3c337b25f044d13692f65f6,exhaustive
1209,descended,1044,1044,2065,19600,1044,0,True,True,True,7254,7664,7664,7254,7252,b08135338c0c49664e8a079a6e13d5d0cee8c7f3ddf4ed347db157f88406627b,822500fd62abb2014f7d6497f8beaf40de8fdf1f82e53b3bcaf3a4e93b9978b1,exhaustive
1211,descended,993,993,1987,19632,993,0,True,True,True,7266,7677,7680,7264,7259,8b4fc7ab78b7da83cfef9d1487b4836e8edff9629846fead884ac6e1f016e9a7,d6e550c00ae3b6c11db7b74400ae4edae8d59172dc8c72d829fa09bb601a8934,exhaustive
1213,descended,970,970,1949,19664,970,0,True,True,True,7278,7689,7689,7278,7278,868c0b2f291a8414a4034d0f356658179da78f8e7450a93c9211416ff6bef207,210197bc5a4762d47bdf5c1ce05ef3d19fa9227917585f4f61fb5fa7a4589862,exhaustive
1215,descended,907,907,1850,19696,907,0,True,True,True,7290,7702,7705,7290,7294,3e76eef70df400b8b17c2836cf2ea15b82f61ae3f572a23d86ada8baa71de37b,ff0c3e894b2a4d958d81287590b366cf70b94f76e4ee3b64325cd2b983133bbc,exhaustive
1217,descended,1024,1024,2038,19728,1024,0,True,True,True,7302,7715,7715,7300,7299,2608fe8e813807428ea5be024430d57e8a05a7a3933a1193c174073de57e0b18,31592cbe196e96da161ad73de4e329e273af2000f86ad7f57eb67ddf7b298e0b,exhaustive
1219,descended,1002,1002,2002,19760,1002,0,True,True,True,7314,7727,7728,7313,7314,483765c79bfc9173d697e58337c0b952190391b825684ca945eb305475b3afed,a86bc5ae7101968716841be418dde6e761f291c43f01b581d9dc82047b2004f1,exhaustive
1221,descended,970,970,1952,19792,970,0,True,True,True,7326,7740,7740,7325,7327,106f5172c5ad32a2d804bf10b85fc94fe30594244377c1b98dd975c44e4529fd,b2c116a80a995c5d9ee465c9e058fa227dc522eb8567e8297365b5c0ae39ddea,exhaustive
1223,descended,943,943,1910,19824,943,0,True,True,True,7338,7753,7753,7337,7338,460361d1c51ca02fe1d640b78ce80460a6bde2b8276352251cd2fdc3721828ca,1c3e82e345d67ad832c3b3a858228ba553b15b5933e18c1690a829ce684ea2e0,exhaustive
1225,descended,831,831,1736,19856,831,0,True,True,True,7350,7765,7765,7347,7352,774c6cfe383307643803fbc3faa3aa3757d3053a7f8a010e52bed7153d5aceda,5e68539bf5df989493113a50700db1d0c808b62d52a41181c1f45ccdbb901d1c,exhaustive
1227,descended,1206,1206,2329,19888,1206,0,True,True,True,7362,7778,7780,7361,7364,eb5cf50a75f5a7bf4796b93b9e9c8758c0157440cfb960e7d09086cfed0b071c,bebd41c5186e1a526d68140a9d22b0d867964c7a4fc85140b19e792cff01a011,exhaustive
1229,descended,1178,1178,2285,19920,1178,0,True,True,True,7374,7791,7791,7373,7372,34b8c2118ba16c0bccbae1d77de7ecadcc76b477514d8d638688f4edb09631ae,fd7e6895bedbf14b51251d0b9f7652eff63f241fd71eed14e839007a86451478,exhaustive
1231,descended,1124,1124,2201,19952,1124,0,True,True,True,7386,7803,7803,7384,7387,9fb79e22d68bbc94a32efc3dcc25214fd29b46bdcce831b7e0f8897485e159c6,40c30f1efb43db43e85ffadc2adb56daf1f7a2d5adb4a7e104994fb166279bbf,exhaustive
1233,descended,1100,1100,2166,19984,1100,0,True,True,True,7398,7816,7816,7394,7394,effb3291dcedd534c686bae7b90f0bf5edc7b678921e46609a2b5201ef265a76,63ff17bc7b7aedad6235da0f8d8f62893cd87cc63ce6e89a6e2f0bc70f6b0bd3,exhaustive
1235,descended,1061,1061,2101,20016,1061,0,True,True,True,7410,7829,7829,7409,7404,8fd33ff13a1f3ed76d637e8f2b6713cbfe890a833d0f6662992b9ca7b93e39bc,fcd373b85a52fcfba864dfef13c24b536c980915a291c61ae2858eee9c258bd6,exhaustive
1237,descended,1021,1021,2038,20048,1021,0,True,True,True,7422,7841,7841,7422,7425,ac71376fc4e11fbb1c2a2d6eddfb1321f8b0d4937a2b76d6e040f970627a214a,2c154218e022aab617ae659c3e5449a0ece7b9d64f20ac3bac751e04d636014e,exhaustive
1239,descended,989,989,1988,20080,989,0,True,True,True,7434,7854,7854,7434,7434,31485b97a7cd954c8babb80c417f673b14d73f1e248f80fe38c83c2d5a9b77fc,daf5f46933270f4d0682f330f4cc6c2ed133cc688c04a06ce2e36e833ba69f0b,exhaustive
1241,descended,934,934,1903,20112,934,0,True,True,True,7446,7867,7867,7444,7442,f39a4b73260b9422c4c9540cbc1227035cda593ab4bf3c9a71cd94f3bde26ae3,4893baa92c086b961655c8403b02baac9a005d3c231a3f3fdcdb97fc8393f273,exhaustive
1243,descended,1062,1062,2105,20144,1062,0,True,True,True,7458,7880,7881,7458,7456,1d61802da20212a6c56fe0914a8d091a12284c40601be987f458e11f0a55fc67,03765050ddadb4e515039a33b4022c81e7f430096ca3f17fffafbd231ad65457,exhaustive
1245,descended,870,870,1805,20176,870,0,True,True,True,7470,7892,7892,7466,7471,d4089fa8bf05745d9422b7f637d6ade3636bfe1cad091bf6a377de4174153e71,7ad71662c63830e36ec3c32f0d6719243fc24f61f35baef8b508a2d7c72cc9d9,exhaustive
1247,descended,959,959,1944,20208,959,0,True,True,True,7482,7905,7905,7481,7476,bc170bd5350ff657880263dac1d7d6a86aedb7439f3dc7156e44ae12c2ec9580,0759861b2027c51c7f36d8e41fcb780dc0f114a51b780e241331f612284cf6a3,exhaustive
1249,descended,932,932,1906,20240,932,0,True,True,True,7494,7918,7918,7489,7506,4e49ebfbb47d059ea3d6a6478e46aa06a5b79d204190d29b2a079f729c4c65ec,53fb25aa1a63be99af0faf64f30fbcb54e22d57b78b13c409a93f111216ada80,exhaustive
1251,descended,1008,1008,2024,20272,1008,0,True,True,True,7506,7930,7930,7504,7511,b18bc0285db4c3c3863956f7e929e00b32211925a30dbf52eb9f5755e8306225,4a022094574f2b5094c1789fb4e20c7265900502adf219c020ed73bb806c8fc6,exhaustive
1253,descended,992,992,1999,20304,992,0,True,True,True,7518,7943,7943,7516,7514,5ac0f05966f0620ccd8afccddcb4de27c0e81e75a9df5c37a2251d24fc6be507,9a6fff12f7023b19093b4686c992e9bfbe35404be9f9bdf8d72252eae8452bea,exhaustive
1255,descended,968,968,1961,20336,968,0,True,True,True,7530,7956,7956,7529,7528,ac3587c1bab1c5cce962e01094484538153215547a6d3da81474340409dced55,bc332aa81a227a6426a5d13ecb0d3de2f53c694f2acb7113f54f439c8320103e,exhaustive
1257,descended,929,929,1899,20368,929,0,True,True,True,7542,7968,7968,7542,7537,73935d3d3fc32f7df9a1132c269c5230eb30e9fb8f9de6d73691d30b118ef6e5,300657c4e257a9c6d0a867a11667911fb7a0f4c1f508b76fdb7ebabc156f6df0,exhaustive
1259,descended,900,900,1854,20400,900,0,True,True,True,7554,7981,7983,7553,7555,aaba8be41093a734f23af531bcd45ed121eaff3123a5b3f21e5e1744918bd5b4,0d9d7110043dfa41422bf597a93a5af558b405b6580982b3645c275cf8ef3fd6,exhaustive
1261,descended,863,863,1798,20432,863,0,True,True,True,7566,7994,7994,7563,7569,272312dcaf04a1cbdae75b7c9442bc71b0fd3fcea470761f605049b600a0282e,521fb73b77a87e6f5a25ae7ec1ede4635951700083f802268db00de34d58c418,exhaustive
1263,descended,847,847,1771,20464,847,0,True,True,True,7578,8006,8012,7578,7578,a5a3b83dd14984d26701c9f88c64859328cd1a7cf1db9b52cff846a806b3a685,a2cd0d53b39cd10b648ac221977ae6fcc7473f1855310de6182cc9ea7bc0d1ae,exhaustive
1265,descended,1025,1025,2054,20496,1025,0,True,True,True,7590,8019,8019,7590,7590,cd63ec29adb61112458a4a2ba01154a5dd0b50851e89050ad09ed823eaa03add,8ec41e3db8573582ffc751dc672373938a8e467fa64f60973b74be67f701f976,exhaustive
1267,descended,996,996,2009,20528,996,0,True,True,True,7602,8032,8032,7601,7602,a0abbd4556886d4c4c49bac80daf15a251416cf4a341bbe271ae48dff0d05c6b,8a3f0ea6c7625b6a5625f03e32c3af51f3741c376c07017b5c0251dfe5d796a5,exhaustive
1269,descended,1197,1197,2331,20560,1197,0,True,True,True,7614,8044,8044,7611,7615,d908d73f20c2f6a4081fcae0d658a51d0a83f0df6a34ee1350feea805185f49e,8b542f6c07b12cc3fb485ba2546d374bb508599b86602a2b885255eb4ceb6a45,exhaustive
1271,descended,1179,1179,2300,20592,1179,0,True,True,True,7626,8057,8057,7626,7623,b9e8fe1fe2790476be3365e96d2db274d64220f5f524178fae89cbcd3d84540d,d4df549497507f08df9141754b600d441cd444c6dd80fe70d6ef3370d373d222,exhaustive
1273,descended,1154,1154,2262,20624,1154,0,True,True,True,7638,8070,8070,7637,7636,78093da941957f317c7021c8f853ba994e85c9488b439e7c01a8dddb86e86abf,d7955bafbec87926a983edcef237f8c7f3b30d52c76eb6c77c272b96686366c8,exhaustive
1275,descended,1081,1081,2146,20656,1081,0,True,True,True,7650,8082,8083,7650,7647,6c3a08dee0bc6f4b2e12af6e94c1fd4abcc9ee788c70a011419d8f2151c6ca91,8dbe1c42010fbf03ffc658d8b6b9ac93bc5a262e9eb8aac825596c7ed8d06210,exhaustive
1277,descended,1035,1035,2074,20688,1035,0,True,True,True,7662,8095,8095,7662,7663,0f81046797cfb84d28f4dd9b5a14f9b961209061a233851f345bfee289ac551c,bb9facdbd5bf0332126b9fb0fcd490dbf9c9f58f73af47cd0d1d52a2de3f50cc,exhaustive
1279,descended,1005,1005,2028,20720,1005,0,True,True,True,7674,8108,8108,7673,7671,e57af33974e4e824d6b35ad57302c813818d7b92adfc3c4f49406664a837ce5f,8714eeda1e3bb946bb5fa41898b8a64801095923d1416e2236d3138f7c11460b,exhaustive
1281,descended,992,992,2009,20752,992,0,True,True,True,7686,8120,8120,7684,7688,ad4ba244bed894630f068e83ec857ffa45303cf59ae1d17b08f9879d56daca8e,b7970ab7bee3f920d1b90cc73a66cafe53d2a7df22a4502df80827bd9d609db9,exhaustive
1283,descended,1226,1226,2381,20784,1226,0,True,True,True,7698,8133,8135,7695,7697,71faed55e3916d44883c5ba3257b1e93e889a2f908184c9997389fd52441ff26,3fdd5bce0974c896bb84fcbe244a187cbbb56e94c847bd107993755227249057,exhaustive
1285,descended,1136,1136,2237,20816,1136,0,True,True,True,7710,8146,8146,7709,7710,beabbcc7b435aabfe77d935ad9aed6096465e09650aa4ee74f77227cfbc3d88f,e8c3c56525eee45ac39a1c99402769437b62ffd930118c0cba81c57f26962ea6,exhaustive
1287,descended,1121,1121,2214,20848,1121,0,True,True,True,7722,8158,8158,7721,7719,95c10489be2b1942749eec3b9ef125241cb37e5ee99602178235c58679e1cd81,d10c0d1e11be37abcf19bd1e0b54838fae5c463772948e8c33c5f9437f5a5b2d,exhaustive
1289,descended,1090,1090,2168,20880,1090,0,True,True,True,7734,8171,8171,7731,7730,275f4386a73832973576e652cf6ecd3fb0a341ff2a829fcc2bc06bf22c047aed,7e130ca9b76ae96bf85514e13df7dea864bab0c59f5d76ed9b577668b7eda6ce,exhaustive
1291,descended,1165,1165,2287,20912,1165,0,True,True,True,7746,8184,8185,7743,7744,75be8da39178572d798daeb7feaef23eb2a049cfdd2f99092191d8262082d518,f9c4e024dfa2d2f72f23ed79d6f969e16be203c62ae322f3e7f0ca6e0f2beb3b,exhaustive
1293,descended,1121,1121,2217,20944,1121,0,True,True,True,7758,8197,8197,7756,7756,11d4d85217a896d7639d2b116cf26d934a45f356d25b1bc2ce92c887246b49cf,7f2aea6b7e26ac8e1bf5449356793fe9f07eff031aed8a42dcae87dbcd2c7d17,exhaustive
1295,descended,1059,1059,2118,20976,1059,0,True,True,True,7770,8209,8209,7770,7768,795d953a5fdf10b2935c9f3ab4897f4a2c44099efd8470940084dd001d325dd0,380533bb66871f3a7f8745412b1217b5bb0183e68ee8e48635911a80f169fe90,exhaustive
1297,descended,1017,1017,2052,21008,1017,0,True,True,True,7782,8222,8223,7782,7783,dd3ff1569b31cfc4c7afbcc7c85369faa3558fd87dfcbe1e673cb148ac96ded2,4f6e6414cf1b317b5ae0aa1857f168d12f97c7b5ef7859ddc86ea3c97df8c910,exhaustive
1299,descended,969,969,1977,21040,969,0,True,True,True,7794,8235,8235,7793,7798,a280af279abbdf4d6c1531bbd02930f115b6b31776b3dad6c53f5ae3d90a5e60,408c01830663336dcc693938f617d9ba298ec020a9e407ccb0f59b77f3765a0e,exhaustive
1301,descended,945,945,1942,21072,945,0,True,True,True,7806,8247,8247,7803,7807,9743e0812767314b4e15d2ba71b3845fabd580950c9863301ab0f2833a6a207b,a8acff5a313700b867b55ef419700e4035d2e9e3139460074af3f016e6567e86,exhaustive
1303,descended,911,911,1887,21104,911,0,True,True,True,7818,8260,8260,7817,7825,2ba6d89aadb7fbc5a16d84033c40a0f65acb2486968908a8b3039a5dfde097a1,d67475ca2a88a9294fd67f211fc9c9cccfaa601ba8231442a172e08a4f11f91a,exhaustive
1305,descended,1142,1142,2257,21136,1142,0,True,True,True,7830,8273,8273,7826,7832,490cfe1b1e8654e4567501230429dcebe41cd3176d2d94a4c2acce09b7bebcb8,85b67a7c55de1600fc258b7fdcd6d8a16b3b0a558972ef0d1a5b4d7067b3ef09,exhaustive
1307,descended,1103,1103,2192,21168,1103,0,True,True,True,7842,8285,8286,7841,7843,0e604c2b63e287e5418b7ee52a9a653b89439ae248d560f19dcce566b81c5813,ac4f7010d6827e859fc21ac13085f9b30b4347fc4640f895dbb943aa7aae8461,exhaustive
1309,descended,1214,1214,2370,21200,1214,0,True,True,True,7854,8298,8298,7852,7853,e0c4be19baa4e6e22ae53b30531011d94b7b253fb0e3490707f7dd02835a635d,c6f334dd229eac8a93d7bf5490c3487f8f3f94a5dcadbe4d84c254b493269737,exhaustive
1311,descended,1137,1137,2248,21232,1137,0,True,True,True,7866,8311,8311,7865,7869,a91b76c08864501b4a75c88094e94418835ec4fd3aa017cc4dceb1752a45ee64,27ada9d1cd6a9c97df696c7de4c1fda39d2d8cab1a956f51ebd33fc297e983aa,exhaustive
1313,descended,1228,1228,2393,21264,1228,0,True,True,True,7878,8323,8323,7877,7878,dbd7ce2954880c9861da9659e44aded9aae623770902827acfc27680d0c2a809,918147bc9e46bcccb358f1c0728a97f3f5ec1515df75cdc7aa699e87f4b5cc7c,exhaustive
1315,descended,1170,1170,2301,21296,1170,0,True,True,True,7890,8336,8339,7889,7887,0473957c92f2a5151c4abe524a73b354b4dd4913af35f8659e4ec1dc802438eb,35d0aebc88783c60acd75becc6cadd132280164f9ba9f7dc35254d68b78b91ff,exhaustive
1317,descended,1122,1122,2228,21328,1122,0,True,True,True,7902,8349,8349,7899,7906,3c289c166e8d7af221ea3be864449ac71d1d741901a0372fa7464e106d7b62dd,42405643f02814eeef0fb85764b412887f76b0a5c575702a4deb453b435828bb,exhaustive
1319,descended,1050,1050,2114,21360,1050,0,True,True,True,7914,8361,8361,7912,7915,785d0c4f207403c297c5413cd25abf666877d09203e480f9d38504751c9e711b,1f5a789387b0d5b70aa04f8042e72e798cc3faacf4a6ee38c70c4f30476b383e,exhaustive
1321,descended,1020,1020,2065,21392,1020,0,True,True,True,7926,8374,8374,7926,7929,f1256e5a5eed670577c8ee65b6de4e3c07ca2676a48a4d89ca211770d5fab42e,dc394364454fd10d6bb564c1e4b7bb28fa4804e3e4b17a21d79df41333021468,exhaustive
1323,descended,1172,1172,2310,21424,1172,0,True,True,True,7938,8387,8392,7934,7932,7e360c2943916d147fce536e4a7fa75935287cc91b87f7493e6ccf24335c26d8,ca21de16ad50414eb09d329fe7123301e3968092fee4a8bc34f814430caf776f,exhaustive|prescribed_growth_prefix
1325,descended,1149,1149,2272,21456,1149,0,True,True,True,7950,8399,8399,7949,7950,e1dea7d85cb63b71091724840d5e8554da7e9025b34830188b4766edbf3440bf,a673bc0b0ea674afb1ec5986b2c10c6aeae92e285c5a73e35011cad8eb2b5569,exhaustive
1327,descended,1129,1129,2240,21488,1129,0,True,True,True,7962,8412,8413,7961,7962,236d0ad5640beeba8a3dcb8e36c459e2a5bc4b5290f86e464791d3f8ab4e5819,8f23b3fbbbe1a0071e3dcb0808ff5586f7c3735ba7cdb02af95e91704f019676,exhaustive
1329,descended,1089,1089,2177,21520,1089,0,True,True,True,7974,8425,8425,7974,7976,1a8e73cf0e506decbcdabf0ea089ef3d0943f200b1b6a0980a1d9157fc882dbc,00b3c35cd4a04a133de9db1063a6491304d42abb99778d91d2d9e7a9cd825629,exhaustive
1331,descended,1040,1040,2100,21552,1040,0,True,True,True,7986,8437,8440,7986,7982,a66402426ee9ab01a88634f10c5be18ccf320c528cbc976543a95762f5fd2bbb,d4ba04d7c61e79cc81eeaa9f62f6c19b075c74a0097d0c598f9c8ff50cfbfd41,exhaustive
1333,descended,1206,1206,2365,21584,1206,0,True,True,True,7998,8450,8450,7997,7994,cc5574b0f939e9a95f20fecda9bc12bd03c2787e3da6bbe53d0030fd72dc7d39,2e8f6639ce964897c9a7c5777b394394fd258fe41df40c850b98d66167a11cc1,exhaustive
1335,descended,1167,1167,2305,21616,1167,0,True,True,True,8010,8463,8463,8007,8010,77fa06de94d8137b6dc9078ccca8df38633c1b764fe14b301dfe2c45406c8db4,8b290b3bed6e610bff2df69a4b10fab22445c2c5e6dff78f63bea97b18166a0c,exhaustive
1337,descended,940,940,1944,21648,940,0,True,True,True,8022,8475,8475,8021,8020,8be3ba03cdc2e05cc26c2730de73716ba3d3b9819e98bddf42d2c5cd208e1bb3,0b6dc566157bf13fce4caf891a874fa75061cdf95304f693a0d6f60c80b7b747,exhaustive
1339,descended,1103,1103,2203,21680,1103,0,True,True,True,8034,8488,8491,8033,8031,64b283ca76f474b84e5bfed4ab08edc007f0bcceb179b15bea415c723b16590b,4d02b62e78c01406f81491362776d8261fbdc54f460280b2cd13577e25b25145,exhaustive
1341,descended,1051,1051,2121,21712,1051,0,True,True,True,8046,8501,8501,8046,8046,29384be68a3fa39d134b44c7bc117e838d3cd39b22030911b2cc426ec557bada,46a4e36c45a8224305a8574479c6d35b9f9f8698b823048a48b1f2a3b1349d89,exhaustive
1343,descended,1308,1308,2530,21744,1308,0,True,True,True,8058,8514,8514,8057,8057,130c7fb618d4772c17d6179255fc050324d83828160390eb2f2e9fb63d82592e,725ff9ad63f9e20dfd9a29cb304c9d6884066163905cd2db2b9d1a8c986e1bf3,exhaustive
1345,descended,995,995,2038,21776,995,0,True,True,True,8070,8526,8527,8065,8069,9e1dff659eaf1c8d9a307e1749304353786d1a4c20cc39c96c61387f495b804e,a4b56131230e85f2fcdf9ea779a695c7bce6b6f59cdb540c8671cf1d645fb74f,exhaustive
1347,descended,1217,1217,2389,21808,1217,0,True,True,True,8082,8539,8540,8079,8081,5f99c9bf66b08eafe088676765ea3aada7ad2c85f53e04f7f6e5e1e4dc804d2f,9747f7490e46d2bd58bf6a4a7459888ce9ed344d250a930a09b652b5e80260ba,exhaustive
1349,descended,1096,1096,2197,21840,1096,0,True,True,True,8094,8552,8552,8092,8098,f0335b43f43b1ebd25abe00962564c78fdfd3e0b2bd0781d434c62f2295a2584,1ed75a6d57fd9e9a9343aeb1a6e50fff964046aeea5ceb6872c12ecbd41f3c10,exhaustive
1351,descended,1069,1069,2154,21872,1069,0,True,True,True,8106,8564,8564,8105,8111,3d7ffbc5aeaf8918183028d94b6df1aa60edabe7d7f4a5d7444eef285322cac9,4c07faa961302fb5e446c0e47ad9043a588ea562b159823040009214e46ade69,exhaustive
1353,descended,1201,1201,2365,21904,1201,0,True,True,True,8118,8577,8577,8115,8118,2ec4e1915170b9fad6cbd7f69771989c370bc778b717167f66c48ed546121624,2c4ddbdca4d1359f44406b04a2166a5c73106b85f7a96a9fffe11a8076055c5c,exhaustive
1355,descended,1238,1238,2422,21936,1238,0,True,True,True,8130,8590,8591,8130,8126,c09ae170900040667ef7be2868c8635fb8a24959078da70bcde885a1e80757a6,0d5b7e83d370666da67dfcda6543d7bdd0fa3e4a1602126494d27d91e8963156,exhaustive
1357,descended,1217,1217,2390,21968,1217,0,True,True,True,8142,8602,8602,8141,8144,d66cc607215922349aacb71b79616dd96e092b01974bae64c52ddc832c52ac3c,48e88414e09ed1b2251df6058a51cf97b13bef94eb0464f59a79d060e4fdc4c8,exhaustive
1359,descended,1205,1205,2372,22000,1205,0,True,True,True,8154,8615,8615,8153,8156,f37bfed1628f43966e054cdfef175a977ede9fa6739c24f2e0c9d61486716605,b25bc45a338eaa3745bb47765024ed2e1909bbf08205224c95b1438771e021d8,exhaustive
1361,descended,1083,1083,2179,22032,1083,0,True,True,True,8166,8628,8628,8165,8166,747bae90f9aa488e7371f5124a5d09f0028a2e3c86ed300ff4a096d5bf1b6a70,03968aff2f1e1a3c82ce5479d0d7313eae8bad61295a40f9da4c7ada30aa8ebe,exhaustive
1363,descended,1312,1312,2542,22064,1312,0,True,True,True,8178,8640,8640,8178,8174,1996525d373f4214feee8dfaec03b66e80949d8471c56f4405ad82e9379ad147,0a17060af1cb1a1d6f29bb5c6d7fe9b574a4bda90c64e247857b36c0140995e4,exhaustive
1365,descended,1287,1287,2506,22096,1287,0,True,True,True,8190,8653,8653,8187,8188,1fe3be0fac66fd908d24ddbed8d29947ab56ed221930169f416fb57e44c60005,ee6a637fc956e13690709c8285759d58ee6f44471528f6213ed263936337e029,exhaustive
1367,descended,1252,1252,2451,22128,1252,0,True,True,True,8202,8666,8666,8199,8201,21900cb76d8969513d9a9fbc49b13d379688618873466c87a5ae0d4bd7b02496,21300229cf56cd1d18a308ca2bb6f0389818fdc5757de4c6b33976be6a708343,exhaustive
1369,descended,1176,1176,2329,22160,1176,0,True,True,True,8214,8678,8678,8213,8215,0566efe9fa98138d545aeaccb66e26ec16c5240cb22c1031c786cc1dc5088d1a,812044eb7a0e6df21993ab483937d773a9041e110372d4381e6d472b5fb7f37d,exhaustive
1371,descended,1127,1127,2252,22192,1127,0,True,True,True,8226,8691,8692,8225,8224,e283f84d323dc4efc295b4871c757a7a070462776bb977184b7c38e641451591,e887f0cb3779f34b851e752755fd5926a49fa246d50c6ebf7f81a201d02111f6,exhaustive
1373,descended,1176,1176,2332,22224,1176,0,True,True,True,8238,8704,8704,8236,8232,5a1f718d55df2437e366a25b0edd2ee2811273f104d7916d1f77e1cc549ceb4b,c5f4e75bab8079187e8a1fea8206f60833809881a297f8f8a9f93b2fbc356861,exhaustive
1375,descended,1154,1154,2299,22256,1154,0,True,True,True,8250,8716,8718,8246,8249,1076863e7f47cb41226f56bf30e539b33f1319590d0ba7dab396f3267a2af1a5,f6a5d401c2204b5ac4c57e8dfa47365d540e2c4460869842faed2f323f284dba,exhaustive
1377,descended,1241,1241,2437,22288,1241,0,True,True,True,8262,8729,8729,8259,8263,4c2f745c70757496662cac7e1717c6f172a3856923777988ab63a282ed833807,075e78bae611199f04a33897f170a8eed22edefed2b3fbf65b687639d44d908d,exhaustive
1379,descended,1192,1192,2358,22320,1192,0,True,True,True,8274,8742,8742,8273,8273,659df0753806dc347efd163fa30bf321a7cf6bea1c631b41bb54e640f4dd7cbe,403e42d18e37c8b912a7257e5b735186424f7fa82ac528687e8fc24741e98734,exhaustive
1381,descended,1182,1182,2342,22352,1182,0,True,True,True,8286,8754,8754,8286,8287,935f06ab69bee0b2279b964322fd09a4956f7ec71a453e93e6c1952049d4e5a7,dacb953df72cc28553e3f497b03ae25f03c117af1eeb0a64fc204bd5b3c702a8,exhaustive
1383,descended,1128,1128,2261,22384,1128,0,True,True,True,8298,8767,8767,8294,8299,0abc09d7b770e4fe598bcb01518e7ae56af2d9ce5b1cc8a1c18a4dc82f1beba0,a0227adc32a013e04fdc1e1819637429e9c397da9d237c0c896cefe34b68f7d0,exhaustive
1385,descended,1093,1093,2203,22416,1093,0,True,True,True,8310,8780,8780,8309,8309,49aa90b90da57e0f0dccdd429c21334ae434bc8413d89be999bc32bc369ff1bc,f295707d2a0112f7d07b7922973ce7e5b76ab3d4d91848f07079961d07b299b0,exhaustive
1387,descended,1208,1208,2387,22448,1208,0,True,True,True,8322,8792,8796,8320,8322,2edc0c4cb3bc0e6a5368c0fae765922738d681f37532c1988bd11a8d619f2806,f21141435ca7c06839c6e5242cff9ee4309a8cc38cf1de5b769b71efde80ccca,exhaustive
1389,descended,1391,1391,2676,22480,1391,0,True,True,True,8334,8805,8805,8334,8335,730b5912a288028def1553f4f5cc1222048709e204952660477dfabb73912695,10c9f309b80cc2d7340f9b67ed2e8e5dba6870d77b183c77155a641889ab957b,exhaustive
1391,descended,1087,1087,2195,22512,1087,0,True,True,True,8346,8818,8818,8346,8358,16d9592bf111f55fe23652e195c136a72b14138cd9369e8d50c872f38ac7bb77,cff20c710f8fbf6872152f2cf2f807783c50fe3a6e4bc7aa92dcb76cb960154d,exhaustive
1393,descended,1079,1079,2195,22544,1079,0,True,True,True,8358,8830,8830,8346,8347,5eff951e370754ee3dc586a9691112ef5bbfffcc430102ff4777dd7ec84e4eb4,cff20c710f8fbf6872152f2cf2f807783c50fe3a6e4bc7aa92dcb76cb960154d,exhaustive
1395,descended,1232,1232,2426,22576,1232,0,True,True,True,8370,8843,8843,8370,8375,d86b93761a0fbabed75afca60094ee10d8f58b62d40298a3c23260f694a3c131,308e0cc5322178807f85928ef2fa196cbf7551ea5c3ff9267f2026019a47a93d,exhaustive
1397,descended,981,981,2029,22608,981,0,True,True,True,8382,8856,8856,8382,8382,946b945dac561c711ed32fb1a72e911c738a24a135a83d61e1a3c50e846e40b6,1da3433a6157495acb319b7eb10ba8452a07817756a7b9b8e07a950956b1329f,exhaustive
1399,descended,1111,1111,2236,22640,1111,0,True,True,True,8394,8869,8869,8393,8397,e4b83b6f67f6500e00eabab21c7bfb3bf65022d2da8de86f81b0dbd3866d814a,ab5e04cb7ca792f4740f29fca90a451b951fa5c1da50af303921b59fad8382b7,exhaustive
1401,descended,1099,1099,2221,22672,1099,0,True,True,True,8406,8881,8881,8402,8405,636af75fd6690179b5549abbd3c53cfef6e672c96e964a2c8f5e749834b1cb86,a0acbc25e2356f73c3b1ad7ae704da16ea84a02115fcfb8249bebd8bf32baaf9,exhaustive
1403,descended,1085,1085,2199,22704,1085,0,True,True,True,8418,8894,8895,8415,8414,b2563d8f43431b083140007df9e36976e4bf51a6c51cbfc6f3c1d5f3639b6916,57692c32717f680f7f3501c90f516fc6aa16b6c7528fccda9947d5685fa5c797,exhaustive
1405,descended,1046,1046,2136,22736,1046,0,True,True,True,8430,8907,8907,8428,8427,149158377e567880c6780eda7ac13a3f43c8953f64a48d3f67af514e8c567752,d46a44cd7379e4a95b55ff0cadc31a04f31099f3a2237e21537d37722717a0cd,exhaustive
1407,descended,1109,1109,2237,22768,1109,0,True,True,True,8442,8919,8920,8440,8443,3b0082bd729f958ee4dbcbd72f42960f6b7b11e733f417b968b6e4dac93db5a4,19e5882f2565d2c048d034b619adf4328acb8a1c3e582bfd81343ccb28eb6467,exhaustive
1409,descended,1089,1089,2205,22800,1089,0,True,True,True,8454,8932,8933,8453,8455,86dd456c61e93b8f4f09d62890eee006c54ccd213bbc56eee1f196df6e23d393,e530ec839db364e7b185859048b5be2cbe5a8963046c673b036c3550360b80e3,exhaustive
1411,descended,1068,1068,2174,22832,1068,0,True,True,True,8466,8945,8946,8463,8466,ea828d6c35c09ff70765dbd9b50e58cd09a12917a9c4b7211520d149800cd725,fcae9e36e5269d86afb23c21f8a03f0ee82d9f84301634f25d7c91386e40480e,exhaustive
1413,descended,1030,1030,2113,22864,1030,0,True,True,True,8478,8957,8957,8477,8482,9dd9019b54fee3dde159898835dd366504b39a4bc9db4b370a6fbbabb61f98b6,270a34c59dd3f5e6abe8d27d7c7c11c7e075b7f32fb31e7a83a0cfaeec4222b8,exhaustive
1415,descended,1203,1203,2389,22896,1203,0,True,True,True,8490,8970,8970,8488,8490,40e35dbd8872a1dccf0b2fea79fd45ef53bac5a5d623e77a5b8b946bcab7a871,c5851bea29a0c48251c1c415ba81b938944a698eb58744bd1731600eda8e60cc,exhaustive
1417,descended,1153,1153,2309,22928,1153,0,True,True,True,8502,8983,8983,8501,8501,dbb29918dc1204ea93aa8d226ebe9146b27eba23d9d6eb8e2bd6cc1c7bc8b12b,56ff36d49bbdff40c2d535b405af88aedb624d9b2a911e90e2cc97f303206742,exhaustive
1419,descended,1259,1259,2478,22960,1259,0,True,True,True,8514,8995,8999,8513,8509,2d5b73fc74dad2d74de13f709ed59b6f6d5086b8293846ae8d03dafb51fc9bbd,0a61b4330868cc09c8a158f3e2651893b0d098f4d0c0785abe3c7dcb3032c1d2,exhaustive
1421,descended,1052,1052,2150,22992,1052,0,True,True,True,8526,9008,9008,8525,8525,d715c2bd572e5ba8b2c50ec5c9a7606b3a6d6b5df429fe6d7e9475d305549efb,73bbbdac00c5f84483deb68cf1fc1e822db6a641096857668e150e36839e21e8,exhaustive
1423,descended,1181,1181,2355,23024,1181,0,True,True,True,8538,9021,9021,8538,8532,0bddc4862356fbe3025cf4adcc51803461bc478e3cc71f97b52a959f8e2ebe57,02a6a5af2439a09c9a7de39e58572f1148594fb6594e6f746a654fa9b4cbbcd6,exhaustive
1425,descended,1145,1145,2300,23056,1145,0,True,True,True,8550,9033,9036,8548,8552,fe5264854472883477ff191ad637e1c715039eabc0b6c6368800e751caa6d9bb,ad78a2ec37172464826161a434a1f664c2eb1db045f9fe7ff663c15286cfdd57,exhaustive
1427,descended,1133,1133,2282,23088,1133,0,True,True,True,8562,9046,9046,8560,8560,11401e97d0e39d55faaa6d294393b9fda08d1ccb8d1fbb6c0c5cffcbfcf2158b,d119d8860086a6ae47e81776bce5c0f3facd6711c7b82b6b5a2737d1c3530c55,exhaustive
1429,descended,1249,1249,2466,23120,1249,0,True,True,True,8574,9059,9059,8572,8579,3d59bcc9409fcf2c525fa8f3dff212008018785b0a1b1aa4e5b48966dae95855,9f3a706070d926bdbed460b1ac67db3ebd9ec96e993d2d5e8166159945a83730,exhaustive
1431,descended,1233,1233,2440,23152,1233,0,True,True,True,8586,9071,9071,8586,8585,6be7eeeb2f0cc13daec314e5b9e95bcc6a95b01c118e9111d274ae67acf673ab,aabda98b201948d38e46842ac2386685c85b7d98955e8b65c83cc3fab4a23bcb,exhaustive
1433,descended,1218,1218,2417,23184,1218,0,True,True,True,8598,9084,9085,8598,8597,af114250df87ab0929ee68c5e5fcc597734203a7b67dd46c201e5fcb49c929ed,2dcf3c86b8e88cc097b4fefa1f66052c13a19673e08f4934865da2eb8d19c0cf,exhaustive
1435,descended,1013,1013,2094,23216,1013,0,True,True,True,8610,9097,9098,8608,8613,ad4067f7223e4da1317d8d7ba6fdd35efd810f15f1ca20f534a3d505a11c4283,859503c651f68193f731d5b3b0faa314dc054b13277af73f86a2dc0102487ecb,exhaustive
1437,descended,1334,1334,2603,23248,1334,0,True,True,True,8622,9109,9111,8621,8621,9bd594549a9f616acbdc1256acc9790c60d60817de2e1b15af415d5c80874e68,9f09f755b8a331884a7ac1c5d8f890715c3ab2d2b2d771af7172307fb78c5879,exhaustive
1439,descended,1302,1302,2553,23280,1302,0,True,True,True,8634,9122,9122,8633,8640,7b4d7f3ea62cc11172599b35c115bf9fe9141c5e62db8a46f4118780b0887122,a8fcb97e1cd530a61cef835630bab3f224fd8219721ab5e017c6007b446c3e5d,exhaustive
1441,descended,1368,1368,2658,23312,1368,0,True,True,True,8646,9135,9135,8645,8645,ac5dde3f279441dbfaa7659d41fcd15e4e84c928822b1013a688cbf6e2b95af1,55baf85cdddeb9eae5e80d2004f4b9f34fd568ed5850f6bd120e7e8550c8e659,exhaustive
1443,descended,1251,1251,2473,23344,1251,0,True,True,True,8658,9147,9148,8657,8657,5deb610c198c5044b9250af23e6b177027f6ab6dbd6f2a98dc4b174a821b5ab3,5d113c25701bb589ff7b036db9d9c886bfe60c7d759f4644ba65d9f3c9e997c7,exhaustive
1445,descended,1235,1235,2448,23376,1235,0,True,True,True,8670,9160,9160,8670,8670,2e93357c88d910adb2fc7b0a5cf697cfee1abb62835e322e6d7177c5a10c0ade,62ff0f4b26dcd9f668e9d3db56c6596a3ba46914551b05fe90ad30dc7fb3b122,exhaustive
1447,descended,1174,1174,2352,23408,1174,0,True,True,True,8682,9173,9173,8682,8683,c69781f14fef19575db156532910dbe69a1209a90165bda0a4ceadcb3adccec4,711b90cf19cfec1bf891fa8a4e075552d7cbb9c5ab57bd91b261f1d270af3a59,exhaustive
1449,descended,1134,1134,2294,23440,1134,0,True,True,True,8694,9186,9186,8689,8696,8fec46ad7ffcd10f8586301203a2797452c633cb0e8be6d6079f98e27f326013,fbe1be0de529d3646f53171ceec124ccef340eeefae0e695bf226d38b3d191a6,exhaustive
1451,descended,1100,1100,2237,23472,1100,0,True,True,True,8706,9198,9201,8705,8710,7dd3c1a6169d34f11e9a29e130c19655f5f9b58f9436b5621174d8c230922a14,2c047617e255c71c431c12ab4070beaf525b72758da67ccb52a9148f6e091023,exhaustive
1453,descended,1159,1159,2332,23504,1159,0,True,True,True,8718,9211,9211,8716,8716,14b0cc3b05fb33b06d7747ef0deb2a2bd34a0e68a0926d76fbece1bb84710328,b0615223477047a7d70615c2177b91eed15627d0c8a4509f99d9fe10364e881d,exhaustive
1455,descended,1140,1140,2301,23536,1140,0,True,True,True,8730,9224,9225,8729,8728,29dc2939a5cbf0e8847cb33b19f7a5f30fb10c09f9be4d84395959f409ef5a05,61241090a3fd668965465d8624a18d463f8f2f7a9ef28faf551d3333f25ffdc4,exhaustive
1457,descended,1229,1229,2443,23568,1229,0,True,True,True,8742,9236,9239,8741,8742,456d03618d67eada06966b8d4f247bb43ab289c93e359598f2de084a752abf03,c9e03f814226d76c8ec02d61856f6ce77f0f0f1c2e278fc78afd282f0ea21756,exhaustive
1459,descended,1170,1170,2352,23600,1170,0,True,True,True,8754,9249,9249,8751,8754,5ec9941a0472018d2456d732bee63d636eb98504a295067569371556218214b4,b9a868f99022c3f59165110dcf592c519f8bab85384a9003d2e8ff7face367f1,exhaustive
1461,descended,1226,1226,2441,23632,1226,0,True,True,True,8766,9262,9262,8764,8762,fe5c6721356c05b6e27ecb6a130f5dfd0825f0b1c9c37da730995b48a26786f2,cdd84cb61f984d29f4ce978c25e892df0342b75a3d62ef599b88329f86668a1d,exhaustive
1463,descended,1324,1324,2596,23664,1324,0,True,True,True,8778,9274,9275,8777,8778,8e56c0c9324770c8a5d21d7d338e4a7fe93076c94b5916e32e0236bcb3b528a7,01646895a9549cae4ad24f144841d3afbb9ff576dad48eb2c3cb1d86448b9d5f,exhaustive
1465,descended,1295,1295,2550,23696,1295,0,True,True,True,8790,9287,9289,8789,8791,020145f2ac4140aa3fe9da373f9b7b90b2512fb05feecaf8d551b37ab86c64c7,6f85c40fd4d3cd7a8047eabbc4b27e28222b94792878f44ab9b55808909f3190,exhaustive
1467,descended,1267,1267,2506,23728,1267,0,True,True,True,8802,9300,9301,8802,8800,1ca28454f7dbd708f4f1c0826c1cce4ad45489fed1afcfb33850e9b7546a2220,f37de76842cf1a185f00e0cb0918377d6e4b3a3d25c6ab8ff4a1b68d393584e6,exhaustive
1469,descended,1205,1205,2412,23760,1205,0,True,True,True,8814,9312,9312,8810,8810,5855b3db9c7144107ae5acfd1af663593421d8b611f9a4b4f1b2ba2ac1dfc7ec,80929d3a94e6e934974a630aae4b0b9a3da04bdaadf32fb527a33056810581b3,exhaustive
1471,descended,1400,1400,2721,23792,1400,0,True,True,True,8826,9325,9325,8823,8827,cc3b7e48f3994e4922565ff7a97b8b82cdc0c82e32b9a51bd8724797fdbfd7f5,0ebe069bb16576dfbad8d9dfe3689cc3e0a38ab0dfe01db5e60326dbd1299b97,exhaustive
1473,descended,1132,1132,2294,23824,1132,0,True,True,True,8838,9338,9338,8838,8837,c2164eae0be7a775a778589b5c93c8ccd0c01d2cdecd66478012edba9dae3140,6b58e6fed2853c5bab4590a89a843dd3132b0bc4f2485e654ac5692a22c1e970,exhaustive
1475,descended,1312,1312,2581,23856,1312,0,True,True,True,8850,9350,9351,8849,8852,0dce1a6d0f8b7065f87b7af82f32fdf56e3e0c0b7da3374d25cb1d554e20cc0f,fab094922e5ea0aeeab21ec1d9e6be7270c8d6a6269680051f24e9f1492e0228,exhaustive
1477,descended,1271,1271,2518,23888,1271,0,True,True,True,8862,9363,9363,8860,8865,404d5a039ead3bf29d9f5042c7f74dee420facb80d115ec25d4416562dad2cb3,5ee19a4dbc539d0519d8faf963fc4705457540af6785c4a7de9ad2f5b9632d76,exhaustive
1479,descended,1248,1248,2484,23920,1248,0,True,True,True,8874,9376,9376,8870,8875,fec240453abf5834d45c70a0d2e35bd0fd6e693d9c022d9db944d7f1d7f05e1f,c7e539c36966ea51e8e101eb6e558bb37f09f73b0aa70880b95eccc9b2ff3c96,exhaustive
1481,descended,1172,1172,2361,23952,1172,0,True,True,True,8886,9388,9388,8885,8886,0b874186d1f971f138376783f6e8f5b21867118b612faf44c5ebf6c1b73f2c6c,7978a1bb3256822bd98694fc90d0ec95242fac69491f3353c456124c17958b9d,exhaustive
1483,descended,1099,1099,2249,23984,1099,0,True,True,True,8898,9401,9402,8894,8899,667519505a9bcbdd9a437447c6fe28cb7fbec7012c4ee36f620e75a671197539,2b16cef8b6229cc9a83d5e7c1f4c53cee2bd34c541afd4f54b046e42ccae5921,exhaustive
1485,descended,1358,1358,2658,24016,1358,0,True,True,True,8910,9414,9414,8908,8910,2da545d35501aff77dac44d06dd92553606b1892f1e73b53834aef3443b191d3,8e12f7a5483255d8e18027a32b2ee2df89de040c1ee80245918191bec687cbf9,exhaustive
1487,descended,1248,1248,2483,24048,1248,0,True,True,True,8922,9426,9431,8921,8923,9203fa64208bd1353c8280d138bd419b16c61727d93f2bf6803880ababa35a84,fce586fbe03937f6148a65094119d717c85e11b840f180557292abce1847ea11,exhaustive
1489,descended,1187,1187,2387,24080,1187,0,True,True,True,8934,9439,9439,8933,8935,d9513b85ba21d0c2f29e185a7b140d1165e598cee572abad5c3935df4a255cd8,7ad3aea22e77bd92607cb92ef90c0a598c860366fc1f1c9c0fff8c3beca2f038,exhaustive
1491,descended,1149,1149,2330,24112,1149,0,True,True,True,8946,9452,9452,8943,8947,d3eed0b1320bbbdf24b5e6a8a24bfa6d876f3bae5d11d36c21a710857b92589f,a4afc6a1e9af6939cbf96bcc2e2ed27078ef574a7460c7dd6bcaea5ecef1cffd,exhaustive
1493,descended,1128,1128,2296,24144,1128,0,True,True,True,8958,9464,9464,8956,8958,0aef44c3361e6ce8f9f2a5a96248eb8c16f0b4dc4d89069873767ca70379aa57,da256e76f08b25dd10ba1a9706372b4d1dd2736f93c262a7f7d7d335c58c8c62,exhaustive
1495,descended,1235,1235,2466,24176,1235,0,True,True,True,8970,9477,9477,8969,8973,2cfb11ce2f63c4c507e3849f70cf5adcb460bc923ca0078f3091618939718d78,947c249343a59c340f12ba52cff5979046a90187ebf2ce345fb1fe7f6c99ab26,exhaustive
1497,descended,1269,1269,2520,24208,1269,0,True,True,True,8982,9490,9490,8981,8981,0e39d1daa4c5010e3d720913026f42f3e14a650506eee87517be59b15e72123c,0223f96e65af450ed087e5cab5d2458edf262d0fbda0e3edd16ebeb6d60dbe7d,exhaustive
1499,descended,1195,1195,2404,24240,1195,0,True,True,True,8994,9503,9503,8993,8995,3e6ad05f5964cb1a1532be9b6175b273f31743a162ddb0b8af7c50519bfb6a00,efd2d16a17b3d0def5f36a18f8ac7e7debb4b0a2216b3a92908645ac9cd6027d,exhaustive
1501,descended,1322,1322,2605,24272,1322,0,True,True,True,9006,9515,9515,9006,9000,067f0fdadb7dc2756f8a67cc3566da6901aab6755d6093d8f3913d055d32628c,c8a52121592020bcd4af8df999fa3a7b405711b20daf4b6c151a2d1051099bd0,exhaustive
1503,descended,1280,1280,2539,24304,1280,0,True,True,True,9018,9528,9528,9018,9015,f6888ebe5154cbcab77ef3641a37b7056a5312d73dc55cc6c9505a2ce09dddbb,b0aa082b93568e984906d5ac6668f0eef08dcd30abaa78107aa8ecbacdcde07f,exhaustive
1505,descended,1244,1244,2487,24336,1244,0,True,True,True,9030,9541,9541,9025,9031,7ac227110d81ab9d72cf99c6df6b212890b714dd39c1de87c7d820fda3404ccc,dcea4a8684d280b8a38ca17f297f57936ead1a51ceef318c61e38e1551b2a9e3,exhaustive
1507,descended,1197,1197,2409,24368,1197,0,True,True,True,9042,9553,9553,9041,9043,250b3bb01c482417160fa9a7c8503a3f6c8e3cc77700e287f46106436b599e83,f235f9d7a4c1333fad51aee221d6f484910732375558642e21e9c4490ddf3676,exhaustive
1509,descended,1174,1174,2373,24400,1174,0,True,True,True,9054,9566,9566,9054,9051,f22256b3bdb91019ad14ebcd46f79c0b5a276b36ef5cde3ae96bf8368718dac6,0e5936441a9f4defa3752aef8b4de3e90710f3edf3b4931d1c34b8ada6632aff,exhaustive
1511,descended,1385,1385,2708,24432,1385,0,True,True,True,9066,9579,9579,9066,9071,af697ba398bdf3eda39e88181e9e4e1755a14c59515d660287dae1271ba29aa1,56482dd9baa8d98e4862cc7c2747591e71ac5aa69f7b5b1bd9378dfcecb6c89d,exhaustive
1513,descended,1246,1246,2492,24464,1246,0,True,True,True,9078,9591,9591,9074,9077,3223fe25d2e4c42143679ad7d284df51ccd8900e00283a55029e784699763898,879c8952966bba424cb1d1f1727d888481028aa695b73c4746cea4967429eae7,exhaustive
1515,descended,1442,1442,2802,24496,1442,0,True,True,True,9090,9604,9608,9087,9090,c524bed197349c04fbbc93a71c8d3e1321aafd074744f3f2aeea69a89bace785,5b212788dfd875204c3ce719d4a64f84c8fe0a1172645d26257c67d536548498,exhaustive
1517,descended,1397,1397,2732,24528,1397,0,True,True,True,9102,9617,9617,9099,9099,22ea934eacad1884ae7696b04bb26e9f49a66ee33e761321f348771a621d1744,59af39fd3dc6bfd51a74ec524d2ac691135646d0baa120b153c172f69ed58133,exhaustive
1519,descended,1278,1278,2541,24560,1278,0,True,True,True,9114,9629,9630,9114,9118,c92de79920e61ab7cf3df4dd5860a7d83e30c3ff4eebb8cec68fa5a63bd0528e,4fc48e9ccbe55cc0dd45700267f13cfb4140e0322a9787e14ff0ea62bc915b4b,exhaustive
1521,descended,1261,1261,2515,24592,1261,0,True,True,True,9126,9642,9642,9126,9123,2ecf68b8d4dbd2bb0b189611bfc255b34e605094dfbf2c920764ab7a73ed87e3,c7abfb1ffeccdfe87b2d2d33b9bbc1b773a2314c714c6639d3628ddbe677d746,exhaustive
1523,descended,1042,1042,2169,24624,1042,0,True,True,True,9138,9655,9655,9137,9134,d41699c0fa959969d8ccc19dee64b9af28319ab5289e1b1d32fe569cc4c58224,a7ee5283018f1b5a8a5611c04fb7495817031f701a25baaba36ec7913750e67b,exhaustive
1525,descended,1332,1332,2629,24656,1332,0,True,True,True,9150,9667,9667,9150,9152,a5f1b381c7f9dd5b9b64b678f9e58aa94459def3acc288c7598cdc397bfde869,b10751a2dfd638daa1769c5166a9db5ed5756bcf6e1b8c782ced92c3ba12c9fb,exhaustive
1527,descended,1314,1314,2602,24688,1314,0,True,True,True,9162,9680,9680,9161,9164,5c1b2527226ef3d99afaf7f79ad679b06a503c3f621db86bb7c009f99a1fc72d,a753e45835927afd7330ca147a0fa95bb69a997326fec6e788639053bcefdb58,exhaustive
1529,descended,1281,1281,2551,24720,1281,0,True,True,True,9174,9693,9693,9172,9173,7363ccf40c3d888c1209f99ea3c58d4eb7b49edfbd41dedbcbf43fe8683b3760,d894063275021d9504e1fe32dc7daa681cca84add129a767abba03044abf7387,exhaustive
1531,descended,1230,1230,2469,24752,1230,0,True,True,True,9186,9705,9706,9186,9187,aa8921a51853f4092d185650dc748bd2ad1391081fbde9ab0192843466004a07,1b1c123415c88c27722baa44866d47f001ea3f9cc29fab9cb238c43f3f04f5c3,exhaustive
1533,descended,1199,1199,2423,24784,1199,0,True,True,True,9198,9718,9718,9195,9202,e51bd63eb52091a128ce1d376071df3cc5914e07bb6d8567c7770b00f0761a39,791464ed8c6da7d09d9bca1899140085f5a8c37f92d093df57f7a25c2635b46b,exhaustive
1535,descended,1243,1243,2492,24816,1243,0,True,True,True,9210,9731,9731,9209,9211,62931d42f57bbd90117fb7c16be191da4b68a5b0d0a148548b116b4d3bb79b6c,8911afe10a5950dafb00b1c5aea53f7955f41da327b048b21965978e4eec4384,exhaustive
1537,descended,1191,1191,2411,24848,1191,0,True,True,True,9222,9743,9743,9220,9220,963715769697072c75a612fbda05eda8c7b00ba543d512a1c440dd8683a69d92,eccef4ad289d1c50f82055464946450916e906e2b219c1fda68278d60c1bf3e0,exhaustive
1539,descended,1113,1113,2287,24880,1113,0,True,True,True,9234,9756,9757,9233,9230,40a363291724c6bd898c793ab4532badf9b2a3ef4497852ed8166afc33051963,29ad54a430b7e6e69ac103481ea81628b843132590d1c692e427d8a9f06968af,exhaustive
1541,descended,1092,1092,2255,24912,1092,0,True,True,True,9246,9769,9769,9245,9247,021820171834c85bfd1bceed2d6c0b23cd2f54e832b1e6db726301dd1e5af9eb,a96c55e668615db6665e70db886bcea6639a2fbe3ed7b13fde8de22ff362b9ef,exhaustive
1543,descended,1288,1288,2566,24944,1288,0,True,True,True,9258,9781,9781,9257,9256,d3340217336736e87abe3d0e97820727f573fea60b4bfa5c6e9732956c0e9712,0f3de0a8b15b31098ff39c1d1e521f2aa71dfb22d351feee7e00a284945799c0,exhaustive
1545,descended,1045,1045,2181,24976,1045,0,True,True,True,9270,9794,9794,9269,9272,67f0854505af4d37c8007defc05252194a9b3ebdce6ddb129ea83afa6c299d69,b0cd636f9ca2bc749a56f3a817c03cc06173ac372e5220533a4651ac8039df63,exhaustive
1547,descended,1293,1293,2575,25008,1293,0,True,True,True,9282,9807,9808,9281,9281,b62b785b484a64ef83362835c55c5778e0c9758e06fdc048debd17da9afb3a8f,36beb27682f8461c7120b859fde17594cc4ad35e37168d4833a635d6bdb580fe,exhaustive
1549,descended,1273,1273,2544,25040,1273,0,True,True,True,9294,9820,9821,9293,9301,d8bc48a666eaa6509bba2d097ccb1a640a6998b582c1fdc9723a4ce0be46a70c,5cad4b8c1b547efa114b1fa0810410e145582a47e33c22a2dae4f38dd9ee7c38,exhaustive
1551,descended,1158,1158,2363,25072,1158,0,True,True,True,9306,9832,9834,9305,9302,1d9acd2dd9578560ede4abb09b3760efd81aa99f23063faabf86482870584a3c,6c57db28e4690f37d2c815b486a8c6287c83895f090eb1998e376f0488e7b52d,exhaustive
1553,descended,1133,1133,2324,25104,1133,0,True,True,True,9318,9845,9846,9317,9316,05cb0a2cd9fd26d1778c03943aea995c3caade60649f5ceab12bbd5e9e48b109,27ae2a1a881b8ae890a769cc2d1f44e2014034591516c4a12e4dd7a8e9af576e,exhaustive
1555,descended,1072,1072,2227,25136,1072,0,True,True,True,9330,9858,9858,9330,9327,4eb874407b90ccc974a7ab98ba636b43dac5a4f3e5a32ff5869553f621918d4a,2ad9d451c38f88185c368527f1ae4f696c042e025f106b51eb3dbd15f1cdb9c0,exhaustive
1557,descended,1308,1308,2602,25168,1308,0,True,True,True,9342,9870,9870,9341,9343,4b519294ecd3db9c51aafa88d7fdbd31711b49216cb7df7646d75b4adbf9b8eb,2108f7b442121bfbfae80f0542101eca266b05b45bc88d16b0eeb367fc99400b,exhaustive
1559,descended,1286,1286,2568,25200,1286,0,True,True,True,9354,9883,9883,9353,9356,5d0e27679dab4dbf4da7896d16995f0eb18254139f869e6784fc57b77a5ff9df,bd692015f4a5f4217e9af7e613c316d6fafb0f0ab72812c381a58bd8b486af83,exhaustive
1561,descended,1252,1252,2517,25232,1252,0,True,True,True,9366,9896,9896,9363,9367,236c71dfc2e5128cea3175cd4d5cae38b12e171ce9a29ac638cad7836d2ad45f,8cd545a65890fac3ff9750368d703ef5cc5f8fbf619c764019155aab2c1c4235,exhaustive
1563,descended,1194,1194,2423,25264,1194,0,True,True,True,9378,9908,9909,9378,9379,7a94376423d88d79e09bb3ef10af5c729ad02e3d9b6ec36e8e9dd44111bce312,9a3e678c61f26bbb1bcf21d18b6665e62367cdb94620f49692159a546f8d6ea3,exhaustive
1565,descended,1175,1175,2394,25296,1175,0,True,True,True,9390,9921,9921,9389,9388,a741d57aad0821f67156c6e558780d0337a4ff57ef8d329797b8a6c1b6aba48b,11f8f4d39d75e5b557ce879a162bffa655719c10b205d3e3f8d0911d991660a2,exhaustive
1567,descended,1159,1159,2375,25328,1159,0,True,True,True,9402,9934,9934,9396,9398,3708c65faffcb70ae9222831c139e8558a350be2ea2b142ef24b405e9094835f,951b2b9b6d9085c970495f8e966285ec8c6993be4fb7509b8172f4cfec4632a3,exhaustive
1569,descended,1134,1134,2330,25360,1134,0,True,True,True,9414,9946,9946,9414,9411,ec62f64e3e8ef8b3f50c457ab6e6f993d0423b5bfa4c711b5a7efca2a9831fb5,05807f86a63151b513f1949e9579d8f9fcc1572d8f8d434207101f2fb9a0db90,exhaustive
1571,descended,1352,1352,2676,25392,1352,0,True,True,True,9426,9959,9959,9426,9424,fed0e275594e7aaf369e53bc0faf9ebcee79f5dc2c562842d66041e6c9dbb6e4,355ea352362d6e05dde30dd7bc3c0e360678875730e1bfeee8e08f62d3a443d7,exhaustive
1573,descended,1171,1171,2390,25424,1171,0,True,True,True,9438,9972,9972,9438,9438,711d3831119d06304e187f3d72e225b220def8334ea3396656b352f699db89ab,9bfb6764d3fbecc6bae142122b37e944ab3998ce92d9bd71248e69dc42880970,exhaustive
1575,descended,1266,1266,2541,25456,1266,0,True,True,True,9450,9984,9984,9450,9453,2877a2cadd12374c00772be9f999ade68a1868267347e654f91289b9d2f90920,4f3f1363b70e3ce84ed848954819736d547f6bed7aa61bc6d459ce0a42aa28a5,exhaustive
1577,descended,1293,1293,2589,25488,1293,0,True,True,True,9462,9997,9997,9457,9465,01857eec0de1eec252b71974ba2bfae280b3f2c8f6c0f596bb14b5deaa92ddcd,a0d93019c580542b0f3dcd35fba3556d3951dd6ed70df8819dcd32dda61e5c48,exhaustive
1579,descended,1247,1247,2514,25520,1247,0,True,True,True,9474,10010,10014,9472,9476,6f811008698b88dfc22a8d5bab3be66661547b6d44c067de92f7198c3ac6ebc1,ebe4ed65b7495c56dbf971c6ad7c23b41101ce0f2ac71d5310d9699a3dfc1ba3,exhaustive
1581,descended,1507,1507,2926,25552,1507,0,True,True,True,9486,10022,10022,9485,9484,1943ed0493351822aa1b84e2d11292785bc24a54d017d9bbffdde6d5b864dc1b,7a4f55b3dd48085a8ee72a5f09b08cb5b7bddb841528700f8243172001cc6e92,exhaustive
1583,descended,1473,1473,2873,25584,1473,0,True,True,True,9498,10035,10036,9497,9500,10600b60e8677969ff911ef2cba7366c5668339211b4728ac8f8b167c971a924,c0335436f5e0a25639916896d8b0f9881a5c0f4e47231367cc88166586898fe8,exhaustive
1585,descended,1437,1437,2817,25616,1437,0,True,True,True,9510,10048,10048,9508,9509,b5b17b95eabed8508f2b9f577760bb6f5e6afb219bb3625ba19f01adca6b840c,f2d92f2d25339f2c4f99e944784ddac7e50008760efb5ad4317508f5404011ff,exhaustive
1587,descended,1371,1371,2712,25648,1371,0,True,True,True,9522,10060,10061,9521,9520,de095ce32883bb4884fd299bba0a1748e1e186393da52d6243187f10aea933d9,6369d77d6f942a108984a636d6d611ee4cfc2e97c8876d37f0f1fed939391602,exhaustive
1589,descended,1406,1406,2769,25680,1406,0,True,True,True,9534,10073,10073,9533,9538,a2a48000fcc1020efba2d009689bac160d83b814b883e49c91b9dc3a13fc5387,2ce3dbc0dfa2ef706b3bc3bee61cbec89dcc0d13135c712c6ccb91e2680e5cf4,exhaustive
1591,descended,1367,1367,2708,25712,1367,0,True,True,True,9546,10086,10086,9544,9545,9c53304addeceb991d43d7ff5a617fd475bedddea2f47a809e03c51f275f9df4,046a1ec2182c42c05e3898c61f7517947483907110e736903bd09f395a704200,exhaustive
1593,descended,1462,1462,2858,25744,1462,0,True,True,True,9558,10098,10098,9558,9559,1692cad1a1b55e75ae22f7c735482fe7bccc7fa5e473ff5be131d4450525c695,414493361f11a4d66f4edf468e80e1e771f51443413e81c1c24e1e1e3019da39,exhaustive
1595,descended,1397,1397,2756,25776,1397,0,True,True,True,9570,10111,10112,9569,9572,094f383ffcd19001fa294d9566d8fea2ae35d38112909cf0310255caa8d64f75,01fb086cda4b54cd6aa023ec3d12034b21ddf7d8d4e4fe0925d1ba0d4b26a16d,exhaustive
1597,descended,1236,1236,2501,25808,1236,0,True,True,True,9582,10124,10124,9582,9579,13d9ebab819cfe0fe49397d5d74e8c22b7a37beb04b327455512c672b6823d23,a41a091fb8459b3b1f13b2f25ad6aa5fd3e4a18ec5bcf4b392799307c9602530,exhaustive
1599,descended,1328,1328,2648,25840,1328,0,True,True,True,9594,10137,10137,9593,9592,18f26911a3b14ac26e2c0dc59d0c7151b4b5f0f1641f454813176a6b3c646a80,48385d97a871b7e2d9fb76b5e00f775a92eee11948648eda32870ede4d2267cd,exhaustive
1601,descended,1333,1333,2657,25872,1333,0,True,True,True,9606,10149,10149,9605,9608,342938f2f829fa1c72af32330bffec6693a08fb99d38065eda13df84d9e0e1ea,793fb72a8c253cf6b32be178cc1a2b20e7fd7820415dba13314fa7e56cbbea94,exhaustive
1603,descended,1309,1309,2619,25904,1309,0,True,True,True,9618,10162,10164,9618,9614,e5063c6a08f6f7e42ddb6037ec0ff8b90502c6eed4538b301d984f8b78553f37,8bea7ba41b4ac2692938ba5feed1075227da96aac06938c9eda9b5e503320561,exhaustive
1605,descended,1290,1290,2593,25936,1290,0,True,True,True,9630,10175,10175,9626,9634,62cd1787336f3b7b071a07945c59672464c1cd1983719c8a324317110862e0f8,fd602069741c645ef4405f71d6c24248d2fda2c11738ced7dcc72a11efa9c810,exhaustive
1607,descended,1259,1259,2541,25968,1259,0,True,True,True,9642,10187,10187,9642,9636,0097448bda1835c7c3621378c8596cbdc047d595739a246913ac1f3af840b605,7c60c88d741690cdb8e262948abd700ba7b200c904fc13c549859df84f2d20fc,exhaustive
1609,descended,1206,1206,2460,26000,1206,0,True,True,True,9654,10200,10200,9651,9653,fb6f096a1d13af2c4492710ffa59a3dca3516ba594ced0d3fbde4ebbd2f035cf,33944fe4161c598e37c0725f1d5730aa0f73757d45d594720223df67d2089cce,exhaustive
1611,descended,1409,1409,2780,26032,1409,0,True,True,True,9666,10213,10217,9666,9668,9f6f3860fe4ef6dae471cdfbf1887d399f4784d24bbb5074b411b3a5e8990f63,84ffbc57d9be7e56042f2c348be582199cac3388b7a3c9494eb6e76f8536ff29,exhaustive
1613,descended,1299,1299,2608,26064,1299,0,True,True,True,9678,10225,10225,9676,9674,ec1f447889a87ba46bd28e5fce68089547ba28ddb345caf001480a0b05b300a1,6c0250e97d2b3ccc5d88d650358fd83cb7d6ce0eb5d00669518c4d1c07a124ee,exhaustive
1615,descended,1322,1322,2644,26096,1322,0,True,True,True,9690,10238,10238,9689,9689,3bad5c33a18a037b3185231220d99aa5b7e9b92cdb06d0c2d11b4d2c94072d4e,6fef7e5ecda1da40604e40adfd64cc7161b58880024a08096ca77c30509c86bc,exhaustive
1617,descended,1195,1195,2444,26128,1195,0,True,True,True,9702,10251,10251,9701,9699,82237c5e498211a4e28a0cfa562add8b49d6b34e9658e85ab7e6af3b74e15014,f1cbe1b0370849987361d6565a9690b45874a4fc197d775bf4361c77689fe3d1,exhaustive
1619,descended,1246,1246,2527,26160,1246,0,True,True,True,9714,10263,10263,9711,9710,9c28de030bc3e98f196ce30670e48ab51b9271b3c19ab94437501f6bc19e7cc5,ee99c70e2ffe64b8e0b9e4b4ef06342cd1025c7f0876a228fd2957ab6a5602ed,exhaustive
1621,descended,1193,1193,2441,26192,1193,0,True,True,True,9726,10276,10276,9726,9728,4e6f98574ab581953682d4d93b960af5fbdd3aeff31b42b6bd6b7635759a841e,b4a56bee944d238880f330aad999db6f9bbb109627cc8011677fe21deaa27912,exhaustive
1623,descended,1174,1174,2415,26224,1174,0,True,True,True,9738,10289,10289,9734,9739,aed8ba0296b9c7b4944afc7f625b994d74da4d4218866e0dd79a561711b8f4c2,7a7d8d1cf76f44481f787d6ec55ce31876a109d85f0abe1ced5c9d7d48b4d7bb,exhaustive
1625,descended,1201,1201,2455,26256,1201,0,True,True,True,9750,10301,10301,9750,9752,20f9c0d872c6dbff35563f2ff3e3f0c072a0ff470d393ed488723a561e64b105,aaeddd307e3b875e9708bb13d6eb12665e8a89ab06ef9708b5430655a3dac6af,exhaustive
1627,descended,1490,1490,2914,26288,1490,0,True,True,True,9762,10314,10315,9762,9763,a19e69c34f3f2275fcd8954d9f6dc7a0e10d9af68ab91e0379d52797f1c0ac1a,4e3c95a53e427d810a773b1601afc0ddf9282d0518d4fb572b53462867fde7b9,exhaustive
1629,descended,1437,1437,2833,26320,1437,0,True,True,True,9774,10327,10327,9771,9774,120fd7d915e88e7174d5054345f8f8f6cbd0ceda0071c575053c89b3f1d86133,93b5b73bde9eb6a0efad24a20c502fe224ed05415c61b5f6ff87b6db649f9e0f,exhaustive
1631,descended,1414,1414,2795,26352,1414,0,True,True,True,9786,10339,10340,9786,9788,42807f7266441c79becfcdfdcf5d3bba2137484bb3e6ecab28139a25adc4e977,3699911ba6c9de66ef8972275271ff3395fbfdab8f13fe65e9f7b347ecc81750,exhaustive
1633,descended,1369,1369,2725,26384,1369,0,True,True,True,9798,10352,10352,9797,9797,17c6d35dcf48f3ea2ba32701fa00e185fc7e3bbd2bc002b9f7a8cc2bc4034e60,1071b75ff5b4b4fe6f144bf4c9deb9b2dda2394fa6e16254d59bb9bad9a9bac6,exhaustive
1635,descended,1335,1335,2671,26416,1335,0,True,True,True,9810,10365,10365,9810,9807,f8843846001125a99b093cf3868a07e95bb5903caf7eca0a923a385d553859dc,1872889987ec7e3b2314a1b2c0bef9eb5da39ef64cd82fdc0352784c494227bf,exhaustive
1637,descended,1316,1316,2646,26448,1316,0,True,True,True,9822,10377,10377,9817,9824,33df48c8d15ad4c8e7935e3f7980962a27885876f85ab3ed30846ba38e15a81d,78f2653120bfccafb67075b0c42b3ba17472c1cbaa47d09133d8cb5d86ac8504,exhaustive
1639,descended,1298,1298,2614,26480,1298,0,True,True,True,9834,10390,10390,9833,9835,b96362fded4777e3dbaccda9ac460f4fa0cbcd9ace8537028bbaf594adb95ea7,543ae7b51cb4b1cb1431bf2c11c9cc4982c1daf2126e34e5dedd7db894a701a2,exhaustive
1641,descended,1259,1259,2554,26512,1259,0,True,True,True,9846,10403,10404,9844,9851,b885001119e0c34f9dd5fe8438c1786e23de31fc428fae7ff8e8bbb6a15ad0ee,f6eabb87d31223e259cbfd450349109e7f73eb7c4383187d127c234fcc64c518,exhaustive
1643,descended,1233,1233,2512,26544,1233,0,True,True,True,9858,10415,10417,9858,9855,c983096913b96c6697371a637b6b6e995356fbd0f470fb40eb59beafa20bc743,1f51ef74c77e69ffa6cd9b10f9f6bca9e55c2f619bfc4889d5815c040d5543b7,exhaustive
1645,descended,1344,1344,2690,26576,1344,0,True,True,True,9870,10428,10428,9868,9872,fd3e2c6e0c4bdbcafdf30de089630f266eed23fa246db57315e476173f359e72,169635914dea78dff5914952d91cc74edf86a976b6f6c48b0b95885a15a96bbf,exhaustive
1647,descended,1325,1325,2663,26608,1325,0,True,True,True,9882,10441,10443,9878,9880,c54de3c3fca29f315fabb573c3bc775a965555abb7fe00813d5b69e53981949f,e6c3f86d7113ce7a692dd15113b368a512b7e8193bc64b5d82d15993b4650cde,exhaustive
1649,descended,1290,1290,2605,26640,1290,0,True,True,True,9894,10453,10453,9893,9893,7f3addd305f6df3dc213f0362cf73b3955f75eb97c26a9f4ba1f0389c39015bd,7355ab20c47f228e173b71b2e0b9f9e3455f3c8f080c8d85a3f4da4473155f89,exhaustive
1651,descended,1269,1269,2574,26672,1269,0,True,True,True,9906,10466,10466,9903,9909,78155e660daee193c44b551b2f87cd9c22f7c6d8781e41945f351e3ecccf4f35,e7a7201438f8f1a745f25332011fcf4de363bee360a92f20e61e9427ac566502,exhaustive
1653,descended,1246,1246,2539,26704,1246,0,True,True,True,9918,10479,10479,9915,9921,9917f9dd10ec9052fda8b5121d9aac0b0a28424f69eaba1e155f9ea5855411a7,c9ba3efa2548456bd7a9d9cb122083401fcb253898ad940376693abe6bf73701,exhaustive
1655,descended,1342,1342,2694,26736,1342,0,True,True,True,9930,10492,10492,9925,9934,534d058ff8eafe113ccedad43a5f73fcef76e428bb507a6b74a0fbde3593be86,c3ba135cd0f0e204ff7923f36a61612c06b269e16486d97fe54083511707b833,exhaustive
1657,descended,1311,1311,2642,26768,1311,0,True,True,True,9942,10504,10504,9940,9941,5f869d85bd64d0ac11c2b5076f41769632e3a0f4a3bac8645aa6a8f9ca9b82c1,b49038ba2d09c9c208769f4b506935400a5413f9d1f5ec0cfe981fcfadc06bc2,exhaustive
1659,descended,1529,1529,2987,26800,1529,0,True,True,True,9954,10517,10520,9953,9953,a4ad5f0c97b943f5f02a9dbe0e2cd52a38de21d09dc07806adcadf001275a2aa,0db6c3c44a4f66e284d53cfce1eac8b14c5e701431cf49c4ee10a87eae6acca5,exhaustive
1661,descended,1507,1507,2954,26832,1507,0,True,True,True,9966,10530,10530,9964,9970,5c24f6ef87d5e9e392452887f9e283bf2a6e4224a1b9bbbcd4a1bd5fbe42ca5b,dac062a0e080756c68cf5c22839b7417b3aaa464e906c6bfb841a290d3e54723,exhaustive
1663,descended,1420,1420,2816,26864,1420,0,True,True,True,9978,10542,10542,9977,9973,603e6278711c35ab7f9119feb17501d4aa77997308d16439e24f817b83319f0a,990501dcf3efd8adc189d0e9d690bd64cb7bca4a3420bfb2c93c0fb6f666591c,exhaustive
1665,descended,1369,1369,2737,26896,1369,0,True,True,True,9990,10555,10555,9988,9991,1b05c36d7c49eb6f28952f421abdcddeb4b8ae82a07c2d1ad4f7f0fb7160cd33,c37826a63d295c3e779d9d817c54a3bf672f025f1745fd6011bffcc8f669b4c7,exhaustive
1667,descended,1354,1354,2716,26928,1354,0,True,True,True,10002,10568,10570,9998,10004,9f5541de43288faec9867415b4e7e19ad8c1e544e707e9d31b5784f0af342634,367fc14a4ecd7ae9576e19d8b09219dc9183e992818904626704654f1e7665f6,exhaustive
1669,descended,1327,1327,2670,26960,1327,0,True,True,True,10014,10580,10580,10014,10009,7c6723c6cb430da3e6db6f2eb7507500ae6bc1985de9ba83ca092e6a2209c76e,6e273a4f02a2203196e3320e93a33bcefe52ece4903c0f9d229f495602ff24ee,exhaustive
1671,descended,1172,1172,2429,26992,1172,0,True,True,True,10026,10593,10593,10022,10021,12ba0ffda033c7b27f0dd7706e1acc2d3d3d77b2edb3405e01a03a6cb1aa9cd5,34cc1cce514e5ae6656c5721cf43a370178bb95c5d2664039280e6d45442ecd5,exhaustive
1673,descended,1264,1264,2572,27024,1264,0,True,True,True,10038,10606,10606,10037,10037,7e07f31177792d8b6bddd5d09c24331134aa0a7197652c9a6b8c3286dcb932e4,8ca8f82ea99b8f65959f52205c2c4783e6e63aab53af9f20e605155de3acd8fd,exhaustive
1675,descended,1198,1198,2468,27056,1198,0,True,True,True,10050,10618,10620,10049,10049,b7036a4676a6c18ac97e315c874f199ae5795911a604b8bb2c5f4a2e763d5c3b,1390d0d768f905b3b73407d76e16ec2182e9731ab5a210f161b99fdb5ead609a,exhaustive
1677,descended,1178,1178,2437,27088,1178,0,True,True,True,10062,10631,10631,10061,10063,7ab3a7b510d1c9127bdf03358b67e6b0f4c3c18bbaff24cfcee9f900f4f2535c,e547d5d7cb3956ba8483bc42997049872ce2092428725b9cdb514b2832758738,exhaustive
1679,descended,1397,1397,2784,27120,1397,0,True,True,True,10074,10644,10644,10074,10082,9a780a598990cadc629e1c093136d03a8d107ef58185fdfe809fd688c7582a5e,3f89662c03877029f29b9cde638441cbd7d0a873543030a8098439ce537cae5b,exhaustive
1681,descended,1326,1326,2674,27152,1326,0,True,True,True,10086,10656,10659,10084,10085,f4bc4d970a43c81bc64afb75556111152c5ed77458e0a8ed5606c5d51a55554c,445ff6370290504d8599af26691bb952c1827b056386a6fed432b4214d8594ac,exhaustive
1683,descended,1295,1295,2626,27184,1295,0,True,True,True,10098,10669,10669,10096,10106,93704b4de1b04c9be6d1906c939eea8b6bd3c145784cba02a0d73b780295976c,e7edc6209b1288d93a778274ccf6cbdb2874991697ff3a0279d6cf4143025823,exhaustive
1685,descended,1280,1280,2601,27216,1280,0,True,True,True,10110,10682,10682,10109,10111,802d76b82aabed22786560c80b90e860f846f43fb4860a70e6d3f70a16992c7b,45e18aed8ffe8a9181ce47d9d2dcd720afb39aeff20cfa1a34da36713110bbf2,exhaustive
1687,descended,1240,1240,2538,27248,1240,0,True,True,True,10122,10694,10694,10122,10120,19dcd53a82225937a26c516e95c8c85fd92b57b40ee9db4e981567a561a75fcf,55851e5687a5f8d7b245ed86ceeb5b2c65e974a741f92ca518758156fe008cdd,exhaustive
1689,descended,1201,1201,2479,27280,1201,0,True,True,True,10134,10707,10707,10132,10134,e3acd1c15c44a56a34ad637b78b8b6db549b17ba5411520d789aa6465d28f4d8,d64c0046220673e09a9173b176525497a4e15af71b2f80876f54224aeb7d0540,exhaustive
1691,descended,1169,1169,2427,27312,1169,0,True,True,True,10146,10720,10721,10146,10146,cf7416aaadbd5ab427cd6c696c3c0153ae4ab7a41d04d32526aa8bca907345e1,282738d567c1957e2f88627e0bd6e1e008432b5e6a750b99eb0f38e5773926f2,exhaustive
1693,descended,1147,1147,2393,27344,1147,0,True,True,True,10158,10732,10732,10157,10157,37e4c9687679cfba60daa17e66e12e7e8d73e6d6f30074bf91960d8530a44762,8d20a2ea1a3e0bd669f4c335cfcd4a20a087c4dd80d7381bb197d0d3cd9dcd8e,exhaustive
1695,descended,1233,1233,2530,27376,1233,0,True,True,True,10170,10745,10745,10169,10173,22898a33b7edf9e2718c645dbd4ca8a23bed4fe8974bad979af3666f93efd467,4cda4b7ed24934319c5bbaafc65af83416fdabf6d748c6ddd15912e1f92d356e,exhaustive
1697,descended,1219,1219,2511,27408,1219,0,True,True,True,10182,10758,10758,10179,10186,0189d7187cbe6a138784781fe04ad99a08927721f5575b2ba707b995f7e6ac2d,1f384fa92f352f4bc1298f28e9f600001b30d9b8cba900e6d6243469eae721c8,exhaustive
1699,descended,1194,1194,2470,27440,1194,0,True,True,True,10194,10770,10773,10193,10194,9cee853a3587cfc544a4c1f7d5d193b21c08218a8784e6abcfcb9a0bc2029b81,5a941b28d1fcdaab478bc706d7adb40a298c7b11abec561e56467595a74d25aa,exhaustive
1701,descended,1333,1333,2691,27472,1333,0,True,True,True,10206,10783,10783,10205,10206,8c86931b882905bbfb62106f6d6b2ecd4b01459c18f7c4793fa68bb0154b21e2,ccd3b0274b9771b1eea18cc010b10ec0cf4fdd08c07afcfbc2d1398f300df334,exhaustive
1703,descended,1326,1326,2684,27504,1326,0,True,True,True,10218,10796,10796,10214,10211,5af4d89bd854b9b32c29563e0569ea759bea7f0baffd5744b6f304b66362420e,dde1ad52aeeb4a4fba1c80a3565fa7515dd0601a2c18c3776be8eba7817fc638,exhaustive
1705,descended,1315,1315,2665,27536,1315,0,True,True,True,10230,10809,10809,10228,10230,14a08b2a69c400ca40fcb30d1bcd74cdfd50cbf5093e5b5db2907796e3123af6,941feeaaa37fbc2f16d98cef013c7d5cbaec521bf141ba565f563b6db1b85083,exhaustive
1707,descended,1301,1301,2643,27568,1301,0,True,True,True,10242,10821,10824,10240,10242,26b99c467f28e6a93cbc6da45177290b088a8a4ab052cbd3b538d1946fcc99c0,9b5442b7a95918434f1a0b69c9a83ec127503ea7f2d42474219fa4d6561592ba,exhaustive
1709,descended,1509,1509,2972,27600,1509,0,True,True,True,10254,10834,10834,10254,10254,566dbc99064bc6244d722865b1d9ea01370c48544678f308ce3b2ee21c774110,5f4d14747f5a259a9d0ebf69a8e8db34c692d6295d92bcc9246150eed2d38c34,exhaustive
1711,descended,1519,1519,2990,27632,1519,0,True,True,True,10266,10847,10854,10264,10261,a9342e82dd8c0db4461eea6c0f127d81aa52dbe794806e160dba75d1c2128ff2,5b4e0bb15c2a553b0ae89134978fb1c9ef9e6fc2983a04d258250f9549a5be1b,exhaustive
1713,descended,1429,1429,2850,27664,1429,0,True,True,True,10278,10859,10861,10274,10274,7a14df5b483c184f145de0d855d77694f805b6e2964a1f812b7a94f62249a1d3,861410e68e6e15383b8f2cd012ad2b9df8f658c27e6818dfb44e85557cfab1a8,exhaustive
1715,descended,1385,1385,2781,27696,1385,0,True,True,True,10290,10872,10872,10286,10291,bb64f30e823afda5402fed05f5ffdb3689a6368075b0fba0b497b0e13828dd59,faaf7956be65514916548d1cb1a9e1fbb0f32b76b5c0d3b265dcd448ce98329a,exhaustive
1717,descended,1351,1351,2726,27728,1351,0,True,True,True,10302,10885,10885,10300,10299,445aeaae7a01a27ba60f2241078bef30f23ef92487ca647ea997a77a6171053a,6c4bd8d561ba99dd3a10c89790cc578110274aca206c2013fad3d8d040dbf73d,exhaustive
1719,descended,1569,1569,3071,27760,1569,0,True,True,True,10314,10897,10898,10313,10314,65b10bc8be3d12a123117e69ec5fa2a0c8d36f69601faf026ace19ca3a1e5054,d3f8b0a9ce47840ef05e2dd1613176ac84a2f05fbb5ac4ada9b4efa7be7f859a,exhaustive
1721,descended,1487,1487,2942,27792,1487,0,True,True,True,10326,10910,10910,10325,10324,9cffb8551bb2a1321e01ab8cd805405deaaf2a8be0d2e0eeed68ef5493c322ea,8b364b22a7b09737db84d43421732334788349cb81534437ca7cc0a2e6ae836d,exhaustive
1723,descended,1750,1750,3359,27824,1750,0,True,True,True,10338,10923,10926,10337,10339,60a5e709f86ed7184559b4deb8a13ca20fa2a45da20a1e9c9f339b9f08ba8ea6,f48ef41cdac40d59857a902a7024c8bffca6c3037c22d81c331708e59113fdb4,exhaustive
1725,descended,1727,1727,3326,27856,1727,0,True,True,True,10350,10935,10935,10347,10345,c8e58011e3e3892beab7357a6a8b4246d11582e1a0230727702b89282dfb62e7,c82e1e9d9c4c3456266546494bd8fcb8e2531d1f9d331a7eef19663100480958,exhaustive
1727,descended,1695,1695,3274,27888,1695,0,True,True,True,10362,10948,10948,10361,10362,99f60218f4e3a96736821f0e96303140b370e67e89f7c9f1575a61b7ba7194fb,121b698bcaa34ef56b31773d05dce912107b2eae0fc10cdcb53aea668571310b,exhaustive
1729,descended,1634,1634,3177,27920,1634,0,True,True,True,10374,10961,10961,10374,10376,35779c2e8b27b68cf72866402a897261791f2dfc94a30da3d1f11f3506f5e264,87024ade4baea5728d7ce3ce93e6725e9844654e321b73f3cd038c1f24b7e0f2,exhaustive
1731,descended,1598,1598,3125,27952,1598,0,True,True,True,10386,10973,10974,10381,10387,71b8c062aeda475b77119dc89b75e7b6f2ce23c7bf1a8ff0fd447476dc0efb02,d78ecd5504923d98da9a7f056c0cadd901f3feb6e48284899bdc870aa084755a,exhaustive
1733,descended,1557,1557,3056,27984,1557,0,True,True,True,10398,10986,10986,10398,10397,89434f7ef6d4bb58e348ce3b56686b5fc6f6b3ba9e744b59f491f5af9ff71eaa,a17a39f76b245fbbecb006abc46688e5bf00c44316846790a4ae9601a1c7b494,exhaustive
1735,descended,1539,1539,3030,28016,1539,0,True,True,True,10410,10999,11000,10408,10409,8c401a6913edf38438cd50004d636e831df16e38f4200550e60c39201b986cf2,5181c13bfe2b6500c6a9aeb1ade049fa5d2406ae990afa363fdb36c968185f8f,exhaustive
1737,descended,1607,1607,3137,28048,1607,0,True,True,True,10422,11011,11011,10421,10424,d9d68dff480fb5df4cf720b11862936e1e138e0b652aa153e4a3f14fcaaa9886,326a5794e916a0ed0b021db8d1ab337895832db684ff5086889ef5ec40c7e27f,exhaustive
1739,descended,1562,1562,3066,28080,1562,0,True,True,True,10434,11024,11025,10434,10436,2e505be94f904e92520033b4c05eaab5cc4f80c9c43b496bec0db3b23a984bce,c18f155a2408fa2243658b2dae7f9369f754c3a430ec907ac12d80a3f71c52fb,exhaustive
1741,descended,1531,1531,3018,28112,1531,0,True,True,True,10446,11037,11037,10445,10446,ba92fd3dc74296cec36b59eb6cfcb0b381ac84063c5ed8be1f3aa1d26497997a,290719fbf5d16552d543f38af06fd0c706ea1eeec628ab342fdabb424f9cc07f,exhaustive
1743,descended,1512,1512,2989,28144,1512,0,True,True,True,10458,11049,11058,10457,10458,0149e593f6d6b97a6a0a844ce7f496ebb1819e908302fab060077dcb3d0c8e30,db95da800cecf5bfa43ee38bfa4dd5859746c2b59955a9a860a7f614c7dd95ff,exhaustive
1745,descended,1472,1472,2927,28176,1472,0,True,True,True,10470,11062,11062,10468,10468,b2428b2002eea60f78aa9d0d406618af3da8368e8038d1a039c034ab87d3e9a9,e06807aa69e6fb9afcbb970e115564c14f12058add0c961bcd6d3e724fd67342,exhaustive
1747,descended,1410,1410,2830,28208,1410,0,True,True,True,10482,11075,11075,10480,10483,8145517279c0b7fdad5355af6064493fa0220e1ed97510fe392577b3fd75e93c,2b98c77a75ef53896ea1bfad46ee50258019803729aeb570a636e4ba7f83f17c,exhaustive
1749,descended,1427,1427,2856,28240,1427,0,True,True,True,10494,11087,11087,10493,10494,5e37ca84acab31c30432759f78c0df1598744a184e5d4b099fdaa7987fa3e686,fd63b25b3b1fe27a02f0dcbcef112228b38703f84f37c68701f5599029393d16,exhaustive
1751,descended,1397,1397,2812,28272,1397,0,True,True,True,10506,11100,11100,10502,10509,2fc58f8ead450a1c2a41d68a82b4cae42c2676b8134d48e4342a6f2460bf14a5,4752654e110587034ca93037461b500bc7d5716c09b0b7181ae3ee28aeae87fa,exhaustive
1753,descended,1497,1497,2968,28304,1497,0,True,True,True,10518,11113,11113,10518,10521,e7df5b2ee484f78cc3b2ee1097cc1907c434a7bb4f6375210c3ab384b6de56f6,5e654378ffb51991cb4e98b7e4b7d552f95bd5c79272ed65b81c63aa7330ea4d,exhaustive
1755,descended,1479,1479,2940,28336,1479,0,True,True,True,10530,11126,11126,10530,10534,32f71923dab76cb96df6deaae8858a8d0f339975e4ce04da3ef1b9a1b30e804b,b2d49115402f20edde8caf5b6aa9192b1fecefa4cfe83e5b020d845d820ebe3a,exhaustive
1757,descended,1456,1456,2904,28368,1456,0,True,True,True,10542,11138,11138,10542,10540,28aa680f74cefa6fea11982ee4bbefd4d5c767b01aaff9378c4273fcdae121e8,e86677b5594f4fd748b663896e7a94380392ea42f8565464108a1c17b33b02aa,exhaustive
1759,descended,1411,1411,2834,28400,1411,0,True,True,True,10554,11151,11152,10553,10554,f95b16687f3260957b5e87de7b68b06ba035c8afe0af397638adab270434a847,100f4d891c00c15dc635ccd65ff171394e35db0bca8e73456244869ba143136c,exhaustive
1761,descended,1421,1421,2850,28432,1421,0,True,True,True,10566,11164,11164,10566,10568,f2ff8e0dc9b41da96d5538705a452f24f67dca226d53641ffc66d6e90cf1c844,58311575a3cf234d0009877d2027072f82bad79d8ba767409ab81076559de0fc,exhaustive
1763,descended,1286,1286,2637,28464,1286,0,True,True,True,10578,11176,11176,10578,10582,fbabce35442eaa6a434a95f918d15f96be0ca9c1f55701573c356f40586f2a12,2b3fb2c6cc3fd798d9865326461cd05593d3576c79f9c3613dd36312d58ccf2a,exhaustive
1765,descended,1260,1260,2597,28496,1260,0,True,True,True,10590,11189,11189,10589,10592,8b465102630e925d731cc851b05969983a30e181d68c374dc591ce711b9c427b,b02f8fbe6f2eb9c15f0db1c4b1d1d3fabd92a31d7125ff3265a177e554e7b5bd,exhaustive
1767,descended,1431,1431,2870,28528,1431,0,True,True,True,10602,11202,11202,10600,10599,d03c031148faee7fc06132f14b74ca7cbb7b1cd31621d86bb4c55766909c37de,96a14644bbbf33375750804b9fe0f48a6e67565eec31014353f4f77c93402d08,exhaustive
1769,descended,1392,1392,2808,28560,1392,0,True,True,True,10614,11214,11214,10613,10614,7fca81a6a386d3efa79d167cb465081ffe752e120c45eb4a440dc3d58617aaba,3b98c50f4d0ef2873d3ab661cb94f0a72ebb64e00d15952cc87ed00dab33471c,exhaustive
1771,descended,1258,1258,2598,28592,1258,0,True,True,True,10626,11227,11229,10623,10627,7520f1dc67969a48e812193ecbf8f21be50184e66681ed7336917076d1bd5e96,ddb91d62be961829be5d366519a7431f19d68def3ad8e136a27b54ac17e9bd99,exhaustive
1773,descended,1221,1221,2537,28624,1221,0,True,True,True,10638,11240,11240,10638,10642,dbbd03ada18089f5b20967143beac16a723b6a87df9d4593c191e2a10c656fa4,f49f4fe200c3049ae41fbf5844e4ffb8eefbcb02196498eed48f8040f243d53c,exhaustive
1775,descended,1550,1550,3066,28656,1550,0,True,True,True,10650,11252,11253,10643,10651,2279014e0ea2d8359711e74353b96d2d2e83e701a87e1bb2c3af1c9d53592b69,5e99f376e641033edf90e319ed410d02961422941a1bdc3595d453bbf0b12e47,exhaustive
1777,descended,1518,1518,3010,28688,1518,0,True,True,True,10662,11265,11265,10661,10663,6b19392e865cfb739092b1d8ef6fa178e54f2ffb4408092fc6ecf032792b88ab,99e48021b4c6c9d0f2a7bcb88ffe298d2c4f3151f205165670e1746b24ff00de,exhaustive
1779,descended,1453,1453,2907,28720,1453,0,True,True,True,10674,11278,11278,10674,10673,d3d7765852fb421d9e6852b198599d98169e68cf5d0abdac566f6b600b20c850,18070ded3180cb3c4fab020a8b681c6068aa43e50978ef6f96de7623810ef9ba,exhaustive
1781,descended,1414,1414,2847,28752,1414,0,True,True,True,10686,11290,11290,10684,10684,a8a635f16fd68257c82a1292a6816451a1eb8c7db08590054fb7aa60dc277b00,8af1faa1670c06b480a5d66bd05daf429ca24988f8cd3db2160b4ae740749fd4,exhaustive
1783,descended,1354,1354,2752,28784,1354,0,True,True,True,10698,11303,11303,10697,10698,7cd2b5bd9bb18dc50feb66fd62026def44bead05da3b39529e218fa770d28d61,d9caca14183fc3ad12149431adafbc62c4e6b0763b91c61fb0669ef01071350f,exhaustive
1785,descended,1308,1308,2679,28816,1308,0,True,True,True,10710,11316,11316,10710,10711,6bac43e73f81d2d1692ee469f905c7fe1f911f22305e8354fbcbb9df9921ae1e,4e9773c6dd1fcb8850670170ae7e047f6908e87a2737f68e985e29c5a685786c,exhaustive
1787,descended,1407,1407,2837,28848,1407,0,True,True,True,10722,11328,11329,10721,10724,05bd91e96a1e411b9a2a1f6fd8d4b85f6e44094ba6461291ac562a2d02d3d129,d4ff87026dae052fe7d4cc235972a3df86db776dac9d35c66134574a6c063765,exhaustive
1789,descended,1251,1251,2591,28880,1251,0,True,True,True,10734,11341,11343,10733,10733,82f13bad17ff08dfd6989052a7ea460648b8583237a4341530d7438373f7e75a,26d0d3238f76951871d66afcda96485351d5fa2d33dedeb671e7cbfbb1269393,exhaustive
1791,descended,1605,1605,3155,28912,1605,0,True,True,True,10746,11354,11354,10743,10742,4a826ac7bc367c5c2923caee61275cacf8085fccb2d32bedd1a274fbd6f31dfb,b3d4b01d9b6c0b0908acab6e02dcde81bbb6556b5bf4219c07f6d6cc589a6969,exhaustive
1793,descended,1579,1579,3112,28944,1579,0,True,True,True,10758,11366,11366,10757,10757,d69c633bd7f43563bf29545c46416c16b060e4f1dc87ca3572c07ecee7e5d52e,bf14f443318ec0cb139eea045eb367a900cab30ce3b6c3558ac5cebd0defc019,exhaustive
1795,descended,1561,1561,3086,28976,1561,0,True,True,True,10770,11379,11380,10767,10769,b47c9eab79d02351f608ad76f45960984fa5f0b8f4dcb999d423d776e009feda,898d1505548faa5eefc2a2c0c6284a332e253a0a369551c3118de35078590d2c,exhaustive
1797,descended,1553,1553,3072,29008,1553,0,True,True,True,10782,11392,11392,10781,10783,4b5a36bf403aab0421aad7ce569a922820eff8750a569e310b3279b837a585c4,681280a8b39d753f23b6c198f5f4b8fa80a8e03d376d6db064584769a5d5d454,exhaustive
1799,descended,1424,1424,2868,29040,1424,0,True,True,True,10794,11404,11404,10793,10795,46cbe98db5f840dcc563e4e34b990ec2a294d62d4169bb8fb61d6b1e99002afd,951d99c443cd0b5bf297b0cfbb0baa36c3875d61102776f60d1cdca0b694f0e1,exhaustive
1801,descended,1408,1408,2844,29072,1408,0,True,True,True,10806,11417,11417,10805,10809,a7448f882d9f5424db5918278a4327c42bdbeaaa64df1ccf1cc10bd1895ea6ef,651beed0f3fc30e27400f32c34f2d68a8fc1c4c48ca8722597a3c97ab238d066,exhaustive
1803,descended,1458,1458,2923,29104,1458,0,True,True,True,10818,11430,11431,10818,10818,f010ae4a9d9bda2b73fcaa8c9fe6ff6108e60078535946809cf20adff275980c,6e3ad2afa63c57dfd8b1552b5bf7b5d081e28abfbbbdc682894cfcff1ac87760,exhaustive
1805,descended,1440,1440,2896,29136,1440,0,True,True,True,10830,11443,11443,10829,10828,3eb3221c58a5491c98cce9328b945505e042b30f25a15b5bfa48a0548f852755,47937cbfaaa88c802f1eabd55a2605fd8647beb172467b6f0f02376ce16730de,exhaustive
1807,descended,1357,1357,2765,29168,1357,0,True,True,True,10842,11455,11455,10841,10843,fd814b4f67de47f11e688f8bdf7f222d361d4e5f7ebcc22806cc2daff5f6cd50,699afb33fd431f673d561f63e6484c8be1bcd480f1c3c5f8108b31e8104e9f73,exhaustive
1809,descended,1321,1321,2711,29200,1321,0,True,True,True,10854,11468,11469,10851,10855,afe84dc6f2ecdf13210dd2a25547bd24d595d6fa3903a8b23859d861660f0c3a,b6352d566c174f80be87933b7459142a9694be8f712fdf72e94189692ce30a1d,exhaustive
1811,descended,1468,1468,2943,29232,1468,0,True,True,True,10866,11481,11481,10864,10860,47a2e62c942a17be8f79b9a23859f64fdddebe6bfc65a50af6536f83f574ff00,735bc33dbf19916e1720347b6ff74e1e6fbec79778e5e1920600db0c872f551e,exhaustive
1813,descended,1410,1410,2851,29264,1410,0,True,True,True,10878,11493,11493,10877,10878,dc419a595c6487defd97e5c65461f7515400cfdc3a212c3b9bb27b7ff0d7b47b,962411825f70b28b8059b5b7e9e76aa518907cfa3d04024a5ed86a849fe0756c,exhaustive
1815,descended,1369,1369,2786,29296,1369,0,True,True,True,10890,11506,11506,10890,10891,f89eb9ee35c2c88974653411f370632b45191001a003d6b3827d4a1aa96c3ab3,6deb2d8e2e590218ed39c4f3e7214ddac2f7e863a48be698150de62b8042a4d7,exhaustive
1817,descended,1484,1484,2973,29328,1484,0,True,True,True,10902,11519,11519,10898,10905,323b32f810cd4228dd3612985945d1d1c7f2efb3b3d6fe54635a0fd12763d122,c8080102e65a50441b338ddf66036b7f01133922db2eaa2cd5cec9a521a1417b,exhaustive
1819,descended,1464,1464,2941,29360,1464,0,True,True,True,10914,11531,11532,10911,10914,eb545699683e2dc40639c9db6f658051db8139ca5c1fd7d7ee5a576854f09ad0,38dddca8253858ade2885d1e8a0a9564d82a043f048e1b27c180931a451ad618,exhaustive
1821,descended,1414,1414,2862,29392,1414,0,True,True,True,10926,11544,11544,10923,10924,c58e1f7a2356c235fa727de6da7b1fdbc9058412b0d50079c316cd036ee6ba68,f14ae1c8cd96fc135e14c3cc0ca2fde0f7c1d1e5032193d24a8e1bf9313d6ae8,exhaustive
1823,descended,1373,1373,2796,29424,1373,0,True,True,True,10938,11557,11557,10937,10935,9d12cd84d9158c6f631fc14cde417f0f26065b71f51d635786d4eb485ba1e52e,8d5c8661b4370a2cb2d10ff159497e3d5aedd3595c66fb809b829be338520641,exhaustive
1825,descended,1324,1324,2720,29456,1324,0,True,True,True,10950,11569,11569,10948,10952,98992dbd6c35b53e39b252a201f6770b7bfd7dd608344813ceb3bb586049975b,bf85ff53670023f541542e65507c0a8a2771e886d2eaf17a5c35fb157c26148e,exhaustive
1827,descended,1549,1549,3081,29488,1549,0,True,True,True,10962,11582,11582,10956,10961,8c2a49a97170ec5fe2d5283ffd0877b85eeb92c5da710c306f7e6ffb3e5c853a,41b38061f46f300010becf69d5b80d7c71ee5f619d049b524ff752892288f87d,exhaustive
1829,descended,1535,1535,3054,29520,1535,0,True,True,True,10974,11595,11595,10974,10970,3058da8eb4aab7afd4548575625cabbf2e4db3ac33968c07533c376eb30c6fdf,c87c54a9fdfff1da25a9acff502eeeb8605fe43a172d05fe9e30560db554ee90,exhaustive
1831,descended,1323,1323,2720,29552,1323,0,True,True,True,10986,11607,11607,10984,10985,c145818849f99ace02cded412bfb9be1d34f1941b71e11c49bade850c333566a,69f1600e1d8da6271b6058c2420352062ebe4e731b029a48c86db37bb7185cea,exhaustive
1833,descended,1698,1698,3315,29584,1698,0,True,True,True,10998,11620,11620,10996,10997,b2bbb87b913440094f63c1ce5f7fef4c6dc2b2b0483b8491b95ea5f90981bbac,572fb2cc7b2ac518b0ea2dc8bdfd9e82c19cb84af7d045b732ebd5339e61f4b3,exhaustive
1835,descended,1387,1387,2824,29616,1387,0,True,True,True,11010,11633,11640,11007,11012,c8499fc98879aed7ea3666f18bb438114db7ff52fca869d41029276d92abb96f,ad99bc937cbcb37d5758b59b9dad710d498893d514705355327e654586a4d50f,exhaustive
1837,descended,1369,1369,2794,29648,1369,0,True,True,True,11022,11645,11647,11021,11021,0850722575c5588bea15c97cb41b33b8e10f582679629bf9b81e66496defc2e1,fe4eb69aaa83f37b231973d3d6d516530b3355c470bb456099903565b97c6e42,exhaustive
1839,descended,1645,1645,3234,29680,1645,0,True,True,True,11034,11658,11660,11031,11034,70d2c32424f9a4afd2f83a0f7edf1625eeab7960ed79513a7aef883964da3361,8444690a1caf43a5e8a66f6f28438ba87389b4dd50d30c60cc69c2b6773ff6af,exhaustive
1841,descended,1622,1622,3196,29712,1622,0,True,True,True,11046,11671,11671,11046,11049,bac2abfb0e85e1b60ed6dbaba8e739162fbcc6689adc8b731eebb4269bf221f1,f7c1a5c77a10b4b3fb51e1e578d0f9c742fd955b110e1fdcfffdc126b6ed95c9,exhaustive
1843,descended,1594,1594,3152,29744,1594,0,True,True,True,11058,11683,11689,11058,11055,6a8366b5fd731d4e97f2471774e01e219d45947c038335a2fd992b74e45876b0,504bfa9d2b5bd8d3bb80324b6212944598a25bca3344ab29496fa230f3f59ec3,exhaustive
1845,descended,1566,1566,3113,29776,1566,0,True,True,True,11070,11696,11696,11065,11072,f5c277a80bc88f377e910d894dae543391df5f4f19d51a59b50a331a3ad9def9,a4d7eabb59892fd175d42e707cbb8a3a108193fdc72498812a91a9182a339b3a,exhaustive
1847,descended,1552,1552,3087,29808,1552,0,True,True,True,11082,11709,11709,11082,11083,d3282bcfbd2e2eb42d289afd94dddcbbce61d075ebf0ff51fb197ef634c240e2,1078634625c2901c218bcf31dbd4afc833f01632eb67c36a4a96a3fb414c0112,exhaustive
1849,descended,1530,1530,3054,29840,1530,0,True,True,True,11094,11721,11721,11092,11099,5bc88ca00f4737cefb250e3adaf806f3e31630515acd11704d5be50fdf045f59,84b6a1a1b9c04daaa344aabcf95ff18244dee40cca21322c03600cc36a13f222,exhaustive
1851,descended,1514,1514,3030,29872,1514,0,True,True,True,11106,11734,11735,11104,11104,3b4cc6d73aade8d879a43c434d788c77d13f25c41634b4bd76f1fe087f125418,06055e19c33112df6cba5ac1877d1cc7f2c39816a6233bda93bf6261fdd29d8c,exhaustive
1853,descended,1444,1444,2924,29904,1444,0,True,True,True,11118,11747,11747,11112,11111,df8f266bfb5fe9fbf5d9ff9e727d8de9c54c831128dc366e412134928dc019e0,b16c6156b9584fff72c4f989cb193abf87886defdf0c767ddfddd51cf7d10fd5,exhaustive
1855,descended,1482,1482,2979,29936,1482,0,True,True,True,11130,11760,11760,11129,11131,673596f1ae953885cd561e634d788462431599163105e5c892aa52fcf16fdc21,51d7d7db53949e7ce54ea1c7126891b3a74951c38316844ebbf0ed113d93411c,exhaustive
1857,descended,1432,1432,2900,29968,1432,0,True,True,True,11142,11772,11774,11142,11140,ce39a9bcd04bb4154aaf0a1aeda1e78df8c4b1b226c3a6ccea1e9f165d7feafd,ff42f507515373ea8041b4405e2f39054d051c790ff521fa7b47a3a8ae51d0d3,exhaustive
1859,descended,1697,1697,3321,30000,1697,0,True,True,True,11154,11785,11785,11154,11153,ceca98df8393d3b830d3634ef406ff6ef08b60f36d8578f59344704ed02aecdf,0f70aa3e2ea3aa4500ab0bbc7e88a3e440c018d1c52ea5454428105f850a30d2,exhaustive
1861,descended,1451,1451,2932,30032,1451,0,True,True,True,11166,11798,11798,11165,11165,d5e36ee1a9ff2193cbd8f39fac0a2843e30ddd6e3382aca175f638d64406bded,ae13065fa4d555d73079e33434be020bf771e317e9848c21c2337c5178dd044b,exhaustive
1863,descended,1410,1410,2872,30064,1410,0,True,True,True,11178,11810,11810,11173,11176,2ad051512200410cdd32860dda76a59964e5bc161f9229d2faad2d63798672aa,460718242950fbf3e314e98ece29128b524e91d406d882ced479f6cfb74526bc,exhaustive
1865,descended,1549,1549,3091,30096,1549,0,True,True,True,11190,11823,11823,11187,11189,0923eaa2aa05e3f5ae1f97ca9a2732145c3e676e1c87515696b4aad7562f4155,6ee5cd75fe0fc3423584d1f04878ca703c9a03983c541b65013f41c5382598eb,exhaustive
1867,descended,1510,1510,3027,30128,1510,0,True,True,True,11202,11836,11837,11202,11203,e58a1233449a1bb5947940d19b572c21519b50123b51768e4d0aba743c21e062,e65c22ec7831784520a461506b62c6581dd8824c935dcc7c9d92441ae9f5cd96,exhaustive
1869,descended,1484,1484,2987,30160,1484,0,True,True,True,11214,11848,11848,11213,11212,3cadcc507b5a703202ee7ba70ab429df479ccd55f0f9dbe055e9e4974eeb8011,f2b3fe60a2001186c435eec7aad5074b7c90b92d5c2800381dab5281d541a83a,exhaustive
1871,descended,1670,1670,3283,30192,1670,0,True,True,True,11226,11861,11861,11225,11224,e950dd8e843ad8f8d7dca96da354c11d314e0c670c3988e1ba796468d9444a69,01252b880ed9d97825e905b95a9fe297fc5bf6a170f4b72e420cfc88b5512143,exhaustive
1873,descended,1414,1414,2877,30224,1414,0,True,True,True,11238,11874,11881,11238,11238,2075726456b783f07a0eabbb0932fe6821d84620db1e0ff6066dd60a56464605,84a22189a19c6a8d80b9b0be5aa4e1223db31bc6f33eb30c0f65df37eaab6cb6,exhaustive
1875,descended,1383,1383,2830,30256,1383,0,True,True,True,11250,11886,11886,11248,11252,d0240bdd0f3075c134947ac5fa35fb37a5b990c649c1338d6edd61f47d7ff083,b36d21d5db929b4bcf56b84aee9487df5e71e9589356e23247c4b6b1f3b3cd94,exhaustive
1877,descended,1644,1644,3243,30288,1644,0,True,True,True,11262,11899,11899,11262,11265,f4cef40ae07144f93cc50ee9eedba77f57dd7276267940b7f059484710977385,0dd69eaad0cf2c7be0cefa96b9791d132a771844ff1471a624943e482ce7d7be,exhaustive
1879,descended,1626,1626,3215,30320,1626,0,True,True,True,11274,11912,11912,11274,11274,25bc578d4acbab81162559c880c46a987e6125dd0b8994942275fe204bec2f20,66c3745b021abcadeb0c0634fcabdb0fc0cde3a816bebc0dc15bcd89a63028f3,exhaustive
1881,descended,1596,1596,3172,30352,1596,0,True,True,True,11286,11924,11924,11282,11285,e7b8b970faf63367c8fe5771ddc5468c484b43e38193b659c90347045e348832,8c303ec45345e0bd548be89d5f45b09745be567ec205aeb8c7502a663df2ba59,exhaustive
1883,descended,1534,1534,3072,30384,1534,0,True,True,True,11298,11937,11938,11296,11297,8965b553d467b7613c9a18180cc8d7227f0988287b29d83bf90a51c97d4ecf4a,2e3f1f152b3b5c83655927fd2731ca636fab52f2e5ce2d513d5b3b16b66f60c6,exhaustive
1885,descended,1656,1656,3265,30416,1656,0,True,True,True,11310,11950,11950,11309,11313,bf4adcf7ba46c4af4051c95d21f9e18576e80b93594516269091bed15a59effd,7843067a1f9bb8884e4cc59d1c9c20b7b24720536c65c0b392c9504cacf0da2d,exhaustive
1887,descended,1587,1587,3156,30448,1587,0,True,True,True,11322,11962,11963,11322,11326,4f716a4c59447df2c3c7b65e9fb275d236140b8dbe55013dd329f6e2a2e3b38d,440b09a22a6b6fe9a124b6e50255c5ac3fcf8d4bb49f20b191e06af76ced08ad,exhaustive
1889,descended,1424,1424,2901,30480,1424,0,True,True,True,11334,11975,11975,11331,11333,4359da4bcf0725309a73541f3d5534a91391163d7b04cfad675ddb52f7029aea,db364b9dc924ca579ba917a9be5496b41cd5067d3a9f59ebc716b4ada18af912,exhaustive
1891,descended,1326,1326,2744,30512,1326,0,True,True,True,11346,11988,11988,11345,11347,37c48ddd29c2f8f917a7a8d192c2c613766776f04a3cf0f618c3e34a4ae4d00f,3678d91e28d305ab1db48d1c329a1b1334a6b57cae9cefb6241d5864b200e99a,exhaustive
1893,descended,1342,1342,2773,30544,1342,0,True,True,True,11358,12000,12000,11354,11358,0a4bae0ce633c702ef1cf217b20f94d877e2a6a35b740de792613924c519597c,e24907b9019572565ff3c901b3afe30ca7a1a931d3253d101bc46721d9f836bf,exhaustive
1895,descended,1491,1491,3007,30576,1491,0,True,True,True,11370,12013,12013,11369,11367,8b75a51253231b8fc0c34b373b7ca27ace22ed73bee10e806761975468c02799,07db11e8c913e1f5d5ff775b5a59c7a6cc90facf36b68c417a88b3ca12dc2b41,exhaustive
1897,descended,1459,1459,2958,30608,1459,0,True,True,True,11382,12026,12026,11380,11381,71a32d6624804da75d02f2b1a0e972c6e144acd35bd9c3f5137eb536ca074805,f3537049372d82f072b094ec74bdeee3948d6beb4a8b9868d5008a753278d7fa,exhaustive
1899,descended,1431,1431,2914,30640,1431,0,True,True,True,11394,12038,12041,11393,11389,4f123fca14d231f4ed18d39a531f72fa51b5f08e1abc15846c5355104aa84221,e13813a2c34171aa5a8613883b88d33a712dcf5fd00670e16fdd5c2a31ccd3f7,exhaustive
1901,descended,1383,1383,2838,30672,1383,0,True,True,True,11406,12051,12051,11405,11408,fada46c2c991590d427ee3f2e2dd6b0c864542ffdb10cd070429dc4cdcfe6c06,cba06a4abc2fc57eaa248f4f5bff00aa29fe32a31b7c7603ebd51808aa16b4e2,exhaustive
1903,descended,1521,1521,3058,30704,1521,0,True,True,True,11418,12064,12065,11417,11413,77b33504fdbb0b00a0c1b72c2ca7c5e0b83ec472317a034dc68a50ebc2fda60a,13184e536d3c04478a825f0b329692b2ea997a00b03b5c507014a52c4d26a4c4,exhaustive
1905,descended,1497,1497,3020,30736,1497,0,True,True,True,11430,12076,12076,11429,11429,95cfe93b9c823c7896e66b3e2d292412429087a40259942f1972e1a05e3561a9,b9908a930333e1563685b3416b719267ebb8bd6003c715d455bc18727775a0ae,exhaustive
1907,descended,1471,1471,2981,30768,1471,0,True,True,True,11442,12089,12089,11440,11439,cbd29a2e7e9a81ae7c3aaed2247c7260951be120e8b16e8cd3d510c9eef66253,3fc6091d5fb74f53fed129b942b2f205fdadf261eace4704b134cff37ddf8adc,exhaustive
1909,descended,1585,1585,3161,30800,1585,0,True,True,True,11454,12102,12102,11453,11455,7ecbefc5e86f07d931487dc25af2a61403cbc3c4fd161ee6b48b62d7fda99380,77bbfaf4b0a2b895be6fd64f0c6b03580c364d5f375696a63ab4fe6c643b3d29,exhaustive
1911,descended,1671,1671,3298,30832,1671,0,True,True,True,11466,12115,12115,11465,11467,4399e28112657dc75ec55f505dc8fa14396ca8e7ba79229eeca3ab5f9f1903be,a88533aea65b8cf9095c87cb43a14b06179bffad27dab1dac3fb8f86ca3ce230,exhaustive
1913,descended,1633,1633,3238,30864,1633,0,True,True,True,11478,12127,12131,11477,11476,02eab26d3113111a625cc90e1b510edb147b9ddc35bc8b3e846140039f214821,8ec5416381da98ccecd2fa966faf4b60c51b52df4315af3fcef53977a420610b,exhaustive
1915,descended,1586,1586,3165,30896,1586,0,True,True,True,11490,12140,12145,11489,11488,c5c0e669a13ab8caeb4fe1cb9583ffadfcc7329e097a3fd7e7da6b6879bcf796,705e54cd16a16c790c62bbff13630f4067d30523e6aa7028d7530e970aee8b2e,exhaustive
1917,descended,1538,1538,3089,30928,1538,0,True,True,True,11502,12153,12153,11501,11501,20500056bedc775a711b8081e562c5e1a5175134ce1ce1cf163b813e3b75eb6b,ded7855f412def45fab5ee2cf9a1f6f4559b868ee5eb01b73cc2bd11b5f55142,exhaustive
1919,descended,1514,1514,3051,30960,1514,0,True,True,True,11514,12165,12165,11514,11512,43edd78ac54c59c195abe486948f9e1a016305359a017aa94c550d3bc4e9c4a5,e41ac79c9f2c6c219dd78eda9434998a486cb9d7d2ff2e37358a89848a94e9a7,exhaustive
1921,descended,1757,1757,3438,30992,1757,0,True,True,True,11526,12178,12178,11525,11523,2594775082fa1979344e5f460d4e0870c2604e6080a3943adbef105bde06a553,f9f3967dcb896007aafcaca6b33185db9570c0b5e42bb8c7d4b3c7cde0cbdfa7,exhaustive
1923,descended,1378,1378,2837,31024,1378,0,True,True,True,11538,12191,12194,11538,11535,fe61b379565de3aff86dd546b571b577d48f15b8ed9979b00dd7bd46efdec6ed,450ea3333c0f997c51bdbf65c2b98813e13480be0d1509ea7c12167c7b45bae7,exhaustive
1925,descended,1350,1350,2797,31056,1350,0,True,True,True,11550,12203,12203,11546,11553,5597cea6be656be5e1b5287dedf141bb6879f914dcfaecb7bd536f6f226e573c,f38c3f60e676bfac81941dd032b881ae72ef13f5ec087101c31d3c18ac54af93,exhaustive
1927,descended,1918,1918,3695,31088,1918,0,True,True,True,11562,12216,12216,11561,11561,bfd29e8f84d432608a9df3dd9f23e0f0ade1a3f6502d707e419b64b69693af22,a5455cac98369d53eb16d920aad19e1e5520f64996b66458aa6f9e808e1ffc70,exhaustive
1929,descended,1480,1480,3004,31120,1480,0,True,True,True,11574,12229,12229,11570,11579,118d27d0e80228b71545e984b28b174a400328e21c47a7637a09d15c574e7190,ade567f9a730a07413b65c394c08a0a371a64ef9a583c8e66e6c7a0a03ecf912,exhaustive
1931,descended,1466,1466,2979,31152,1466,0,True,True,True,11586,12241,12244,11586,11584,02ccecd50a5276d8aa9df570362122c16f062415862354f6fbdb4a24ec6c068c,4579abcf0f858fa0f5422bd9a17c8f862bfad1d842a68e70b777f67433786b11,exhaustive
1933,descended,1653,1653,3278,31184,1653,0,True,True,True,11598,12254,12254,11596,11604,a16ee0ae01eb504f7ca4591da7fac4863dbd1876b55bed6a6f4a696bc438a253,485f125899e8c308ec3f2e99cf683960c6d26800d65c27431f44529392ac4d3b,exhaustive
1935,descended,1643,1643,3261,31216,1643,0,True,True,True,11610,12267,12267,11610,11612,2d8394c60980953bdc357322371e7475809507e58e058cdc6d7cbeedf7571b9c,7a6b34bda567031bc62fe5450ffebbcbe8eee35bba33bd5a2077beb9c0312a9b,exhaustive
1937,descended,1602,1602,3197,31248,1602,0,True,True,True,11622,12279,12281,11621,11620,84d2838911edbd749a573b1906e9f22159539f34fa5b14bf4a26208316922ed0,59c9b93cbf8ec4748fa016f402edea19b572f4097ae98989a4d74eab54605adb,exhaustive
1939,descended,1565,1565,3141,31280,1565,0,True,True,True,11634,12292,12294,11632,11628,94afe0ff434e644543e923ae32365f5034ee10e835bf2c4c14dad44a0070fc6e,79528aba25db6f9f5ba2dc38e08ae3732d07af7f5fa6d20bbe3b38b152eccf28,exhaustive
1941,descended,1536,1536,3094,31312,1536,0,True,True,True,11646,12305,12305,11645,11651,1b92ff8aade3210c44b114bf5b5fd29c45ccf430ece13bd9d3a4929384049d60,38fc9c7fe0424ae965ccca83675d8d53cfcd6b229d293807ddd430cc273b6703,exhaustive
1943,descended,1688,1688,3335,31344,1688,0,True,True,True,11658,12317,12317,11658,11656,28a6848eef7ec94983a1f084cccb4ca065260ecb3e4ae929e66673be5e3dc9ee,e08cad9992c361d0bcd456c24e623c21538d99953ec55e64848610678a7642e6,exhaustive
1945,descended,1669,1669,3307,31376,1669,0,True,True,True,11670,12330,12332,11668,11671,860ea807a6e779bb1a492a3d2b979eaf9f9bf7e8f1f915d3ae83e4894c83017a,465869c4215b452bb02f2f63c492a1be15b2aed72b89d541e76ded7486fde994,exhaustive
1947,descended,1615,1615,3221,31408,1615,0,True,True,True,11682,12343,12344,11681,11684,3e897bb780c8b05a06eb767907dfa18cd3d25e7eecab67770e3df1b7b1006ded,b8d6c03b1398fcc5c57927c19455097d4c2b296dd209d8af7a27863e5345b4d5,exhaustive
1949,descended,1599,1599,3198,31440,1599,0,True,True,True,11694,12355,12359,11692,11692,e48288d4a4e231d128ee1b0deffa65f23d4f9047248e68382846fe56b3b228c7,76987e6259afab8404541b45a347b7610bd04487786929451b0dcb3b18396463,exhaustive
1951,descended,1542,1542,3107,31472,1542,0,True,True,True,11706,12368,12368,11705,11707,9334cd1ab3f5e1e69f574498071dc14266eff6b5f57dd22a3b6de22d6879016b,abeb86a5c393c27e38c7dba509a3f89f2489e330446dcb3888e1efcda726e25a,exhaustive
1953,descended,1812,1812,3536,31504,1812,0,True,True,True,11718,12381,12382,11717,11718,e5501e8e2d1a3491da92966e9f7364553cba8085d494f0f1274af121a73b82ef,06027c78f3adb3532d18c8a6f7da639a55399ab9228528dd57578c37c82326b5,exhaustive
1955,descended,1868,1868,3626,31536,1868,0,True,True,True,11730,12393,12395,11728,11730,9ef85fa0552d90017c7e2cbd028676d048805299f3d2f0ac01a9eb7a13fb4713,c72c70b577f32cc739adbcd27c06d0101555cfeb47034fc7554496f92a5e4dce,exhaustive
1957,descended,1821,1821,3551,31568,1821,0,True,True,True,11742,12406,12406,11741,11742,8572ad251b13f904d71d8c5ecb40332ebc3164001bd70dd68d23cee7d5a2c2b8,ecbe2ce9b449ffcecbad71de30b247a7d4d8f4081ce595fbb55099b0c32d66a4,exhaustive
1959,descended,1801,1801,3520,31600,1801,0,True,True,True,11754,12419,12419,11753,11754,3a0b8eae537a8e0d5ff5adad004a9b6f2b680c556d5057fba5c251a9201f2cd8,5484bab97680e8d222e5c53ba4d9ece4689ce8b568e471f7237a8da5538e3b80,exhaustive
1961,descended,1779,1779,3486,31632,1779,0,True,True,True,11766,12432,12432,11765,11762,6f9b58381f1e53f048e50d4ca4c1c745089079f410b87afa5b1750544e5d616c,11b196d4f70214abf58e763ad1d9195003eb9a6e618dc5ed1a77604edf242077,exhaustive
1963,descended,1733,1733,3416,31664,1733,0,True,True,True,11778,12444,12447,11775,11779,c0b9c27bd4f7d2e6d54216cbb5cee11571857d084c7b545961069d4ad5a3a6e5,0a296117ec16ef4fff49a71b767685009a0e862d269cac66b0c0c36d618befdd,exhaustive
1965,descended,1710,1710,3379,31696,1710,0,True,True,True,11790,12457,12457,11788,11789,3fb465919f761788ea3cdcd868b8abc0b8c3e8a2c769fc0fd846de5000f92b72,935483da0e2340d0fa475678af133af0e1ef92d54377bc1c5921d6c02c51c2d0,exhaustive
1967,descended,1659,1659,3298,31728,1659,0,True,True,True,11802,12470,12471,11801,11801,0b5a732773408a444dbdfb75d6cd173c56ec245c44af61fc7b4e0433d2576c2c,4d9e08229d77dbe9fecef8a0b024aea6bb3bf4f4045e9cb816e49ba717e8006c,exhaustive
1969,descended,1632,1632,3257,31760,1632,0,True,True,True,11814,12482,12483,11812,11812,e65d2d34f5720a36973fe4857766e53919e84fc07ecc9d64cdcd928024bfd598,61c9e01026000d5bb8dfb85d9a7f5b498198abbb2a4b44488e7100870bd210be,exhaustive
1971,descended,1556,1556,3137,31792,1556,0,True,True,True,11826,12495,12495,11824,11821,c652bfd8fc06d548a90128bda8af449996e92fff99f17cb0789b0bfc067ed253,0680962b10d308d63bcb8369c5b1acce3b8a1535c83e23a33c322de03a9be6c8,exhaustive
1973,descended,1539,1539,3110,31824,1539,0,True,True,True,11838,12508,12508,11837,11838,e5e58b0c50d667d3707bdfcd9721bae660a4a80171c42c01eef3b7109b1ac47d,5ad53fc94ddc35f12e8c16910c7e89f3c1d0b3778d87b8f384262bcfca502a27,exhaustive
1975,descended,1495,1495,3040,31856,1495,0,True,True,True,11850,12520,12529,11850,11851,1a48ddc9226e9f4ad576ceb9dd44d23a3957fd7f94a6358d597f482716814f8b,c0ec65f059447c57af91ce334d7b555d24bf79f0fe342d33ee8fa972c7dab735,exhaustive
1977,descended,1463,1463,2992,31888,1463,0,True,True,True,11862,12533,12533,11860,11863,8dfc2967057a91d9073a038b1caa609b0acc9ca9f6e3628f36a337320d10a62a,7b1012a9bd1174109f794ba84f2b6c8d385e8a82b750b3581cf9e32388b5f933,exhaustive
1979,descended,1408,1408,2904,31920,1408,0,True,True,True,11874,12546,12551,11873,11871,d773790ef848b41449f660f46e728e8c38db3a7c54ae2ed4e393b18f0dfd0d73,fb574496fc90de83545697dc817e0339297c068cde31ff849c82d774ebab864e,exhaustive
1981,descended,1373,1373,2854,31952,1373,0,True,True,True,11886,12558,12558,11880,11886,8988628841024320734eb1960e584dd16ee2909a6f9e8f818df4a974b1db0cc0,155339e08ec37bd50ce76b68dc01b8d98e120d701376bddacdfd53bd296d386a,exhaustive
1983,descended,1346,1346,2807,31984,1346,0,True,True,True,11898,12571,12571,11897,11899,35c2d60d8ac1ae28e849c58b1c535e0284f217387bb9cb22180f28b61b0bdc59,e19c5eb066ac5ed0b5ca525df5c787e6cfee736ee41a6946dffebb06d9704e25,exhaustive
1985,descended,1751,1751,3455,32016,1751,0,True,True,True,11910,12584,12588,11904,11910,52bf8de184ffa7624b9a14329113a82bca63e2bdf2c98e9928779c6f5f1c1486,66211775a457a0b826c948ff2d5d1dedf3dd22ececb06d5f0074cadc386afc0f,exhaustive
1987,descended,1708,1708,3386,32048,1708,0,True,True,True,11922,12596,12597,11917,11925,4d2733168f555f082c5cca98044b265a3e1357bd8fcc34f63a683c40f0ffd51e,b7ca9538596a481b30a36b3aab050acae7fca67f8e348c2e802ce3739e77c19a,exhaustive
1989,descended,1680,1680,3338,32080,1680,0,True,True,True,11934,12609,12609,11934,11935,af43ff6710ae4ee7429cd4cf813d65c22251df024a0d3636d78c0dfc9c9710c7,0d15632cb8407c579ebff4e2f860a37d83a93fc4f6d58c29234c2ff6800d331e,exhaustive
1991,descended,1956,1956,3776,32112,1956,0,True,True,True,11946,12622,12622,11946,11947,3c6da6e8e7009383dd43e3f37ff061fcaa9b512f9e7ca7fd3d031587ebc73ff5,d9d5c5ea0c0cddf478a2758cb1a7c8a92fc5b4ef8311266c9cdd2d5fc928718e,exhaustive
1993,descended,1924,1924,3727,32144,1924,0,True,True,True,11958,12634,12634,11957,11957,9e16afdb4656d27ecca3d7aa43c32e774b85d3b8236538931cbb4587395b42c6,bf14e36c604ab97e5ac9ea6e0e6823175b83866423328ae5ca55b4006c75f421,exhaustive
1995,descended,1921,1921,3724,32176,1921,0,True,True,True,11970,12647,12648,11968,11971,8f05cfad256701b9ba280d6f2b09b144ab86fc611f6a56adee485b59481b8dc5,4c203ef07dbbe28d95223d6b485c3f352b45ab45f538542e4dc95d161d2034e6,exhaustive
1997,descended,1584,1584,3189,32208,1584,0,True,True,True,11982,12660,12660,11981,11981,8b8c74a9d7df65482d3483e4af670d45e97f6bd2f16fe16aa68d983568b268f7,d0d294548d3cd10352f43d413b5cdfb2f5ab931541dba9d67f5299446f5434a7,exhaustive
1999,descended,1852,1852,3617,32240,1852,0,True,True,True,11994,12672,12674,11991,11996,8457450bbbac9b1302d618fabc5c22622aa1bf9fc779a6a33d8de0d4928908a5,bc7138035ee94f87f9d4151a291f3b437088a9f4e870d70aa75223944a34f19d,exhaustive
2001,descended,1490,1490,3041,32272,1490,0,True,True,True,12006,12685,12685,12006,12008,c062e3609dad1606e70e7ba7b9e17581e26dea51ff0bcc152a475434bcd4e41b,c589b613cdb5ff82f233324b83c48c6c2a679d19db6efa3885ed1c03e028d105,exhaustive
2003,descended,1794,1794,3524,32304,1794,0,True,True,True,12018,12698,12698,12017,12019,de36c8d79a711e2381c457e4d7e9629f78e64808185c4409c5b747c42532484c,153d54237445250f6d5c2fae75b29d86f407797eca874f151466ade63bdfed11,exhaustive
2005,descended,1738,1738,3437,32336,1738,0,True,True,True,12030,12710,12710,12028,12033,6cad3b2aca7a1ecbf5c70c947359a5e536d05b0fa6b424bfa5eff3275c79bf61,14d4af213a8db6f720695583c7de137ccb17b2b16037746e860b1c7f6f21f7c8,exhaustive
2007,descended,1745,1745,3448,32368,1745,0,True,True,True,12042,12723,12723,12041,12040,470740e603a6c89069af3fb6ac70e54f6e4206db881588d9905bbe59d2285405,130cc2ab98b36eeec38a771870dd285219d4af5e15771d53565c57f9bfd101a5,exhaustive
2009,descended,1632,1632,3269,32400,1632,0,True,True,True,12054,12736,12739,12054,12045,05f2a9bb28798f9ecb7703d143061a664fae177689505f1bb4710028ddc1775a,e0663a6a8850d2fc76bf2e36b14cae44434678e1bf395fb16ad69de0f4178a4e,exhaustive
2011,descended,1687,1687,3357,32432,1687,0,True,True,True,12066,12749,12751,12065,12066,34c99db12717f848ace290a36cc438908316acf26c07058fb6ecacbe953ee810,f106e7c5b304d102ec95d25292233848283be70c1f1535d9624aac4a4f39a11a,exhaustive
2013,descended,1649,1649,3298,32464,1649,0,True,True,True,12078,12761,12762,12077,12081,1c73e2f351cb9cc4a75d929cfe90c713a40cbaf685ead46b2d0f6dd02b590571,fa63c4eb7fb11b93cc155d2dd6b46fccc6e4f5941d7e3bba7fe750d6d8e0f364,exhaustive
2015,descended,1465,1465,3007,32496,1465,0,True,True,True,12090,12774,12774,12089,12088,6b114a1fecb65538cebe069631b2670e652dc4a46fa395ed79b4302baa4141d0,42fe31c6426ee90213afd564eb9911f3b4a6aeb34e862e3993ff001901cecd9a,exhaustive
2017,descended,1447,1447,2979,32528,1447,0,True,True,True,12102,12787,12787,12101,12100,9d53b545d7cd56a4687d0a2711344e0f2d1cf17dd6e95a4097cad3b5699c5155,40d857db691e3fdf6274bd6d5a88b4243b69bff8d0d8fcd4d4afd9e2b3b4cfbf,exhaustive
2019,descended,1413,1413,2925,32560,1413,0,True,True,True,12114,12799,12799,12114,12119,d2619f6aeaa0153b7dcee78db7a938d8f2e92af7b29173adc83a733810cb371f,b7e0218dc06b7027d9d120f850a2e5e77a3fba1130fa1d2324cbfba35ea60afe,exhaustive
2021,descended,1726,1726,3422,32592,1726,0,True,True,True,12126,12812,12812,12126,12122,476f7d7cd3401669ff59cac0f4eac18fdacceecb474aa0c7d2b639281c64f362,926640ad2c0ce93dff10389dad9993b28fcc511b46f3761ff26d041c53a72d0c,exhaustive
2023,descended,1706,1706,3394,32624,1706,0,True,True,True,12138,12825,12825,12135,12142,dfd5d255c1b5a79a89d5d3a5e0c9a9a680100920762d40a8460e3946d5a07283,a2a245a3e1c6d5f5ad7a3a3f9ef5672022bc6e06715a24dac9a58fdb458d9f32,exhaustive
2025,descended,1797,1797,3536,32656,1797,0,True,True,True,12150,12837,12837,12149,12149,5aff0bd2f7d67fa7d084799a264fe4ab1d8d016ccccc81efabbc37d46227d000,347b6245373b761c23e9065e2960c9b5a5b3417fa0ab1fdbe54a96a69c3d0ad4,exhaustive
2027,descended,1776,1776,3504,32688,1776,0,True,True,True,12162,12850,12852,12161,12160,659bebd0c9b7514ac4e26c7f8849ef5d80ebfc474c3f4bcc860fd7f73b3b9d93,c70265af09203b3653c7c7880f80cf271a7f173d846e07dd7b2398599e562023,exhaustive
2029,descended,1491,1491,3053,32720,1491,0,True,True,True,12174,12863,12863,12173,12174,f3b5183deb1ee0a7bc027e5e20273238d9a80c22d3ca92ed3e3d40fce40846a8,430cf30e92be1208e81fceff15f6b49df00a8209c6687a5b86d5951a48580ca6,exhaustive
2031,descended,1626,1626,3267,32752,1626,0,True,True,True,12186,12875,12876,12185,12186,26354c85f38642ec878656bfa75b47bcb308418e02e27fb1f152188ac6439a0a,58e2f87d5f8297fb5c6834558c9658b38496323db880214e5fb74b42fac1a00e,exhaustive
2033,descended,1574,1574,3185,32784,1574,0,True,True,True,12198,12888,12888,12198,12195,56e7a8db350f69bcdd5ef2176171cf3d6f041f2457cde1d4da836b8d5496a595,7ce0808b25d76a33ef95981c935ec9df91531f4b07a0e13f0e2e2b630419188b,exhaustive
2035,descended,1732,1732,3436,32816,1732,0,True,True,True,12210,12901,12901,12210,12211,f888c91126b0311506cbfe35a99a1a0a3886c44d2a892aa9205f663a929c0d90,a2ab44c3ff9c7614e90dae09ab984ba533dd7aae3124d87cd197bb58be10ad33,exhaustive
2037,descended,1715,1715,3411,32848,1715,0,True,True,True,12222,12913,12913,12221,12225,cc60135f85285fce6d4eab5c5cd2299fa41f340769632b728656c6b955b29cf0,1533e0a900cda6c55ce47bebd4c2b022a6d4e8472e6b26634fe33e0d5dfa0d49,exhaustive
2039,descended,1682,1682,3361,32880,1682,0,True,True,True,12234,12926,12926,12231,12232,cf3ca68cdfc5eeb3d96118fda561e1dfc2850319b4be3e12d50f8459e5a95f0d,848aeafbc237085a8fb053e56660d9b97b0ce66b047b1dad4ab4e1cfdc086d71,exhaustive
2041,descended,1438,1438,2973,32912,1438,0,True,True,True,12246,12939,12939,12245,12244,e8cd44bad78a9a1884eabe4cfdb6fc45e31892aeb60a8221c28f5191ed565482,705424b466d143cb6af01653aeb9e45abf07b714bf80f773438cb3c5c820e663,exhaustive
2043,descended,1645,1645,3301,32944,1645,0,True,True,True,12258,12951,12952,12258,12258,7eb4eed99a7affb1b7b98e054a7c0b808d73728cbbea81d55d24349370ea3a4b,c7d2462850cc119484014a0d7f88e455fbe67b0e94b765584111f4d7ba5c4320,exhaustive
2045,descended,1493,1493,3061,32976,1493,0,True,True,True,12270,12964,12964,12269,12272,1f3798e7e29cc06c41fecc88f242aa54f80824fd7b09c5da18771b0eed3c7a42,9a66faeaf1edb35a544c7bd76dda06de580ba2a34c5c5676b9fd8ca704308e94,exhaustive
2047,descended,1587,1587,3212,33008,1587,0,True,True,True,12282,12977,12977,12280,12283,f23c7956e18581c406fc5fb6ac2cb121c7ac6ab20448f2b4388feffa08eeb8a4,57c06ecacc2d00adea3f6da2016b075d2d0da431c76acc4e27cb1fb6f5a48047,exhaustive|power_of_two_neighbor
2049,descended,1578,1578,3199,33040,1578,0,True,True,True,12294,12989,12991,12292,12298,740df2c8e35b3a3fab46bc46df530c312304e554f38dcc3057b8dc22cb59583b,3ffa39974611975cbb0f7885c5ff42d4fd9d9c15b6c8e3b0421805fd634e9f3b,exhaustive|power_of_two_neighbor
2051,descended,1555,1555,3161,33072,1555,0,True,True,True,12306,13002,13003,12306,12306,b0efc8f0d94a56621be88f4a6d4b311fafb7de43d538612e7d223773dc339a4a,560861551ac9677ddf8ba5ff30be575886b2407a98bc2a7eef17ead7d80ba718,exhaustive
2053,descended,1773,1773,3508,33104,1773,0,True,True,True,12318,13015,13015,12317,12316,9f810307ec2e92eac0a618fabbf655854601ba3aedd8da8be94558712a53e887,ac034ed866b9f26d3f5051cc9c55eba31485432a1bb3b096e64c3eaf1bd7b629,exhaustive
2055,descended,1513,1513,3097,33136,1513,0,True,True,True,12330,13027,13027,12329,12329,888243dbf4384cb65e7374a4f567a487b6a95f85bd03df54a93aeb538ac0cbe6,854f25864249b77e239540279ebca06f258201937db75bcc2d5f3eea45f3ee9c,exhaustive
2057,descended,1465,1465,3021,33168,1465,0,True,True,True,12342,13040,13040,12341,12344,c840e0a7c175004b1179e455b59853d4729448a8d55da53214dd81f09b5b78e8,08a16889897c9ede4f738bbb3a4e308292416ebc60754328b8aecde830ff3c9e,exhaustive
2059,descended,1668,1668,3343,33200,1668,0,True,True,True,12354,13053,13058,12354,12361,f53aefa5cced1f423e65d5a7b593305ac187b891d29c5a7e0cd0f9bc3e0d5990,e6fe7e37a319187e58183b1d3e2d3d66f0fd748447c4141018afaa6757cc4d86,exhaustive
2061,descended,1420,1420,2951,33232,1420,0,True,True,True,12366,13066,13066,12365,12365,dc0d173070fea0349fe5687cb7cfcb2cf2fbf50a39b42379299cf1a3a099da8f,5429bbc3d849b90bdb0ad3c7e72614fc07c696cf1465e5d88069fd12f9556bd2,exhaustive
2063,descended,1618,1618,3266,33264,1618,0,True,True,True,12378,13078,13078,12377,12377,b3ee5e4375a4472bb761f0af1a4392ae2df0f2451afcf8f1c6e4048fce03306f,333a9c4939b3f695add78a21df9d83347fd9d84cc2594496aa40f86a3ff7c897,exhaustive
2065,descended,1596,1596,3231,33296,1596,0,True,True,True,12390,13091,13093,12389,12386,37164d7cc98894340123a74eff05bda02489288690a53d66bd06ea49706df740,ea10e12e2e97e8b44b3d410cd8c18583b6acd5bcdd5a5e33de69677fdfdc6bc8,exhaustive
2067,descended,1553,1553,3166,33328,1553,0,True,True,True,12402,13104,13104,12399,12402,a1d3eb696488f64c22802708b941059babf65ef629cfde46779898c9306a567f,fbad5d357d640480eb96d8d40de2a3616f4ae57f8f2f8a0c6c1d376a9704f417,exhaustive
2069,descended,1534,1534,3135,33360,1534,0,True,True,True,12414,13116,13116,12413,12413,e9276494f7c43a6c5ce3b2e17e564d34c2761ef2d0d6a0f6dea1c88353b6fc9a,26b6d8a44c6e62cce0bb27c4352b2ce100ac0d993c6263e7590c5cf8c384f93f,exhaustive
2071,descended,1694,1694,3389,33392,1694,0,True,True,True,12426,13129,13134,12425,12427,3f36d710fd27b277890b611d66ca7cd6d09bf1e34fc691fde87603d77d43e129,a340b0cd6252d904d6aba6b6c8d0968c16d13286d6d663be9ecf929d7452a898,exhaustive
2073,descended,1605,1605,3248,33424,1605,0,True,True,True,12438,13142,13142,12437,12436,cba445bdaf9abdccae437ec7971b80df04cc734bae7907598812a38ee6c1b31d,8edeedc3b9550911eea2c2e7aec0754420755fe775870fcc86268b75970546a2,exhaustive
2075,descended,1875,1875,3677,33456,1875,0,True,True,True,12450,13154,13155,12449,12452,bf029a2034c08ea01acaa565b76551b456053a27711d29f4aa04cc50bd33530c,51b90da3e2013dc5ca0e16195f037624864f27d01de04ab9139c8e310a3003e4,exhaustive
2077,descended,1552,1552,3165,33488,1552,0,True,True,True,12462,13167,13167,12462,12459,464e0b98554464b0412a5f15272077325023fc8083aefeb84576e41935dccff2,4836c3265f96124c00c6458ecc32528b5653d606e7622c0a2f098ee1c4ab3cbd,exhaustive
2079,descended,1788,1788,3541,33520,1788,0,True,True,True,12474,13180,13181,12473,12474,42b23ca474e580de018062e7ab138d54cba61dd8bdc41ce25351f4601e30999e,6129d55b17fd4e50e7b5fe315fbed4635991d05b346b032948256e652acd21f8,exhaustive
2081,descended,1765,1765,3505,33552,1765,0,True,True,True,12486,13192,13192,12485,12486,ec109d186d35d3c2516d865746d053453e10c90772efa86995cff44609f747c4,8f8af5c1d786fbaeb2b2f753d6e6462f5ecdb90e5bda1acaeb6a4642a1537555,exhaustive
2083,descended,1738,1738,3462,33584,1738,0,True,True,True,12498,13205,13205,12498,12502,80d207d5b5b650180b9bfc5a998863d7aca578b4323562eb47797242908e3a7c,d1ad956d62e506855b28d0f2ef3a36cb9c92bbf23307c4d9d6c2326894f39841,exhaustive
2085,descended,1709,1709,3419,33616,1709,0,True,True,True,12510,13218,13218,12507,12510,9114c7fabff1d10849744cd86b1c150127656c33622ca475c20fc13d5e772c83,d2b208cbf2b9fd26f2bf3ec758e17342ef4c83b324682c8c496f341d7f48da43,exhaustive
2087,descended,1654,1654,3331,33648,1654,0,True,True,True,12522,13230,13230,12521,12528,a914b9724b823ffe8e09c3c4e71a36a0fa32266925a1a2f7cff8f8691f93f848,6d6d42b9e9dd646743403c15ace8fc96692dbf965a03b643b9d2c00a3c653bb6,exhaustive
2089,descended,1740,1740,3468,33680,1740,0,True,True,True,12534,13243,13243,12533,12535,f06bce1ca2df81c8e058a7438f461e15d59831e761a2fb49ec9e8a91e9f8ff36,c9a9ad64bcba0acd8493460b05a74d5240b35e5f6850dfe6ac7d7b7ec2bb81c5,exhaustive
2091,descended,1728,1728,3449,33712,1728,0,True,True,True,12546,13256,13259,12546,12540,b58989c71fa84cad1babb9205c7d37bafea3c3c2ee84aa55c0032fc9312319d3,d483a22e4fb640dae6574071d7e55b34759142e59ba6fb32086dcc0cf62f7559,exhaustive
2093,descended,1685,1685,3383,33744,1685,0,True,True,True,12558,13268,13268,12556,12557,faa7f95c73e50d43f0d2044e01d294ec97cde7dba701bcec175455065e0c101c,f73a9d5ca8cb2c4f7c0dacbc91d9c71ac9b4efe30bf0fbdb8bbc0d13a58f4206,exhaustive
2095,descended,1637,1637,3308,33776,1637,0,True,True,True,12570,13281,13284,12568,12565,93fb398d9d5c22b249db1b2452588255f83b865324ac1131546b8b736e69b417,003d69713fb0926a68d7475970cc8d20345f5598b862b8ab0dd1f57379ab4704,exhaustive
2097,descended,1711,1711,3424,33808,1711,0,True,True,True,12582,13294,13294,12582,12578,5da05ae0fb496e45de261ec6fd4ef371ac3197416d7af7af0309b584d94d28c7,c1d8dbabfb6a8054f2c95fc7ce53c639407e7e4862d954d9e3f403305e25cfb2,exhaustive
2099,descended,1693,1693,3398,33840,1693,0,True,True,True,12594,13306,13307,12592,12599,4a79ecc669512fc261a5d857b72908ed92e18d04ef3e77c6b3be993bdab4f20f,4da2f6fb7457690927cfab3491e55a78a7b1b552b787f5cba8a7cbecd1373037,exhaustive
2101,descended,1662,1662,3349,33872,1662,0,True,True,True,12606,13319,13319,12604,12606,b019c696783a3afd81a6ad27caa5c691dec044437b580d6bf8f78ec067e6447d,68340d20c6959005b71fdf28b5eb3c0aa7147bcd10e49b23cd6ecacf956bef73,exhaustive
2103,descended,1629,1629,3296,33904,1629,0,True,True,True,12618,13332,13332,12618,12616,14784f6748403aad30a759a03aeee621e573ce31625abf86d75d6d4da629d22d,ffc016d1d10933212a6c07611fc6b312c22f9d1ba524cc0c359f0e6e62e554e5,exhaustive
2105,descended,1947,1947,3802,33936,1947,0,True,True,True,12630,13344,13344,12628,12631,eef1ab38f158aae1b3d93d3f7c63f313e2bbc5fad46cc821e4888e0dcd7e7ed8,613f3162880be51006a54634bcf91e1d9b073f36dabd5a36ca3737c5e169f886,exhaustive
2107,descended,1927,1927,3773,33968,1927,0,True,True,True,12642,13357,13358,12638,12644,9bd96bd4826dd8b8a63ba50cc2693497c148291ce485ab93fabb3e87aad13fbc,fe13c4a36da72f02a2dfe38280b4d84e8e940179486adfb9feb2725336dcca91,exhaustive
2109,descended,1864,1864,3672,34000,1864,0,True,True,True,12654,13370,13370,12652,12656,5a3b7ada42a0f8bbbfc693244073f8358f47c49dd1e934ec9a868a843a4272b9,503a57ce26633a6f4348868c82dd3647c5bc0a236ede6452696d86bc719a7365,exhaustive
2111,descended,1797,1797,3566,34032,1797,0,True,True,True,12666,13383,13383,12665,12666,44b002ec766288c2557a102f8010c3780f6da11ec55b2e47f1304726537c1dc6,317ec3b647cfc99db5216b7ecefb5da49adb9c2834f8743d4e865bf107d8ac3a,exhaustive
2113,descended,1767,1767,3519,34064,1767,0,True,True,True,12678,13395,13395,12677,12681,9b8fee09ba759ff7d53173c4cba7ce7ac4db049583127eb3103a391df0a86971,6e26e75054d720de00fe5f064ae346424b677df47f65a152b792ec5784b68ca2,exhaustive
2115,descended,1740,1740,3478,34096,1740,0,True,True,True,12690,13408,13408,12688,12692,0ff7b281754b6d11bf4a910d8b5bf0fcd6a9358d300954e659d9b0b5b4198d8f,3e3b80c63d5a52559a8de1a93f0add1c64b631838a63264bde3552f6c50348c3,exhaustive
2117,descended,1705,1705,3422,34128,1705,0,True,True,True,12702,13421,13421,12701,12703,618bd15d1e6a163a4e6e35c87237bc35df6266c59a46e3bfe0ceb60bac25d2de,7f2091ea89ad593fee7a5d5a90f5ead11b89ca0e708e414ec3c8a55a6c7c958b,exhaustive
2119,descended,1682,1682,3388,34160,1682,0,True,True,True,12714,13433,13433,12711,12713,a20c5cdb2a2b35bdb51341996e34fe8c9513b0597dbfe0c6deaa0bd78bf4aa41,6cd3d1c7fd460bfeeac36d99bbd96ee545cf3054dc7290aad0cd8e1418032afd,exhaustive
2121,descended,1665,1665,3361,34192,1665,0,True,True,True,12726,13446,13446,12724,12724,65bb30cde1c929b6aa950d1c8335bbcb994082e560df680eba9bfeb15d6d9ced,a141fec1609dca98c384a2f782eece6ab376e0d37d138a9993a4e0064de7ac64,exhaustive
2123,descended,1619,1619,3289,34224,1619,0,True,True,True,12738,13459,13462,12736,12739,52e09582a5ba8bc77dd293c66ebc4467e5f46e3d3211dc0f7cf61b3ce946a8ac,0c568e491be78f342758bd8313d9e38c7e0eb4356e6f100cff179c9b823775ab,exhaustive
2125,descended,1584,1584,3232,34256,1584,0,True,True,True,12750,13471,13471,12750,12748,4b80897232608646150603ffd84b02a84aa21d463e33eba93ee03228f3c5a527,cd1e2b0be18fb654096f8c84c0d21fddf3f29ef6e3a4ef399515f254d7e93635,exhaustive
2127,descended,1551,1551,3182,34288,1551,0,True,True,True,12762,13484,13484,12760,12764,b41f49a3686460c194ff275fd5bfae039b2cc7803e7d96233d9efb750bc470dd,9e8803eef80ac20a7ec82baf6330c2ee9623e567d01df215dca6bd07340adbcd,exhaustive
2129,descended,1910,1910,3752,34320,1910,0,True,True,True,12774,13497,13499,12772,12769,324e786a6ea0308b1e212ac0fb21e7743e6e400aaa3d64daf5277097080ef1ff,c8ca36f63503f4e686eb0052761b47b58dd2849000200e9b296e3cd0cf65f945,exhaustive
2131,descended,1862,1862,3675,34352,1862,0,True,True,True,12786,13509,13509,12786,12784,23d83985ec42294b00f2c44cea9856b32a7495f4670f0b01a502ac9b7fc190be,60d3e6b906c8c2693655e949a39d616e06e56ba8703b466f420466dd7dfcd30f,exhaustive
2133,descended,1824,1824,3616,34384,1824,0,True,True,True,12798,13522,13522,12797,12801,7a8110f2e10c19dcdc89a5d41da4307a750f6bc3ca98bb0b69e38de5510e3be4,bde0732ecd4a9f31e51b82955b429451f786a3b3254b94383e147d22284a4b5a,exhaustive
2135,descended,1798,1798,3575,34416,1798,0,True,True,True,12810,13535,13535,12809,12801,bd147ff7a9590addfa1b72465a8b9e5f9dd796dda97dd837f859869e2935e4e1,a0f089c8b004aa855c82fd1116083cd33f8b5952afdbe173bd37fade7b615710,exhaustive
2137,descended,1763,1763,3522,34448,1763,0,True,True,True,12822,13547,13547,12820,12822,9d76dd157e2d727b7ab2c9aeb4cc9d02456610f230539f598870e1c23aeefd47,612fc0eff7b4c18b9e0f26868c781b681c5ba861cb0be9a833b535198a8a05d3,exhaustive
2139,descended,1732,1732,3473,34480,1732,0,True,True,True,12834,13560,13561,12832,12833,94e5f9a1e9ccbe1b1a9c5e15d42e04e222e9eb40619624aa77f23098cf3164ed,1cc7d6c9c52d603a214d61561c1c915e51b9d6c9e0e442a1718f174d86e4d911,exhaustive
2141,descended,1819,1819,3610,34512,1819,0,True,True,True,12846,13573,13573,12846,12847,0826269fe63c4b2064b87ac5dbd9fcb8c44da8586a5035730c28752be9ffbc93,7fd6ffb588b86c805716836fc40a752e486bc2729b4002faef8d6e5ea2ec8462,exhaustive
2143,descended,1642,1642,3330,34544,1642,0,True,True,True,12858,13585,13585,12858,12856,7a66a0d8fca2593480aaee329971e54263e4a091d7983506e503b249e8931827,6cfc3177e19903d587908d720092047164d3a0de2e8da6b289cc0a57c85ab9e5,exhaustive
2145,descended,1581,1581,3234,34576,1581,0,True,True,True,12870,13598,13598,12870,12871,e324e47446ac4e88179886af1835230e642cac7b17f2aeba90aed10e5e0d78b0,0ea90f6334ce61e2942250c713ae86f0589da4a2110ce46bf0d47e2047b1d86a,exhaustive
2147,descended,1542,1542,3173,34608,1542,0,True,True,True,12882,13611,13611,12882,12878,158c708383b6b069354cb45c28242e428b7ab01cb6c319f8382cb42ea82c2fd5,c45b4bd5c80b224192a884121f6b81f7e1fe4ded0f16b3f74a52f8bb350572af,exhaustive
2149,descended,1507,1507,3121,34640,1507,0,True,True,True,12894,13623,13623,12891,12894,c9472426f50e0520417deaa9817dcd03c99dbf205ebe109af64c040a536f93bd,106d86dc182ba415c6fc6d7785969f58610a5f2af26af2894440df4c8c261961,exhaustive
2151,descended,1629,1629,3313,34672,1629,0,True,True,True,12906,13636,13636,12905,12911,20f3c351ff03adb5f61fd16af8c8908803dab9384bf83d643471dbd656a9cc56,76d2f1745064ab364a02f5b51d20a96c673eaabf8605701a5fe53418eff82109,exhaustive
2153,descended,1572,1572,3224,34704,1572,0,True,True,True,12918,13649,13649,12916,12921,5d83bf4e756994754fc566c09c8c70fcfd79af02cc51a690b9ba4fd99e898c87,b7705576f5d62659fb312765c53607e1e241403257f3f8d8f39ead7d5f2b16fc,exhaustive
2155,descended,1820,1820,3617,34736,1820,0,True,True,True,12930,13661,13664,12929,12929,ade77e3a89756509f4dd0bae9d630bd495a41831f22ef7beb07932b708684198,97314ceb7c75fe8e1b76d375cda9fc58a3949c2325e386526e54aa821ffb4bfa,exhaustive
2157,descended,1757,1757,3518,34768,1757,0,True,True,True,12942,13674,13674,12941,12943,d31ba15d8aac5121cdfa2af19b9961ffd7a7e63fba16766bd42f090a51010ffe,ba81a317a1f5be74848f06f27022842bc956935b76968bd9756a9736ce27fba7,exhaustive
2159,descended,1709,1709,3442,34800,1709,0,True,True,True,12954,13687,13687,12954,12952,69d41375094a6aee46d676e71b56db1be3534ebee43c7741320f7db3356db9ed,9e0d8976cdf604c1e56de1cdaeadde7a471223f94aa7baee5ce06ee64081da3c,exhaustive
2161,descended,1684,1684,3403,34832,1684,0,True,True,True,12966,13700,13700,12966,12963,70f31294c7668a1ba46330dc8b8478945023fe62d1173352952063b29375f9d6,a01570262c32fb32a91fb739aeec2a66c8751c13ca8e5351aaa5705ec9fe456c,exhaustive
2163,descended,1636,1636,3328,34864,1636,0,True,True,True,12978,13712,13712,12977,12978,6d95cf1d6456bf87668e247f2fbd1cd6cee9fb8f0803e0d866f56a2da21e6351,12cd2a9fc658c1a29a701e6b79c07a02c80d18f0ec62bd83282915810391820b,exhaustive
2165,descended,1684,1684,3406,34896,1684,0,True,True,True,12990,13725,13725,12988,12990,3a38e4c62fadcedc1a0cb7a9e9fe3101ec210707b1229dba15f53e6248b4725c,fbb6ceedec9554a1eee1c89250596ab7fa6087fd2d90b22df40d32eef45d5a9e,exhaustive
2167,descended,1617,1617,3299,34928,1617,0,True,True,True,13002,13738,13738,13001,13002,68d310f202a5f5b52cbe8c22f2ff1a14085b476061b5272e942e6cebb1608370,ca5d5af72455d6262d67496d0339b8336e1357b1be274fcf724f69457eda716f,exhaustive
2169,descended,1922,1922,3784,34960,1922,0,True,True,True,13014,13750,13751,13013,13010,0e9e937f32558943cd7a07cee05faa3d6558974a7b48e2f69384baf00a491c70,0dd241d83258ce000c3a43c1f70e5dfd2e93b6adbc0f3f1178ad223a7c901156,exhaustive
2171,descended,1789,1789,3573,34992,1789,0,True,True,True,13026,13763,13764,13025,13029,d69eb442ff6444706811c1f400b4775659c0fee1a99a6ac0cbc84539bf1b1a36,4b0b50724b4e8d6d65885a69976cfe2bacbc6bb1b69561b3df9938a656d79a70,exhaustive
2173,descended,1737,1737,3492,35024,1737,0,True,True,True,13038,13776,13776,13037,13035,4c104149d8a225121681b98df19726aefcdad0576c367f1ed7390dad2c967920,9e98d3da9e86d417a1eff18f8d46149f6db501d4228cfd7408ad8d4cc271d0a4,exhaustive
2175,descended,1686,1686,3411,35056,1686,0,True,True,True,13050,13788,13788,13050,13042,bed140d8eba6ebe43ecd413e99305eac2f4426977160687e045b9e65042bbdee,47d6dc0d75332dcea326aedd28908afeb34bb098ef5880274181f1216c8ddfb7,exhaustive
2177,descended,1637,1637,3334,35088,1637,0,True,True,True,13062,13801,13801,13062,13067,967b48905fc75f9e0d53f1ef745204f7cde891e1857631f8f030cd1886a93110,d38a778c9c53a5249643ec9d67d929edc9a4264f725ac4b38d5af4d965352486,exhaustive
2179,descended,1722,1722,3470,35120,1722,0,True,True,True,13074,13814,13816,13073,13072,68e8173614212dae19ce2a7751649b865f90206f8504e35e17d55b52542c5300,7e1d1b8a7dae540afa56719ff8e68160852f02be2bd9069c4fb4d93e626bd2f2,exhaustive
2181,descended,1678,1678,3400,35152,1678,0,True,True,True,13086,13826,13826,13086,13084,438ae21709e29c1b8a1aaa938394878d88e79dd1705039f0376b6e53e3eb1783,8e15d0c59e795b31ac4d064d5ff0014d6adb5b6457627a4e78b7f5f34fb48903,exhaustive
2183,descended,1886,1886,3731,35184,1886,0,True,True,True,13098,13839,13839,13097,13098,772725abf8eb8c057ae743824e1b947c9254c77940ecc97c6cdf1992979600ee,d1a049c959f43c62da028994cd6784fa7af789fe43181130f916ae2f15e5a07e,exhaustive
2185,descended,1486,1486,3102,35216,1486,0,True,True,True,13110,13852,13852,13105,13107,f2c809a924d97f6de1c0759f82c21a99e290f0d28ed0112933c814c2a677de6a,39fb8c6c6736d7a0cf924d60616c89bfa4feee36287dd9b1c5bde65fa36b7a46,exhaustive
2187,descended,1445,1445,3034,35248,1445,0,True,True,True,13122,13864,13866,13121,13125,1925f9cb2a147d41d3e7755ac301a1b702de233eeb184a71858a1cdbabbfc529,cde9d21ed91de8526a05a4725b88b83fc2536bd173ddceabeb8db48400b10f2f,exhaustive
2189,descended,1916,1916,3781,35280,1916,0,True,True,True,13134,13877,13877,13133,13132,edb10dccb2f6e3befd44a22409022855a18ea915aec6ad6c09bf6cf35dee646f,c5e2b6c1dfa35c807ba765fd94b9af29924cd4caf4c42f416b3d81a201ec37fb,exhaustive
2191,descended,1879,1879,3723,35312,1879,0,True,True,True,13146,13890,13890,13145,13147,827f7c45fe6077652037912f4fad8744c9a2be1f564dfe0a79c2937d43333ebf,26d7534831453ec63178d2fe3aba6df016e35d63c661c6ead1b5e20ed329727c,exhaustive
2193,descended,1843,1843,3666,35344,1843,0,True,True,True,13158,13902,13904,13157,13158,b1c260b4daf874e6276ee8511516bdfdcf084fb01c18cfa5ca04a72d590a54f4,bd2a5a5ee9edc9884ec78c634937ef27e2e91efd2d082c669356a4e2ff2806bb,exhaustive
2195,descended,1681,1681,3412,35376,1681,0,True,True,True,13170,13915,13915,13167,13169,4ded7bd2b0dc8c3ba526831785074e4c4ace1cd70550d34108290d8e71e378d6,c95dd84ff717637aeeef3e0c512acf0762b33acf00a9585972ffb4faa7ea146b,exhaustive
2197,descended,1884,1884,3733,35408,1884,0,True,True,True,13182,13928,13928,13181,13185,8b59588a9ed62b79b9af63d039eb8f2527387a7c0f5bb010e7f48bb30e9a9a80,674b317a68c24b9d74f91473cd903c745ceb4f5743457ed02d8bc362f6b6d516,exhaustive
2199,descended,2088,2088,4056,35440,2088,0,True,True,True,13194,13940,13940,13194,13192,5e4e8d1487a001e15b9a031f1a5e8609c1f6c3f934f80207ca23134592e1de96,41c3945242c0b6680a84fe729d15804abc1028da2e77cc0534988a5f2fa1b497,exhaustive
2201,descended,1951,1951,3840,35472,1951,0,True,True,True,13206,13953,13953,13205,13209,afd2a1872f7a119d350c4604d8c0398d0894b6247076b11df1cd84fb635ee9e5,f9a962571c867ec5161320c3d59aa725a736dbcecdd6c3a3ca58293c4ae47d78,exhaustive
2203,descended,1912,1912,3781,35504,1912,0,True,True,True,13218,13966,13967,13215,13217,b09eba2e0c8ae14b60cb3454947c4dffede4a0bd132c724729c0b9e26d1a5420,b0bd407b05f767b6f1017751ee1a9c9caf0c5646504be0a00a6646367cc5bf4f,exhaustive
2205,descended,1887,1887,3742,35536,1887,0,True,True,True,13230,13978,13978,13227,13234,49e1feed76a90b4353848d943f36b9a1c798dab0f3e7ddeb8e30cf0ad1105e50,b08bf5a4394eee84fd3a33130c592161c22916d10d7fa44dc65dd380ad15834a,exhaustive
2207,descended,1849,1849,3682,35568,1849,0,True,True,True,13242,13991,13991,13240,13242,0c847188ad6df1f2173961019d4d1e7e6493c35d02e16d21cbd0c73fc33f9707,bc2c67be1c6b24491a58cd0e481837be50973e09cd8d9c652a7fe4df947e0716,exhaustive
2209,descended,1834,1834,3658,35600,1834,0,True,True,True,13254,14004,14004,13253,13251,0691f9db9d57ee447b8acb95d5b240ccbf782dbea13b7acc905c75a33793dc38,e5f4e519df730235f8612a5315fb15c6fac47047a9d995fc15e1fe52d10916fa,exhaustive
2211,descended,1801,1801,3606,35632,1801,0,True,True,True,13266,14016,14017,13265,13263,5f1091d6a5a41352a014380a61355e676ff73c7d5eb7f049f2fbb30794b6dbb9,1f7344ea4cf380b23346a3df2a98c1ef2517c1e44b925ec3c6dd7dd2705bb070,exhaustive
2213,descended,1683,1683,3419,35664,1683,0,True,True,True,13278,14029,14029,13278,13278,42c40d7c65c5603b50d8766e97703e1dce91777aaee34276a49f6da2621140c8,ea710e1bb6362ac0c2fbeb0f9b730d3a04e1e9d706fbf2f1d6ecc195ec43fc35,exhaustive
2215,descended,1651,1651,3373,35696,1651,0,True,True,True,13290,14042,14042,13286,13288,a96d6d10ba726ad2f01545df84936b86df9844c376eaae772c8451e5f6f49ee3,2146ef0125465bd94f54bcae830683e2c0e3b1343f427597876363a2e96149d3,exhaustive
2217,descended,1605,1605,3298,35728,1605,0,True,True,True,13302,14055,14055,13300,13299,8bc61f7e651c3806e212e54299a8f0db1aeff1ea0d3d09e6ff4225064437c407,21821b1994aec54a3c4fca195166e1d683b0b662ef0f6a32e1083a6bb353131b,exhaustive
2219,descended,1588,1588,3272,35760,1588,0,True,True,True,13314,14067,14070,13312,13313,c428f357896cfcfa4d2c1964cb2461f9a4317be5aba2c6c6950028ee3a6fff1d,10c4cbd4204d078524d9213cd2012c0ecd221e1d4ecdf13bac716a817de11b75,exhaustive
2221,descended,1571,1571,3245,35792,1571,0,True,True,True,13326,14080,14080,13325,13324,5613c381db6cec3fe9f54d400018ceeaefe83850f8eee043a2ee54a87c7a5dbc,3bec76406a77d99ebdc275242e32b0a6ea74e3f98ebc193a01be181d896acbd8,exhaustive
2223,descended,1556,1556,3224,35824,1556,0,True,True,True,13338,14093,14095,13335,13336,7fa5dfa9f64d8767252aa76422681432bd9e6d1b851c1b56308f0d5d88d3bcbe,d0258e660b09795124194872f5cd8a5c1e949a2d11cfa9d9d999a5a1db408ec4,exhaustive
2225,descended,1538,1538,3194,35856,1538,0,True,True,True,13350,14105,14105,13349,13348,bf9e4b30ef5aea4f3842452d203e03fa18dda5d89e40e952ddfb113c4478a095,424228205d3a8876356eb5969d2ed586877b7d2a038cbaf4b45efd38368b897f,exhaustive
2227,descended,1962,1962,3866,35888,1962,0,True,True,True,13362,14118,14119,13362,13362,2bf5a837a50bb8b94e317ead3a583eedc3e11c9f7294fbc1ddfee42f49ed7b47,8f81ea884e0b49e098338833e5b11f4fb29ab0f3ccdb9f66241329fe8fae6191,exhaustive
2229,descended,1490,1490,3119,35920,1490,0,True,True,True,13374,14131,14132,13373,13378,c4487ad6ef9e0e630287c8e1752b9e336f2c2ff0b0b787affe9b5177fcabafc4,a2396472cdc8fb5326c08041045025a446bbc39e88e3f5a786d672f4e339051e,exhaustive
2231,descended,1863,1863,3711,35952,1863,0,True,True,True,13386,14143,14144,13385,13387,fbfa926adbf941922fb878caa96f03d7c24eda76d3c837b4af461c64dd8dca3b,d4bb672d6e50f801735ee41686a5b47b3339a541f98cac5c84c9908fa15d657b,exhaustive
2233,descended,1429,1429,3023,35984,1429,0,True,True,True,13398,14156,14156,13398,13393,eb8e12da1a769e60194a721eb18b1e6a132fbb4f446a17e9b80a63409e95f94f,a7dd5dbf654c165a9d5b917d9e7f96062628ad7dc036afb1e9ee7b949ee67ee6,exhaustive
2235,descended,1823,1823,3649,36016,1823,0,True,True,True,13410,14169,14171,13409,13409,062f84122604fd1bc28ddace1c75b210cea2b6bd07817a71f7b2dd5dfe7e7be1,789a0be49555ab0e2b8693affdfeb3aab2d88d3ba340755b2b391dc717023a4d,exhaustive
2237,descended,1784,1784,3587,36048,1784,0,True,True,True,13422,14181,14181,13422,13419,e3cfe1ebfe4dad00a81898be871e277fbabea2883927295d9e9b5da82c437efd,e8b75f8258a7994056edf899b8a7cd1f8cab402ec2fac4c3cc229a09a886a49d,exhaustive
2239,descended,1757,1757,3546,36080,1757,0,True,True,True,13434,14194,14194,13433,13433,2b5e7df940bdb324698cda913eecd030d52abbb0c24ddc900e44b2ddcadffd3c,79c2b37f5aa08ca2449a451fad4b4581de9d57372dd24526c7952193aa10835d,exhaustive
2241,descended,1642,1642,3364,36112,1642,0,True,True,True,13446,14207,14207,13445,13445,52b24859fdb88cb5e12c6e8b6a9e3de3711cbf59917d5d610a46eff6560b8fe5,2f72edf86dd7d285a152e489a5487cae0b467b2b924af1b63c21257601401830,exhaustive
2243,descended,1613,1613,3318,36144,1613,0,True,True,True,13458,14219,14220,13458,13454,c3beaff063fea23bc33e234fcbed015e0ad8c3586e7fa9a1c55515d558f26281,fc214ce147e07cbb427c150aab0b31316705dfa142bb01f6d578f5c4521ca99b,exhaustive
2245,descended,1762,1762,3555,36176,1762,0,True,True,True,13470,14232,14232,13470,13472,9a4f50528e8daf9f95319c1cd955b524e23625a5b4c869a4feb168083fa60181,dd3ed87658d6acb42818fefd0c3d8deb9fd8b4cf5ddbbf00663b1ad8bd4489d2,exhaustive
2247,descended,1728,1728,3503,36208,1728,0,True,True,True,13482,14245,14247,13481,13485,93b3b560c02282d08c718ec4cf2947fb8075df3b72af96a106aa067c4d3a69a6,ea146a011bf7829857aa34faaa0302abbbd9820b0cd438a5ad625a09efc1b09e,exhaustive
2249,descended,1699,1699,3457,36240,1699,0,True,True,True,13494,14257,14257,13493,13496,36ca57ca6e202ea56efd235a227db40b67a8fc4edf34da131a6372b2a6ca3960,a5631294e3a1c7a6712c20af2c2eb41d302bfe0acac0989308d4292ea4affb81,exhaustive
2251,descended,1680,1680,3428,36272,1680,0,True,True,True,13506,14270,14271,13505,13508,f86d847d8e76adfabc31f15d3e66639f7d1f4ccdebbffa9835a8653aaddedb0c,bbcebaafb5f52c70f8648245088a18e388f5a44bcd009a659fc46fb72a11f634,exhaustive
2253,descended,1648,1648,3377,36304,1648,0,True,True,True,13518,14283,14283,13518,13518,465dfc868539e4bb69b8ce703d8e6cfd5cb4efdf9d30a1f40e304c8ab7c5fcc8,5481d962407e85f6550dbcdd5aab676d68bcad4f477638c7b1b0e4ed07aee4bd,exhaustive
2255,descended,2016,2016,3962,36336,2016,0,True,True,True,13530,14295,14296,13529,13527,8694bb344cea505dd9ed4db2fe585b9df573a7ff0c0ebd494706b6c8b4891ae0,65ed850887d1f9ac3878b156d3342a06f1d175eb920b1db69a5208615bed40f0,exhaustive
2257,descended,1971,1971,3891,36368,1971,0,True,True,True,13542,14308,14308,13541,13541,8631948b043b3a3d3947abb3322d06b28dfe5794264f875dab946e3885b62f6a,5ca1ebce05622ce45f3117b38bd00f0e8b48054b30ddcc50c0b0286bfc1feaff,exhaustive
2259,descended,1945,1945,3852,36400,1945,0,True,True,True,13554,14321,14321,13552,13549,9332a26b99d60e32e2876aaa29642ec1cfccddc3dfb9ea7ff62da6f45fdf6a1c,b46ba72801a488418508ccc2d438a6009615583240758aa0a756311f6184c43f,exhaustive
2261,descended,1905,1905,3787,36432,1905,0,True,True,True,13566,14333,14333,13566,13568,2312c5178dc837557c3082d56ca52ef2582cd58d731628127f9dcbbf7ac625f9,e7c0941d4552461ed98e6b043b12ac9f202c36c5f8678e0ab785295e30317e3f,exhaustive
2263,descended,1885,1885,3756,36464,1885,0,True,True,True,13578,14346,14346,13578,13576,0fb2f3a5f2737b98b61df5a25cdc7ad7dd43dc9cb4f8e2b393b5f9bced7bf794,a58a31e056ac46b41822a5cd463e4539f3baa6bcccc5b179419adcee4ed97128,exhaustive
2265,descended,2036,2036,3997,36496,2036,0,True,True,True,13590,14359,14359,13589,13588,9d6598e750befd45232e41b5d07a2155074b1f8392ddd386434c47d3ef67f953,59979e283186770f7d8113f7c8e46e51cd8c40182e68d9f48794f78c20990c07,exhaustive
2267,descended,1995,1995,3932,36528,1995,0,True,True,True,13602,14372,14372,13602,13602,f4ce5d8dadf42afd32192e50eb198f8ac0e4e4cd65b7a189fd0f373801006442,6fd2b4bdeca457effc36027f3841653cb61154bece1a8d9a004811ccb95f51e9,exhaustive
2269,descended,1962,1962,3882,36560,1962,0,True,True,True,13614,14384,14384,13612,13614,625daebaefd0115f14f4507c57b4b2c751ff93281cfdb6db697f70f909d2bc3c,474a00c4aa989f7bd0baf98ee0194a9c779f208f908f257661d09a87c92d63e8,exhaustive
2271,descended,1781,1781,3595,36592,1781,0,True,True,True,13626,14397,14405,13625,13623,9c3e9ae8249bd3d9d7a431709c94487290f2202a6e2cbc35336624dd68ab08ed,f41202b2ce1b526918a4e891c88d3fc981bc815e9ad327b320b6ca6260fe687b,exhaustive
2273,descended,1744,1744,3536,36624,1744,0,True,True,True,13638,14410,14410,13638,13637,a39f9e5ec870e5da197500e6e676c5cb6b139e7a17b3d8f3fe554b89dce80b68,8523b04fcf9d8a2ba25444289c0f2728c841f3539d9ffd046c3a47c0ccfa6c25,exhaustive
2275,descended,1678,1678,3432,36656,1678,0,True,True,True,13650,14422,14422,13650,13652,2854caaa8d24635b03a1572210b8ecf3bfd496d62d4d326e8a0b9feeaa8785f9,84d7efc9e4d94b3b5c0bb148529de75b69df3d4aeddb232a03996e9095600d0b,exhaustive
2277,descended,1987,1987,3923,36688,1987,0,True,True,True,13662,14435,14440,13661,13668,f27fbf1d97e58ef31cacc6b64b0f9125a87183cad7de593b74dec7ac17c7922f,c79bcd5088ef9ff76b4c49863d558118e7b9f45456d475274604bd0fe6c3251b,exhaustive
2279,descended,1972,1972,3900,36720,1972,0,True,True,True,13674,14448,14448,13673,13677,6b0f8723ed98d69bf96382f18536a62c276b6ea603f62b7cf94193ec8b057a41,238140a6edeb7c9314ea0d95452d69c41e1faa668debaff29dad864284489b2c,exhaustive
2281,descended,1606,1606,3321,36752,1606,0,True,True,True,13686,14460,14460,13685,13686,fa6a6ce1ce6e65fa99a9e7fd6ddd17ea36023246da5984b53dca924d6c5a2866,70ea91d70f6b2fd8708b952e1b951c8bc82eebdade06b6f19e34e7be735449d3,exhaustive
2283,descended,2011,2011,3963,36784,2011,0,True,True,True,13698,14473,14475,13697,13701,fd51d4107a1675bf734aa2f69248eafc0d9f90ee01039596c18c4015d1f80d8a,92273d0a64cd7332f0264d8a5db42c0843f097beedfa52e44857f1a473395371,exhaustive
2285,descended,1975,1975,3907,36816,1975,0,True,True,True,13710,14486,14486,13709,13712,8b2fc464f2f5755411efc7dc1d45af352a72e71dabaf467af90f05f240d70f73,413ead5b4cebb19bb3d364ac12aa2cf7097527ff5b55d8e256a7bd8ed98c8dfc,exhaustive
2287,descended,1944,1944,3858,36848,1944,0,True,True,True,13722,14498,14499,13721,13722,067516b33d1bdc2782a7b5db4baff6748ed95eeb2a31e99ad08b411e8c5c66e9,ca55f30805cbcea8fce318e0f5bdd640082fac68a65e8410803ea998c6c9aa42,exhaustive
2289,descended,1916,1916,3816,36880,1916,0,True,True,True,13734,14511,14511,13732,13736,14a10669c81e85f00e0203e22c1138fe5d2c0c57df25f4325f87df26ddfb04ea,ca160bad4c313e6219a7f4a7ac35d9a25edddf96bc9b7ec20271b328382d30c6,exhaustive
2291,descended,1882,1882,3761,36912,1882,0,True,True,True,13746,14524,14524,13746,13747,50b5f23aed6ace56363c922c606370eaf91919c591abc45b1afa3fe7bb7a3d4d,90bdf3ee483e239df16622dd79b0b2e643619d3577c41e1f7cdd4d4902781879,exhaustive
2293,descended,1852,1852,3719,36944,1852,0,True,True,True,13758,14536,14536,13753,13755,e08eb90d15841683f893643e09d0ad2f291042472f0cee6ea3aa94d3b9b59715,6208f7ac5e9f6b68f2262d71f4dc5f2d3f2e1d991ffe67e9639d826954ffa880,exhaustive
2295,descended,2005,2005,3960,36976,2005,0,True,True,True,13770,14549,14550,13767,13770,daf5e248235ba53feb3dc51be09eea53462dab084685ea74589823a7aa3646dc,a837be42dcd4f0823a488294dc120a6f875fcfa5635c72887f3d8bc02d8d6ce1,exhaustive
2297,descended,1787,1787,3614,37008,1787,0,True,True,True,13782,14562,14562,13780,13786,5f12f69053d028cc225dd3a6011f772e33c1600933194c444fad42dc94636c7a,56cbf0b16c76165fc3ae10eafcc66cfe31e9a8414e779f83b239dd10a9f98686,exhaustive
2299,descended,1890,1890,3779,37040,1890,0,True,True,True,13794,14574,14575,13791,13793,5cdcbc3f9ce82c6e5d798cfbc858362b814c622dd6be2698c3aae07ed9a9e6d6,f11a960c38b91235ca96cd2c1482fc7e3a4a8084f3e1c58e43e7874d0774c85d,exhaustive
2301,descended,1932,1932,3844,37072,1932,0,True,True,True,13806,14587,14587,13805,13807,21c3d2edbff481afaf1bd88ab9642884c4a74f276d9179377fa0ff734924d85e,10c0c3a5d5731c4e8a1595955e65f00977fda69a0d3d6a95658d45eed33dcf16,exhaustive
2303,descended,1882,1882,3766,37104,1882,0,True,True,True,13818,14600,14600,13817,13818,ad17d5d45ec824f35f760a8b674e87199ded14603943fb73f6f5668273ebab4b,71de250bf3669a2c90df15b1483f49203da1c8c375a8ba54abec52bf014719aa,exhaustive
2305,descended,1793,1793,3625,37136,1793,0,True,True,True,13830,14612,14612,13829,13832,1e06fadac5159d224f2e9f83a0448358b86bca03731efaf6d6f4269e5c45e606,7a3c42dd816b2c0da5c973324a7a674257f07a42fc7238545e3d819ebab37ac7,exhaustive
2307,descended,1757,1757,3569,37168,1757,0,True,True,True,13842,14625,14626,13841,13848,e82429c1f96eecddb41664513e0344d0cdf6bc3e7ec4007d02be697e71eeb6aa,20b405fdbeb77cc10e1c1cd2f95ba020fc5eb0c85e9afd0316bc65e407f1482f,exhaustive
2309,descended,1714,1714,3501,37200,1714,0,True,True,True,13854,14638,14638,13853,13856,4888a4fe062c07b9c5d405837e54bcb3be02e84cc6a306f438cd3d9fce7469bf,7ae7bedfa9d078cabb38ea5ca87f6c5bb6aedd510d2f9f145fbb885f7472d318,exhaustive
2311,descended,1696,1696,3473,37232,1696,0,True,True,True,13866,14650,14650,13866,13868,66e9e63776e00d760e991969d1cb6d396fb6a47cde1522e27527ad3f28548331,5189b8da798739fde126470243bf21bf9ad9e9223e2e3da8e58f8850b031eb4f,exhaustive
2313,descended,1926,1926,3842,37264,1926,0,True,True,True,13878,14663,14663,13874,13880,d46700bb31cb414a7b75f431fcf3a214d369f76fc3fe3b90cd35d9ec67d667f9,59fc0e5066284a5b99cabc4a132942cb7d396ac15a01890199c23ff88c616937,exhaustive
2315,descended,1872,1872,3754,37296,1872,0,True,True,True,13890,14676,14677,13889,13888,3d3239f296165e7223fc0a3a17054b7dc107a85e77ee14d8732a1ab3834f6ac7,99a6afdefa5fca768a3d872cacc4b9f4297cee742607b6aa739dc97a08c0ca88,exhaustive
2317,descended,1842,1842,3709,37328,1842,0,True,True,True,13902,14689,14689,13899,13904,31d4bb3197eb1b0c7f80432d52f6bb7c8bba6e7c087bb162620c3a9977086e88,3e9d6ac251df6ba222c5cda91502a0a97dc862265a88b8eea0d3a8a0ab213afb,exhaustive
2319,descended,1795,1795,3634,37360,1795,0,True,True,True,13914,14701,14701,13912,13918,68083d1c9e8f2860ec0c75fc95607a2d9295261439265e55808ea19c8520834e,513517379c9fad996680702ce4ae7f13e442c1fc82b2f0583a49a9abeac1f56e,exhaustive
2321,descended,2083,2083,4093,37392,2083,0,True,True,True,13926,14714,14715,13922,13924,3fe5bbf3d15613b148a4d2f0feb502921deb82f883a3c98783accf434c8a6f06,3cf30d1c6c4ad8bb495bd53d03c3f3e3815932a30b18b1fbea12c1be07ebf2ba,exhaustive
2323,descended,2044,2044,4029,37424,2044,0,True,True,True,13938,14727,14727,13937,13941,ec21cc2365a0b8e30a1a5f69250868dc8f787e235752d1392eb54d903b7169f2,1a19ecbe44f18c56c6ac1225bb0e4d68c6027f7732d079cf99d30f8f23202fec,exhaustive
2325,descended,2019,2019,3992,37456,2019,0,True,True,True,13950,14739,14739,13947,13950,d3d6a1c069545ae3a684c3cee5228a92d7d32d812422a6180e9aeb18f2bc3628,c554f9f798a832e763f6bb6bdc9b9f456506a4fb7b49adb58a9d0043aa2ce7a8,exhaustive
2327,descended,1658,1658,3418,37488,1658,0,True,True,True,13962,14752,14752,13962,13960,8b537671dd69ffa6ea9b0441b619b93c9f2ea4ff8160f81f1d300d06224a7cc2,70ad7f785707d06110b344d752bc6e2e857e26a853774bd1e6f412af2177f89d,exhaustive
2329,descended,2062,2062,4059,37520,2062,0,True,True,True,13974,14765,14765,13974,13973,b45160786f96ba6540e2bb4ce4f94144668e4a3750434c893e62cf5b3ebe6275,3cde231ddcca2e2d87838a7d9fc98489b64378ad1a204ea407ca33e8a7b57a48,exhaustive
2331,descended,1994,1994,3955,37552,1994,0,True,True,True,13986,14777,14778,13983,13988,791e7f1fb84ff8ed48c1c5777b3849709f3a0c4571dba5f80687f2f69e68bc1c,0018c56b8cdd5a4f1d445534b883e6512feb3d1ce8f41eb399de2403c66caa77,exhaustive
2333,descended,1970,1970,3915,37584,1970,0,True,True,True,13998,14790,14790,13997,13999,bcd62925f9445e456a7f7cae7cf7034003ec7644be9dc22c8b98fbba333535e1,441cdf4092b8635e99f5c6db94bfe3c9fd25e6db615438d1b9136c0121561443,exhaustive
2335,descended,1947,1947,3879,37616,1947,0,True,True,True,14010,14803,14803,14010,14013,df8bcab905772bc22dc5365fc8436f35cc6f5f71c932630a537cac02530ed1ca,1429876c9f6fca3ab4ba9d752aa11418772ecaaf42e8b6b6977d4a066c9d2010,exhaustive
2337,descended,1925,1925,3846,37648,1925,0,True,True,True,14022,14815,14815,14020,14024,48f6d09a688ac9d5f24eeafa1586fecd4e9c4fa2b0b6696b6513ef2269c46b75,7157c1105c1472f04d87d27d61b58f28fa378d1ef35f9a721aa5e1c3a1a85f8c,exhaustive
2339,descended,2005,2005,3972,37680,2005,0,True,True,True,14034,14828,14828,14034,14032,94735ab8b2ec2c21d66820d2372519562482c06d78f36222c5734f2001efad52,a88f6da0791ca5d61c96d480a67c8a3a78ed30f116c31d78a2c87e5b8fa0a92a,exhaustive
2341,descended,1966,1966,3911,37712,1966,0,True,True,True,14046,14841,14841,14046,14046,634eeb11a29a68248c67c7ade436bec5b40c921d5836de22be69a34be740b490,b0a0ce009aedef5d1f7804ed0619fd5e1eefa6c162bd52f72fbb26d2035649ea,exhaustive
2343,descended,1942,1942,3875,37744,1942,0,True,True,True,14058,14853,14853,14056,14061,fb2993e589cb01e916c0fea59c3be347c6a2184c61de840035a89366564ad0ad,5a456a2bd3fbea7d02640c75a56901d22df5e28fc751390d79592579405a4d72,exhaustive
2345,descended,1909,1909,3822,37776,1909,0,True,True,True,14070,14866,14866,14070,14069,c85f89ac311d76eac1babe8a7bae2102512ca87d58fbb0e083bf27033a9d5919,4cfc90fce950ecdfe166a8c428b25831f92491892c93f9063f358fdd2db569da,exhaustive
2347,descended,1862,1862,3748,37808,1862,0,True,True,True,14082,14879,14884,14082,14084,84b37627a16425d05ba70fcebe0c5a3292d5dc5d6508c0598bd031cf05847171,a57f1e8b298e1646a5230257ed1d9334b8adf9d8856f99553ab2ef44ec6800b9,exhaustive|prescribed_growth_prefix
2349,descended,1827,1827,3696,37840,1827,0,True,True,True,14094,14891,14891,14091,14095,747ed818b5836bf94ad517d44141bfc7a64f578cdaf9f217bcc1f65eeb4198a7,5341cbe3b0dbd8e7d3cf7416d09aaac8304f14eb18ac9dd8bca0f451dc99f1ed,exhaustive
2351,descended,1791,1791,3637,37872,1791,0,True,True,True,14106,14904,14905,14106,14106,21a4cd970b06d9594c51a60f58bb9bd9ae25260dda78ed348d28f0abe9d9189d,e3270f3caae958442aeea5820cd1acc472cdc74c8cccae6bd2636ca0543ee714,exhaustive
2353,descended,1733,1733,3547,37904,1733,0,True,True,True,14118,14917,14917,14116,14120,f9bc6f0f5b975bc1fa1e6a06c0566fb3a2a7a677ec19afa8cb056c9b338a7650,1f41b1dfbd7fa3839451152c8d9a3684e937c9a588a98bf468aa04fdadad67ae,exhaustive
2355,descended,1701,1701,3496,37936,1701,0,True,True,True,14130,14929,14930,14129,14130,ccf9450f9196f37139a50b4055b01c8c418e72d938855c2328586140bf02ac85,a4887ca3c9cfe7594a4c2d6624a76c358c57319278f0e7640bae7629df3acd37,exhaustive
2357,descended,1688,1688,3476,37968,1688,0,True,True,True,14142,14942,14942,14142,14142,4f4bbe7fc20918df802d12719e3663fd03f0b1d9b56cd23897c042f12b5f64dd,a245f3da35e37618d77fbe97765ac60505ee2e630b31f00e9af535ea8e899612,exhaustive
2359,descended,1947,1947,3887,38000,1947,0,True,True,True,14154,14955,14955,14154,14158,e2ac777bd1d375cdec0b11d9355f36537ec1d43baa67e5e3000f391a16c27275,1ad56d0e44c2476e266f51d953dd02008234b8508d9d372e4e611d24938ba028,exhaustive
2361,descended,1927,1927,3856,38032,1927,0,True,True,True,14166,14967,14967,14166,14166,5f178cff54546925b6e0d43ab4bf96e7036fa4e881e05bec0bc3bd3a49da8770,717a6414a5ce4e8c36abdc825ac6e99053cc3c06747a1d3c12c57a19917fd7ef,exhaustive
2363,descended,1910,1910,3833,38064,1910,0,True,True,True,14178,14980,14984,14174,14178,4eca629f42ab75d65f82cd06dd36940091a357fa3b09712cd22ddca663c39da5,2dc61a5cdffbc0e08263d3b866bb33c39f7eb4629fdd27341179b9ddbbb61afe,exhaustive
2365,descended,1790,1790,3640,38096,1790,0,True,True,True,14190,14993,14993,14190,14191,5906add4c156c2516cd14e5d4a73d6fd074eca6c19c190aa6a1709433be2c6b9,c8db54b886827b6348f0de6097e7a3b91358839b30ed4d8d153cf5a3589c52fc,exhaustive
2367,descended,1862,1862,3755,38128,1862,0,True,True,True,14202,15006,15006,14202,14198,8a4701804fadeedee90d085290ea703e636ff19c7be23c17dcad7e956c49134d,d30668dbad773fe5ae38a04918cb6277bb028acdfb6e1524d52627ddff4b77a3,exhaustive
2369,descended,1932,1932,3867,38160,1932,0,True,True,True,14214,15018,15021,14213,14215,5affa2c32849a23b821e60a7e6b968227ee6632819970f478474f7dbcc426724,d0ea498271048cfc842a9bdbacdf7dd01a8f046ae5dac2634c87f4d62dfd14c6,exhaustive
2371,descended,1894,1894,3808,38192,1894,0,True,True,True,14226,15031,15034,14225,14228,04a8cfb325ea09f742d9192708a41eeb6a5a40a0dcafd958f131b6f2596aaa2b,f89b82e6389d660fc4f3cd613ba6815f2fdb3e9030d71e1d602622105b21e4bf,exhaustive
2373,descended,1685,1685,3477,38224,1685,0,True,True,True,14238,15044,15044,14237,14239,53bdb1e7e9137bd58120203f26836cefeb2ba69a59c2a981c24ae2c3f1d65c91,9e7d318ebbaa4864ca2abec01a1ede4e935d1880e47faeaee53641f4fc1d813b,exhaustive
2375,descended,1887,1887,3799,38256,1887,0,True,True,True,14250,15056,15056,14248,14250,4b6159f54d30c098d11dd6f4a0eafac5635e27231305dac84d1bce33961c117e,9b55dd6f2f3fe25eebdf424c4c4157ab9ecd85173892bbfcfc5f713fdd3f2690,exhaustive
2377,descended,1854,1854,3753,38288,1854,0,True,True,True,14262,15069,15069,14254,14260,57a3df565fa92603aaa70ece0cb4651052c5d0b82540aafe5a95aec3c29ce202,2531230cb290aa5f6f6f06ce07778cb7c875ef5d18b35143c0e5c24a1b49d986,exhaustive
2379,descended,1777,1777,3625,38320,1777,0,True,True,True,14274,15082,15083,14273,14275,46221825cac16eecd786cb77b383e25abf6ea0403de3e017d64d7a1840341936,6a1c51435ec5833649f3c36e1a596f18d75be56ac5c2fe3f509b155de2aeec77,exhaustive
2381,descended,1902,1902,3823,38352,1902,0,True,True,True,14286,15094,15095,14286,14288,460889c919e43ba2f4fa932bd671996982590c076e0975cedac65f0b774ef6bb,5433c25c5dd129363e2a6e4959865e7aeab886479dafac3e6a9c7fa34006ba22,exhaustive
2383,descended,1873,1873,3779,38384,1873,0,True,True,True,14298,15107,15107,14297,14294,8467acfc62ccb46c7da2baf3b5c412b361bf0a4e90c3095a3398ce8462f24fed,18c087ea88eec17f90a78362b4debbedb564b57e79ab7901446756a524595cac,exhaustive
2385,descended,1830,1830,3712,38416,1830,0,True,True,True,14310,15120,15120,14308,14304,e33c6fbb6584560a1d70b932ba4c11dee703e164692384b306c300d73a5062bb,4ac5a52f290fbd61692d990234404a67995f398ce9e0b00f570211deac5b989a,exhaustive
2387,descended,2021,2021,4014,38448,2021,0,True,True,True,14322,15132,15132,14322,14315,bb050eb9949d542aed3d1e2d072a7c07b4ca1bd577633d514803a76d890971b3,034bcbec76141ff9f21c41ee8bd5ba8121a78b8ff82a31c797112c6c66dbd578,exhaustive
2389,descended,1771,1771,3620,38480,1771,0,True,True,True,14334,15145,15145,14332,14336,72232a8b180ef5aba7bfdd5cba4a1d43cb32eba3c07374cac24fc40395cb473f,fcc2e7be2c4b839833de9414b83f949394e32608f130f86a451b2f3e7de95c54,exhaustive
2391,descended,1749,1749,3584,38512,1749,0,True,True,True,14346,15158,15158,14346,14345,9c6b84548bda1884785d9f10536b234f87f5a7a5985bc8bc52d37d36be6d3e6e,fc14a202ebc2b26d69ae805a4766266096f20265d2dd37fcce3966f5dad31431,exhaustive
2393,descended,2057,2057,4074,38544,2057,0,True,True,True,14358,15170,15170,14357,14359,0e091f5c6b0d6b2edbaed3692e9c64248bde16773c5f71b54af7fa23a94425e5,8f09d2b9545fb4d95968ef3894efc35570762c6d3d94287802700ae78ddf94ae,exhaustive
2395,descended,1781,1781,3638,38576,1781,0,True,True,True,14370,15183,15184,14368,14368,b63036d6294e06329732c394603dc014dcbafddedcb5123c2cf3218017e06401,19aba104026c8ee12f20a60ab5cc3c5e6f4346e6a44fbc58bd07de36f7293169,exhaustive
2397,descended,1947,1947,3900,38608,1947,0,True,True,True,14382,15196,15196,14382,14385,7b11d371047d6cd0d4237bd47e773c4f03445ad4869913a333b46e7ccc717ecd,8630b08208b9f22fa33387b09342c9c63e5893cdee24be52cb95727d7a039815,exhaustive
2399,descended,1745,1745,3581,38640,1745,0,True,True,True,14394,15208,15211,14393,14393,b4cbb7b01fc7e914dd6557f389fdc590578852c3cb99d63dc035e245f200d31a,56bf9c4a77dff8167f33d6c96b085a0eb8a3244eb78b66dfb38c6c279395d064,exhaustive
2401,descended,1875,1875,3787,38672,1875,0,True,True,True,14406,15221,15221,14406,14404,0c66ad1590e7b581cb6c08b43b78926a690be9e55d11e88028ba04aabe683dac,4193f0c069ba1a4ac2207a19c7a3a94fc7801a8861cfec62dd67608c9b7a753e,exhaustive
2403,descended,1835,1835,3725,38704,1835,0,True,True,True,14418,15234,15234,14417,14417,d9f9524b2292a4bb8f74e505c04c8ba58f78740b5bc18a3d60bcb795fe9061b5,723447c59e4854712d3a2b7a015b52385e39388d06995e0bcda8d0c41c90b33e,exhaustive
2405,descended,1818,1818,3699,38736,1818,0,True,True,True,14430,15246,15246,14429,14432,371fbc31fe795de3c7625067d9edf03649962f31f4f596ddd87bfb0c73f6d127,6fe84be360442c42d5b3f49a1cdbf37f2ed465757ded6898196e069a4033a975,exhaustive
2407,descended,1958,1958,3921,38768,1958,0,True,True,True,14442,15259,15259,14441,14439,2e9eacabdbebb1222ac1c1021b77a450f66604e19c177a8fa41805e3af6c2244,e3f412fa6ed7cf8299ff7453b7b6b77588299844f0ad8ab8ca9018b9d3ff8fa3,exhaustive
2409,descended,1908,1908,3842,38800,1908,0,True,True,True,14454,15272,15272,14454,14453,bd71528653960dfbc5d9f5762053e79438b4be6662cbaebb32f5bd7373684f29,3e56117ce04592f1d82c82a00a36b94da230ed01695e1bf0871aad79a71bf0f1,exhaustive
2411,descended,1872,1872,3786,38832,1872,0,True,True,True,14466,15284,15288,14466,14464,255b6f10c4a677d9e66dd9048535c8cb537fd0a9996eeb64e834138159680f44,fa5b6d034ddc894fdc2ec6e0eb5dbc991455782640aaca81ccd04db6bdb9376e,exhaustive
2413,descended,1663,1663,3457,38864,1663,0,True,True,True,14478,15297,15297,14476,14476,6b0778fc7ba77e4440ced9468c93726d176360957ede67a1d08ca8aa33d0254a,e90fd2d0e4f685756709a7c7a00de5a6578b583a0728f0ac9068141255ffbc73,exhaustive
2415,descended,1897,1897,3827,38896,1897,0,True,True,True,14490,15310,15310,14489,14490,273f447f072763e84c337eab05ce39fa1d7e36da59c463927eb0074eafc5f50b,cb3693e31ca69ea9b5971141afa23944caba978f065bda3a8e99f073adb7c8ce,exhaustive
2417,descended,1880,1880,3801,38928,1880,0,True,True,True,14502,15323,15323,14501,14502,c831631c5cbda1e0a04f331d293818a44b8a7dfd47a9791d912acd7394b8e106,3f4a6916103744cfc35e916219088af457c59a6af916e6c176c53ba60ff8df6c,exhaustive
2419,descended,2057,2057,4083,38960,2057,0,True,True,True,14514,15335,15336,14512,14515,a4ba60995f3fa174db461f749914a4f10ac70e9d422c8f83daff008e79cdca6f,72e5aa55c7006217d42e048680ec3133eced14ba27ca611cd2c2a23fbf5fdf4a,exhaustive
2421,descended,1996,1996,3986,38992,1996,0,True,True,True,14526,15348,15348,14525,14524,5456282b050c7d58ab118907128bb828f0c7c83262008bb5aa64a981347d3eed,c2d007562b3cb05e5bc9323c99e0062889d9d46f8c5c7cc96244e05c0f775e42,exhaustive
2423,descended,1961,1961,3931,39024,1961,0,True,True,True,14538,15361,15361,14538,14535,daf70651dca344334d7eb6b00eced0c9df69916c49f703b3c379a196a6ea1c2f,84e585a790d7bd44cc32838c2e6169e1dba09ec0bbfd8dcc6cd9b2a87c9d4453,exhaustive
2425,descended,1790,1790,3664,39056,1790,0,True,True,True,14550,15373,15373,14546,14549,5f8bd62ecbf8cfdca174b066621adfc9c35e0fc7f331fd9c3c889e732cef3beb,2f6e03ad50d150775bb7dd11c787d7af7f0332d2292f86c145305e209b35408d,exhaustive
2427,descended,1768,1768,3629,39088,1768,0,True,True,True,14562,15386,15388,14559,14565,d0ef7a62981e2e63fb493460a509a6ed5d2a75956018669509727b5a2b7e5cd1,848eaa385c7b0e23b8c8d68d491b0ec2f6c1cd75c8871e13512309e329f7c3f5,exhaustive
2429,descended,2161,2161,4253,39120,2161,0,True,True,True,14574,15399,15399,14571,14573,d9b576d23fc5957d49ed5f2a6f20ce20b3fd2bd632b94f8cedd39f071932eda8,ddcce30fa3b82c274a613613a034550776cd499f764782044e400b368417ed4d,exhaustive
2431,descended,2114,2114,4176,39152,2114,0,True,True,True,14586,15411,15411,14586,14580,db9d0e871beccceeb357dfc86ba8dcd613e439292c44db11b601b6fd1125267b,831b29c3e3011c6a8c49534ded6e76180fee3350acda3b55329f3f5aad239ee8,exhaustive
2433,descended,2072,2072,4114,39184,2072,0,True,True,True,14598,15424,15427,14594,14601,99df217edcdf966d45c860f58c26416f80c2f365bad32deb82e3ff365dafe2c7,d5610d300e050dc645828a4d3e6eed52c7090ea79736474b52dcd9d5deb1ca1c,exhaustive
2435,descended,2128,2128,4202,39216,2128,0,True,True,True,14610,15437,15438,14607,14614,44ef1e56416af61a89babab94ffe32b092bb1c53e6be1fceeff4cafbd02889ff,4160dd41a8f3050d9bfba7e20c7cf75d0f7a6ad9310c15484cb56e22eaed868f,exhaustive
2437,descended,1991,1991,3984,39248,1991,0,True,True,True,14622,15449,15451,14621,14621,d4782972cf53e2aba250b104415f0d92bda07283d8a33b81ecfb43f4f6dede20,ac02085ea01c008fdca2364ff1b37b1ceb07d5ef9d2f821fc79cca78df117296,exhaustive
2439,descended,1964,1964,3941,39280,1964,0,True,True,True,14634,15462,15462,14634,14633,f99a7d447efea0830a0cd3c89bc823aeecc19ddd8639f0483fa87a92eadb80d4,6bfe154cf1a462071be5f0cc61e8baeeea965c96d0a62785dee8b6e69c08255d,exhaustive
2441,descended,1925,1925,3881,39312,1925,0,True,True,True,14646,15475,15475,14645,14649,08819abecbb116813af11bbddaf48c36ff326e549f4b1dea986faaf07a8f02d4,67ff47b1c5ae710cacdc654a93e775b95293ba69e79a98639e2dfcea766ae4c7,exhaustive
2443,descended,2093,2093,4148,39344,2093,0,True,True,True,14658,15487,15490,14657,14659,4f67c82991cc8249e726845518d1df581d6305d64167f3adf50914bb6fe3c14c,76ae43600b7c76b7b908ebe87f5c6e83007c99072f6a8a22bcd3397e6ca70dae,exhaustive
2445,descended,2072,2072,4116,39376,2072,0,True,True,True,14670,15500,15500,14668,14669,e1a526fc52f50e5bbfe9a34586cd9779843049d0838d2818e19cd0340c04a94a,4da8144178ddf536db062a70ce3c04c1149a7353a15b5562c465ae9795ff0f35,exhaustive
2447,descended,2043,2043,4069,39408,2043,0,True,True,True,14682,15513,15513,14682,14680,4734f11bbc272fa64a42796a6697bc019cc7d8c198c6dc688d9870be3c02fcbc,e6b64b130ad5fb9ffdc39eb5b50e172c67ef719aa446054e060032c4e6d689d4,exhaustive
2449,descended,2378,2378,4603,39440,2378,0,True,True,True,14694,15525,15527,14691,14694,2557b93b0beb987a6f03253ad0d106c45ce23d3cdbe4c6f504f9a5a141343c71,06905934d6b2162b02bb46fb8358271ce6f5d209b5cec6c00abad2244cb61aa6,exhaustive
2451,descended,2309,2309,4493,39472,2309,0,True,True,True,14706,15538,15538,14705,14707,23be26886241d9ccd68b687ae28babb23d4a6cfce5da1ec1f1faf16ad6af98f2,a4afad68f9b51076e55d6a20cafaaccbfb30df1e9688bff951a10c38d18c80c4,exhaustive
2453,descended,2282,2282,4450,39504,2282,0,True,True,True,14718,15551,15551,14718,14717,dd6012844a2044f5d227b8fabc5fe731c1eb87f5437678579d8a230dea5bedc5,aa0b58b1369886ea02cb2ef3729eda2f64eb10c070377786653c8fab97a4fe78,exhaustive
2455,descended,2262,2262,4419,39536,2262,0,True,True,True,14730,15563,15563,14730,14733,eb7326d9bc24319152a51bc2488c028a26a44eb43b37bf0a68893a0849856628,ccd4ea0649a2c612c72d14bf591fed069b48e1d233c8d9bca1a36bcf6de504d6,exhaustive
2457,descended,2194,2194,4312,39568,2194,0,True,True,True,14742,15576,15578,14742,14745,7c9e21d3598a62b5021d679f1fde9ebe1799517265fa1fe9968b89d3f5a81d5d,53910b896ebb626d34fffb005a48f245461c86fe1c8055adcac804a16e25d828,exhaustive
2459,descended,2258,2258,4414,39600,2258,0,True,True,True,14754,15589,15590,14754,14750,c11e1f609da195c625bd3c69ceba1bd8f3d2ed02a3ec2d776e7e6f2d2c4188b8,b3fc77243bf951d93af0ed469501bb03a025023dc91fbcc71a14418b97653589,exhaustive
2461,descended,1935,1935,3905,39632,1935,0,True,True,True,14766,15601,15608,14763,14762,8b91fa7128c62e91c6d0931b1635b95acff027d94536ca9f396d089de5561696,5de3fc7e6f4b863d15dac05a5f4106936ce7ba1e5f82d9f2ac4f45d00193f418,exhaustive
2463,descended,1878,1878,3813,39664,1878,0,True,True,True,14778,15614,15614,14778,14775,ef908096f48c91990b0ba95f5241fcb20d0c547278406dd77fa4f18020e33afc,94ef01ff331483e2205a01b255d7e920b4b449ea2e2ae28f43f303447d8dacd7,exhaustive
2465,descended,1839,1839,3752,39696,1839,0,True,True,True,14790,15627,15627,14790,14792,58d312db6027671a2094ffd39fd74381a67588f6aff7d080abf8f153d3eda2d4,6e40e3e3a2459a21d66d4e686eabe48038a76511a829cdbd573223c46c6c5350,exhaustive
2467,descended,1787,1787,3670,39728,1787,0,True,True,True,14802,15639,15640,14802,14800,d062fa4127b81b98bdad69fcc38e635a55953cd303e50b879f0acf95f4793fef,a9a4a5d7011da46e115f17c5f7498d3dadb820288f863603a70b12c05a5e9d65,exhaustive
2469,descended,1745,1745,3605,39760,1745,0,True,True,True,14814,15652,15652,14813,14812,2387d6e8a514b096bfa7fc42fb7529e8340fa8998206012fda8a6dfe638f6aa8,2d4da9b500daa968a594c6f1c337a685c0a94dc68dd60ea8c701bc7d8c63a79b,exhaustive
2471,descended,2028,2028,4055,39792,2028,0,True,True,True,14826,15665,15665,14824,14827,1644cb45b6c38e05d28741c7d3273ca1638eab343edc8e49e8eda8cfa16cf386,947915e10c839c6b2f3a065d1c74346e13d0d7a4beddf18263ba4dd107b44a15,exhaustive
2473,descended,1999,1999,4009,39824,1999,0,True,True,True,14838,15678,15678,14837,14840,02f205be3c6e40dc40f5e649768b3e26b35d697e8e9e25e85b3e90faa06b2681,2fd7764417f83e41e326b937960bb41e49f2f90fa05dab4a58d5be96b59ffcfc,exhaustive
2475,descended,1973,1973,3968,39856,1973,0,True,True,True,14850,15690,15693,14849,14850,a852085968299b6ce8df5f4372416c0a2f7a1026086047143c33fac1429337cd,ee2c47f432d04a5dd24a5aec0b9b40e4961b5586373c8b0860722318c7d41963,exhaustive
2477,descended,1956,1956,3942,39888,1956,0,True,True,True,14862,15703,15703,14861,14861,2d4af950a017204aea21f84798f5daebeb91a78dee5b76dff00ed3355bee98f2,d3b6850ef693ba7785f91e816bea06b27b8d37fc4d58149147251ae23c3dc384,exhaustive
2479,descended,1927,1927,3897,39920,1927,0,True,True,True,14874,15716,15717,14873,14872,6cc8ce6dd1689f6188a295d262e582fb5a632fbf1619629d239c686b9b0bb2d4,3ba9bedaf2615902e66382f3937c3d8520e6f705a4a463bb87ec66bf653fb32c,exhaustive
2481,descended,2104,2104,4178,39952,2104,0,True,True,True,14886,15728,15731,14885,14885,4e0b61e0132051223e039cf452379a414101250a2b1edcc79e4956859068db58,5a3120b8540a1666ad881cae48f78542f62f87b4740f844e5c30969da4b41878,exhaustive
2483,descended,2074,2074,4134,39984,2074,0,True,True,True,14898,15741,15741,14894,14897,d0904db237dd7713f525980078c7ccfbc2a4068fd94d2358ccca6b5b5df766be,3e912203fda7bc53fb1ef42e8c248aff65731535a240151af4caa339cc84b82d,exhaustive
2485,descended,2021,2021,4050,40016,2021,0,True,True,True,14910,15754,15754,14907,14908,50fdd65d6eca22ca8af8b06774bcbf2fbd61b50e49931646dbdebfbe1fddb724,ead28716a2a7fbc09b72e6eb1a8ab33a4176cee9444465ba9ce03b3a71c7b451,exhaustive
2487,descended,1971,1971,3969,40048,1971,0,True,True,True,14922,15766,15766,14921,14923,c63582b97bd3759f845a90057de294b2bbf50272fc546ae3e078a98d257aeeea,26f09cf3cdb3416dd571731bf06f4e5d91e2e6f3b7fc7633a28aeb1bbd4d3bc2,exhaustive
2489,descended,1951,1951,3938,40080,1951,0,True,True,True,14934,15779,15779,14933,14934,e3e0a6b843f2a434091ccf34e776b2f094a6d936df753149471cf33d9132fe42,6d715c537950dabbabc15102dccdfe6584d8dd943858a3ae63c04c972eb300c4,exhaustive
2491,descended,1912,1912,3877,40112,1912,0,True,True,True,14946,15792,15793,14945,14948,b7fa0f54619015b924355053ba86653b092208f988ea0d54f500fa1e25de9056,c42b2b2d20b5ad823b837286df5f474edfd6abaf70711ae68eab5eece5fa2312,exhaustive
2493,descended,1892,1892,3846,40144,1892,0,True,True,True,14958,15804,15804,14957,14959,33ee56479aef7ec04f5062e0c45eebe273f4314cd127ef562e1b6ae68ba28449,1951bdd5e9846c882b4766e2f18340a65c47ac02df49a7f13f2c70c927f85434,exhaustive
2495,descended,1874,1874,3818,40176,1874,0,True,True,True,14970,15817,15817,14969,14969,f04babceb43c4934d8012197084444f709744032e09cdf46a8bab66383ab3cbd,d3e8df92649925c171935ccce77b1e01232ebd48707c51e2a0a68364d85ebbb9,exhaustive
2497,descended,1855,1855,3790,40208,1855,0,True,True,True,14982,15830,15830,14980,14982,f870416865b37b7e01b7dbc08db480e7b35ce09e0394dc418bc6b097ba9dadd8,c2d64b51765ffa82ac4a8f769f388bbe74767ed862e290dcd95eced2b285bd82,exhaustive
2499,descended,1981,1981,3989,40240,1981,0,True,True,True,14994,15842,15843,14993,14994,ecbe4a9d711d5385728f856e122dad691f26eec694fcb1c01736126438c78ea3,6c53ccc21658a2a1531c7c28e36a9558159934b4a7095aac198e035d74520eeb,exhaustive
2501,descended,1784,1784,3677,40272,1784,0,True,True,True,15006,15855,15855,15006,15004,f7c25588d30a4648d1730ba0a3ab152acff351695fde7f4931c20917a2bc9a16,cb2b05f719b49f0c6c3b2a7d2c200e017299f260e53064ae2e8e87908c8039e8,exhaustive
2503,descended,1928,1928,3907,40304,1928,0,True,True,True,15018,15868,15869,15017,15023,b9bd9e2e08c3c423060ba4844e43cf0771bcd10f04bbf13410dea9586a91baca,c507858cb878ae91774436a0a621c2f8d0f0ae2a0c306db0e755d27fc931fa26,exhaustive
2505,descended,2101,2101,4181,40336,2101,0,True,True,True,15030,15880,15881,15029,15031,b85acb67dc46263521762b4fa1d63aae6b6ab84ca5a95163ca21aca63ee4b0fe,3f1866ff226b643ebe33b43f9fd8ca40a6d0e324d9ea5882fafa31a75ef2756f,exhaustive
2507,descended,2557,2557,4904,40368,2557,0,True,True,True,15042,15893,15894,15042,15040,9b35a29d7d33134d0b8785bed54c4e9e4facf3371040d98d4ea32643a0ee79ae,1a12ea43d5936099233e8ab0fb15fc27acf949e42f66cf98312167971941f6f4,exhaustive
2509,descended,2532,2532,4870,40400,2532,0,True,True,True,15054,15906,15906,15049,15056,abed9153244eb2679013bfa34eaeebdd1ec9f53adf5d17b4f92f3c0676110ea2,e75d449504bef2ba6762e33f2a8cae54710d581e671e637c7e2b5f99cd28d119,exhaustive
2511,descended,2026,2026,4064,40432,2026,0,True,True,True,15066,15918,15920,15066,15062,90d49f9b8f3ca9f18034eddb47e6948002f21a08890d859899c366ecc07540f8,af385299a0ee5fc2d63e7b6465ea06b8ddc8c85add5756fcacd678eca301b8a4,exhaustive
2513,descended,1935,1935,3921,40464,1935,0,True,True,True,15078,15931,15931,15077,15079,d0a17c6f3a6711500a8ac0fc596686399a82b1b40c3dd80f53478126ff7d230b,f1a4f63e9ed96b184ac5d74e20234bc86617e9a9dc9a8412d140ddbebdeda7e2,exhaustive
2515,descended,2263,2263,4442,40496,2263,0,True,True,True,15090,15944,15944,15089,15089,75228034fac880ae43f39f3a68dacb9bc6290fc4834064e97fad9093412dca68,77f0251e6053fbe2391ef8a03bbc903b6c9b205e45a6870e3f517967400d7aab,exhaustive
2517,descended,1869,1869,3817,40528,1869,0,True,True,True,15102,15956,15956,15102,15107,82ad760a1ccc35060cb6a73fdd5c03d2cb0575fe361b68241b784476a5f1b483,6ec4cb47070142d4f04f10aba72353204282af2ca2ff21f59caf0491438b37e9,exhaustive
2519,descended,2001,2001,4027,40560,2001,0,True,True,True,15114,15969,15969,15114,15114,301fec6d75cb5f4f0af44b7153ca8a89c555b08ba1e645a560070ce1c04614f9,9656447082a0e6d1c8e024900302a0f1990ce4c6fe73491a07214ef55b789243,exhaustive
2521,descended,2292,2292,4489,40592,2292,0,True,True,True,15126,15982,15982,15126,15129,62dc319013d0c0a3e991cdafd0b75e9e00a581ebda6fe303aa80f2e4e60dace9,f05d6c2761f66e86d102f09cc14d47fa1cd3384a25449d8b9726941b33821325,exhaustive
2523,descended,2254,2254,4431,40624,2254,0,True,True,True,15138,15995,15996,15136,15137,407f823d52217f827b5b67759358774a142c6a667cc3f596c7198c5fe3329c61,555099eb7b4a9717029cebf838bc23e4b0ba440bef2e907a8b5dfe33383a4a6f,exhaustive
2525,descended,1882,1882,3841,40656,1882,0,True,True,True,15150,16007,16007,15149,15149,3219b285c2cd144a61966bbc016ebfac56b6fc71b55bf6449f6efdc065493512,30e201ff197869ec9bb3b55ba04d9cc1af26d18d84064932e18a75a1c122fd5d,exhaustive
2527,descended,2170,2170,4298,40688,2170,0,True,True,True,15162,16020,16020,15161,15163,762871e80c30aaa40779a625638a2f2b71338f38ade67eed36b4b8632a0d5c0a,419c7f03c1f46011feebb581c9011edda886fc4e9ca5e8d7c8dc719b635467e8,exhaustive
2529,descended,2145,2145,4260,40720,2145,0,True,True,True,15174,16033,16033,15172,15175,2bfb92056463b4c3bb26c35157cfd0e93ebb342635ed9bcf2f5b2bd37f01da12,f69bd2ea7f39d86dd60a27bc692601176209172086b53f170fdfcf8ba0c28048,exhaustive
2531,descended,2341,2341,4572,40752,2341,0,True,True,True,15186,16045,16050,15184,15183,98647e059426bb92a571daba8973a4f4d0b06f5d8d45c51e2ddbe614b31fb7f9,d1b997c95f4e839c1ed9639de1be4c2284891ef7d0f454398917476ef5dd0527,exhaustive
2533,descended,2277,2277,4469,40784,2277,0,True,True,True,15198,16058,16058,15198,15202,1ae20bc4b8b5aaf21b1d299faf34ad21853db39f965ce8efd1f4b3d1dbf9ff72,f061b1c9f96f1a34eeab9c3334b96bd2477461eda7b54405456c54282762411e,exhaustive
2535,descended,2235,2235,4404,40816,2235,0,True,True,True,15210,16071,16071,15209,15210,b4989de9d79738e55eebe2f71373acc0c8600fe8e0e17c6f4ab30b1e385f99c2,41f9f9abd77a77adbef9790f3d6c4ed18cd9b3ea2caf130b7b48f4ff83fa07c5,exhaustive
2537,descended,2175,2175,4309,40848,2175,0,True,True,True,15222,16083,16083,15222,15218,8e8334ec07bb267446da31fe19061535d49e43b3dd7d24a137ea8860e8765279,c836691038b9025ff15e178887cfb5cc933c8d8ea0e348e6068f2285e9ff180a,exhaustive
2539,descended,2121,2121,4225,40880,2121,0,True,True,True,15234,16096,16098,15233,15231,28ec4b95a4ca74ac9fe5bc8e6912697154874485d27ddf8bc46880ceb8e9471d,0f28d402b4bd9146b4b7ff28191064af9d843de5dc9d69ed830925fb3ac8d11a,exhaustive
2541,descended,2062,2062,4131,40912,2062,0,True,True,True,15246,16109,16109,15246,15244,dbbb45170138bc668285c94b8ec8a70b1ff47a556e1dd9727207cdb5aa039069,8b44cd277568ed8901fca0af926e54b6dbf2eaf6637ba9b2427d4a09b8a092cf,exhaustive
2543,descended,2006,2006,4043,40944,2006,0,True,True,True,15258,16121,16122,15258,15259,32f381895114d013f9760f69ace6db0ea83758f0e57d6671dbbac03bc1175a69,8e661192e182a066e485b8c442b9be45da5af383d59b40a0cb0743cc941be178,exhaustive
2545,descended,1988,1988,4015,40976,1988,0,True,True,True,15270,16134,16134,15270,15267,ac47eda1beb598d125673cb0a8d8263fb7f72b666929b16f9a1176b598a99478,74989513fd54ce6d5755974737e5e9ba8c1c8e4560cc3b588f951ecb26d8dcde,exhaustive
2547,descended,1950,1950,3956,41008,1950,0,True,True,True,15282,16147,16148,15281,15287,b69baff831d883c98d1ab576a3466ae31d667b49308add27829e106b9ed6bf21,274b2484943738a58639b7fed1a2bf63ebbbaa3739868e4e88f0bc68516e16f8,exhaustive
2549,descended,2161,2161,4292,41040,2161,0,True,True,True,15294,16159,16159,15292,15294,48b2335d7524553cb20df5640052d3958f08a3b00d5132e0b8669350528fea8e,96bc7fa1a7942b119280f31461ab1d02668b8ae6d62a72310f9f162c0f5f0689,exhaustive
2551,descended,2085,2085,4172,41072,2085,0,True,True,True,15306,16172,16172,15305,15307,208302d10059f23f09916de1b3cafa51dbfacfcc6c636d06f595be55085a1a96,4f4c730d49b83f30bb31ada02935e42cf928285dd6ee9de026472194230a9e25,exhaustive
2553,descended,2057,2057,4133,41104,2057,0,True,True,True,15318,16185,16185,15312,15317,f05e22bc8dd20eb85427dc67677b434c7b5fc8dbc2f69af5aeab469c4fc02cbc,65b0ee76b386170400d5d3e9073699897ccb97f080ed9a490416719c0261eac3,exhaustive
2555,descended,2225,2225,4395,41136,2225,0,True,True,True,15330,16197,16198,15329,15328,686f00288abc948ddcfc96fff375d242ee7ff6ba981ebfbecbdc02b6b59d5217,5954e3be4986205745a83496c240deda02f5804d4d899b3c5ada9bdd2dc8fb14,exhaustive
2557,descended,2192,2192,4347,41168,2192,0,True,True,True,15342,16210,16210,15337,15342,6325d6cc824ebb6c6f9048c7eed168df1aef4d7577e9cb36555b99997f6d280e,5c9f666d68fa227e782150b5841f43a2a36b4a9c52fa785155e02a145daea709,exhaustive
2559,descended,2136,2136,4257,41200,2136,0,True,True,True,15354,16223,16223,15351,15351,3edbd2fa501a0431a374ad256fafee4dab0a067470f77407b323a31b43169cf8,f2852ac3b9edccfaf1db80b71d391fe28ab230260ea6bb6188b957dd521d4d3d,exhaustive
2561,descended,2112,2112,4217,41232,2112,0,True,True,True,15366,16235,16235,15366,15369,ae0a65712579fcc2ae276cca1f416d38da5d607423ee779dce6e4c09937ca239,8165cef1f2974cde165aa36c5c44afc0b7ad86d408a826c3e6bb3a8f86357f86,exhaustive
2563,descended,2089,2089,4183,41264,2089,0,True,True,True,15378,16248,16249,15376,15382,d2afeac055af3d2bff6806cba138e852be992ded87852a53af0c71ff11d37537,98ba6bf82abd0363be2732fa9fe7cb8a77eb654f33bcd3b6972f9a9e400d76f5,exhaustive
2565,descended,2057,2057,4132,41296,2057,0,True,True,True,15390,16261,16261,15389,15389,e2ea72e10d212f384b8e7b3d5a81c21334b149a6736b74a28bed7f042de1903f,00728e3aef829a27b853b902ba3a07898116461079e2a5564582ebf7102d6e78,exhaustive
2567,descended,1980,1980,4010,41328,1980,0,True,True,True,15402,16273,16273,15402,15402,f9ba11b262433e4c39e3315cd7e5c865ef607886f98a3d1396f1e2b3276580d0,14e31c10a24c30cc309d159fe8b5e4ef01210e3060c5827be6e2a685f3963319,exhaustive
2569,descended,1911,1911,3902,41360,1911,0,True,True,True,15414,16286,16286,15413,15415,9ebfc3699475724e930b5e4a0be84f8698adaaaca1c6a05c1a5c0254e372cc57,0e4c3f9094ceb2893ae0a8d66af734899a6e0eae52adbc315916777b864e856d,exhaustive
2571,descended,1868,1868,3834,41392,1868,0,True,True,True,15426,16299,16300,15426,15429,ef608f1008203acd9d2b8069a40090229a4c849bae19d399f570d1463d5a379b,c986fd31182c14d578b3b4cd5e3894c6e8acedf57285ce6c1b4dba5025e01b1e,exhaustive
2573,descended,2244,2244,4432,41424,2244,0,True,True,True,15438,16312,16312,15436,15441,a0115e5a489135bb9ffa272f068f3e9daca0a71eebf653e23d590a19bbb5fc17,9fc7198b880f7e9eefb5c4a42a0eb2493856e67c4da2dfffc3865a75dc33d275,exhaustive
2575,descended,2221,2221,4395,41456,2221,0,True,True,True,15450,16324,16324,15449,15449,f27262463d07cc5ee30829ce6ce732de75195f84f895010d3c7bc1b4ff367d3d,9ca6dfb99fe1c228b87037bd25dc935ec6e09afb063064eb524a1babf1c367a4,exhaustive
2577,descended,2158,2158,4297,41488,2158,0,True,True,True,15462,16337,16338,15460,15459,01eb0a4ba2c0469417a6e84c00662e2c761d18047ddaeca3fdae7324733f7f60,dd09d4026f0a9db25142217c875af0571cb7b28c4bfefdb81c4b1627c2754aea,exhaustive
2579,descended,2105,2105,4212,41520,2105,0,True,True,True,15474,16350,16352,15474,15478,24646d3fab91d9a79e3a172455a387b3024081a061e42b2546deb7a5788d3aef,6b0c01b0f4ea943527611ebe597b98b48a936cd048ae21e7eae7df3160cc377b,exhaustive
2581,descended,2057,2057,4140,41552,2057,0,True,True,True,15486,16362,16362,15483,15486,215367448b9d5d67eaffbeb948381d9a52a65b8d54d7287e95a895d0829f9711,931c102f6ae7b8a88443912c8353585f59bf87a6a580eeb9bd8ab895071d6afe,exhaustive
2583,descended,2032,2032,4098,41584,2032,0,True,True,True,15498,16375,16375,15498,15493,41b36dcc1a5fbd4514c80ec45b8828d88d516eaccaefe8011cccf8428f821c53,4a411366a9a5d54b1f1c65f7953ac6f3539e8ed0045099e70a3c033372cea47f,exhaustive
2585,descended,2003,2003,4053,41616,2003,0,True,True,True,15510,16388,16388,15509,15517,9bbe999def5224610efdb1db0f111ab54a3d0e8101f83278f6dcf7e4f620aefe,3d3af4cb2f7d7ba4919ac4db6f2a09062dbe120834695beb94e59dbd73900c43,exhaustive
2587,descended,2635,2635,5055,41648,2635,0,True,True,True,15522,16400,16402,15522,15519,2679c8ac5a70b66201f5ab510aab65b4ec659e60e27acb258e3674e2a8beb56e,cddd183ecd3f5e80640e9f90cdd599d66eeb08e1d5da3aa938fba051d31eca0b,exhaustive
2589,descended,2593,2593,4991,41680,2593,0,True,True,True,15534,16413,16413,15532,15536,5eb5dc5d7661a2ee21754816d979eadef62828a3d8f19a36341b863e2c0f00be,70444de033949274ba073618dd0c3eabbc65be050c8777153dc48fced40d8403,exhaustive
2591,descended,2560,2560,4939,41712,2560,0,True,True,True,15546,16426,16426,15544,15547,360faa14991624950d88e3f790eb05c6415384e7f11936eb99058a3b3b82adb3,a89f32c0e7c16b7a7e7dc2a7fae002d839a4613d73ed67508d8fd072f7995d4a,exhaustive
2593,descended,1796,1796,3727,41744,1796,0,True,True,True,15558,16438,16438,15558,15555,b2a99973cbc9c0c5a4a47d7d88e73bdc9beea0ca70c205cea922b34ee79a666a,797b504072d3da07c1870d6eef38a25dca186ccf1ba8a24f61d994c3a4bb87be,exhaustive
2595,descended,1768,1768,3684,41776,1768,0,True,True,True,15570,16451,16451,15569,15571,465405dca1ee16dc0bbac8f0adcb6effe50e78c3915d2c31c05cf90fe4e67350,4127ae646a1ce64ddd380d1113cc4173a5978ddbac1830feecb778fbabbb97bf,exhaustive
2597,descended,2424,2424,4725,41808,2424,0,True,True,True,15582,16464,16464,15581,15579,94b1b656da44dd7989e030e85ddc118abef488aaaf487c7e362b945213af552c,bc6ad753600cd96130c1204b46f11d78cc4cc5ad25614388ad4d3e150428f4df,exhaustive
2599,descended,2115,2115,4236,41840,2115,0,True,True,True,15594,16476,16476,15593,15597,ab93f2bbdc3e2a2de09d3c8665de2c4e1db20bbe01f88ece2a30d6fcdbefee4b,e972fb6e325e777ff75890e879e8981a58b9f745963fd8820078261c82359599,exhaustive
2601,descended,2081,2081,4183,41872,2081,0,True,True,True,15606,16489,16489,15604,15607,3e0f97edd687c270666a13b1858bde5b7be671540606f381849354a55f9d9b54,5016615b38efadef656b101d5ece6fd51c463a015d28cba75adea9c702a7f5bc,exhaustive
2603,descended,2236,2236,4429,41904,2236,0,True,True,True,15618,16502,16506,15617,15617,7c85f3672d613f40efac18329bff43619e00fe91512c5f7a05f21afbdc357537,36d2129c1eb0d1545ead6145f217455e68090ba3f5e9fba0a2b89824ae7f7a2e,exhaustive
2605,descended,2201,2201,4373,41936,2201,0,True,True,True,15630,16514,16514,15630,15631,9d970e8694119b1305b06006ef9dd90e47be298355adbf8464db4fa6e10a2524,3140be5cb8bd24407ab912e86c64f809d5603d9b4544cff553a852434829de93,exhaustive
2607,descended,2175,2175,4335,41968,2175,0,True,True,True,15642,16527,16528,15639,15642,63b4f32f0a70b07636b1cbc9bf30b1d6d1af5a4c56643b5236e70c5d1c3483cf,46246a3b478d95acb3b5dd23c6deef2afced39a188cfbc8b83c416f8ac90a37b,exhaustive
2609,descended,2431,2431,4740,42000,2431,0,True,True,True,15654,16540,16540,15653,15655,3bef67fa6f26eacde419277d0e5097d884fde62c28f675e7706a52425e4e7b23,fd074912efdee530480438a61ec23bd4f7f02cad07809510711c7460466c01c2,exhaustive
2611,descended,2390,2390,4675,42032,2390,0,True,True,True,15666,16552,16553,15665,15669,99104c7491ac8e17547c7173e5a51ee6ef7728b2c019adf6ad4c032c577aad5c,a1f1b7fc77b7972c3c75028397854bb7f35e6b7292a8eeaad1ed6c473dc3b674,exhaustive
2613,descended,2368,2368,4641,42064,2368,0,True,True,True,15678,16565,16565,15677,15675,aae75ce638ee3d83d15869e545e6842fb33c1c9138d5cc63431011b461d924eb,1e035675f1ac443ec848facfe96c320f88792c6ca1866a2c61d11825d817521c,exhaustive
2615,descended,2341,2341,4601,42096,2341,0,True,True,True,15690,16578,16578,15687,15691,ceae84dc970a488e490b76c09267ccde33b45f5b396fca1734e43ba0b558d996,825f142d6c8c43da667fc4c8f06eac6b2b8ccb26234d9bbe87ba3393da0e2dfc,exhaustive
2617,descended,2310,2310,4554,42128,2310,0,True,True,True,15702,16590,16590,15698,15710,d83209abb7f334a796fee1845574c5a309b3db49e39bd276e3a730b1e9d81b39,8757f9a6ef31da5f23311465e73ce61d4e32c9c3fffd2c5183a46421e00cfe47,exhaustive
2619,descended,2291,2291,4521,42160,2291,0,True,True,True,15714,16603,16604,15713,15713,224eac4f2b0c329a02a7d2448f6798f565dd280be996463f8d3db2985f330e35,974f1c6019a511e359575847bad8b3a16c548cf6b223035c1ad6aa8b5b2d7f1b,exhaustive
2621,descended,2246,2246,4453,42192,2246,0,True,True,True,15726,16616,16616,15723,15723,25202a6a541f08ae15b45f22174a95047dc98d8f0ac5491bc0efae9d5039409f,bd4f4714ae999ec35502349b18dd6263365837cd71ad06376f180513da3045b5,exhaustive
2623,descended,2178,2178,4343,42224,2178,0,True,True,True,15738,16629,16629,15738,15740,0a78ff94bde73760760afa041321c352b13daef0d693f81882022a3b5238e1e6,1a5da7a27c0be95f8e791da5dc16037b07183cea52a495083ee778005a1d9181,exhaustive
2625,descended,2115,2115,4247,42256,2115,0,True,True,True,15750,16641,16642,15746,15752,88e35ce7af5d9b68c149b24afe9ca229393a2d546b92fe51885308a3ce521bbb,2ffb723432d5e4bcaf06b7e58699cc17f1d0c3d8fccf6abf506de23dbd880348,exhaustive
2627,descended,2080,2080,4189,42288,2080,0,True,True,True,15762,16654,16655,15762,15762,090145610a8b978f5dd465deddef32fb0ccc4a6c7905c892af84db7ac17390d9,d8ca7f136416dc57851409be55055e4563c1317f1ac20676b98dac7bea014110,exhaustive
2629,descended,2036,2036,4120,42320,2036,0,True,True,True,15774,16667,16667,15774,15769,ab6f851bed336ab2eaa2549ee223e76e0cf94f311e6be47be2565340f2acb92d,53261f13ee8c009a5ee06a8ea97405c8420b9b1e0dd2bde12d121328118fcacb,exhaustive
2631,descended,1994,1994,4054,42352,1994,0,True,True,True,15786,16679,16679,15786,15786,afe3b54d4afbcc3008a8bb1cfb471d2dd9f4b28e1d650b188b5d16e0e453aa29,bb6f2f474198eef4718701da465cc1136ef56798124d33de3e1988babe73cafe,exhaustive
2633,descended,1970,1970,4017,42384,1970,0,True,True,True,15798,16692,16692,15797,15797,9d0d90b619323573b5308d2d6ae84c0193ba9bb87257266b6c42738edbdc0f60,efa9f8e7594d5e2af338eff40742b650d454e3d6b9bb50261b0fdc4bb18fcd85,exhaustive
2635,descended,2116,2116,4251,42416,2116,0,True,True,True,15810,16705,16706,15807,15809,a450160bb6db3e375919608aed22697e566529608c2ca2a4c08b8ba1421df405,f16f04a94a036ce7fb10e2a294c82ff5c5a9a33899bc5331c908ebf0914dee70,exhaustive
2637,descended,2096,2096,4222,42448,2096,0,True,True,True,15822,16717,16717,15817,15828,82383ee5591c074e942f2824b4cda5927d7d099bbde1671ef84a18d6930d5ce9,d8b92708df84b0c272c560d9f0979f5bb86954b19ade2d6eeb1f0c33e480d37e,exhaustive
2639,descended,2241,2241,4448,42480,2241,0,True,True,True,15834,16730,16730,15834,15840,4f1dd2a0c41a3d12ffd02d56ba512a3131743aa141d107ab22e259e06c3ba8a6,4a4d00fad0f44a6347abcbdf4f04796aae969d1b9a3a502129b51052032ea0d6,exhaustive
2641,descended,2219,2219,4414,42512,2219,0,True,True,True,15846,16743,16743,15846,15845,129ef6972ae9644f059ea2dd111b2416c4321d4874f9265873d23bced95a7ce5,277217dbd3b85736abfb9fbf4b2243c455429237005d7ae3d46c9b8b7c0c4df4,exhaustive
2643,descended,2177,2177,4348,42544,2177,0,True,True,True,15858,16755,16755,15858,15856,4195db31e115cef681c53f2e60c8bfdc768fc821753ee3ea67f960b5b9b87b6a,49180199b9a6f98383e63407f3a76b9d1dfdc35a7401929e60255a1da730f92e,exhaustive
2645,descended,2143,2143,4295,42576,2143,0,True,True,True,15870,16768,16768,15870,15872,8061a7d4fcfef8ae9c179597dda104f0c5047b665c837af9360fb0d363581d2d,25d91efeb95b9783f183edcaddca8e19557ea47acd4fec1229a569fdbcb65777,exhaustive
2647,descended,2246,2246,4461,42608,2246,0,True,True,True,15882,16781,16781,15879,15883,8f2aae7488cc7494360857a951604201e421876b049a4eef01d75d5d17450c2b,bf84b7f42cbf9a41a64e1b548b5af49ac56f0c15d1c4eb5c02316199dc35e07f,exhaustive
2649,descended,2225,2225,4426,42640,2225,0,True,True,True,15894,16793,16793,15894,15894,03cb6b42bc978e54c7638fa032f3f54b618d5911b35c68f8d113d466ae7d9c5a,9ea062b19ab8a58b5729a4a7d51d9b7a9f69b0d8d45d989c58376aeee223c4ce,exhaustive
2651,descended,2138,2138,4291,42672,2138,0,True,True,True,15906,16806,16807,15904,15903,af1109057d6891adf21ba8356b8fb378ca74bb0c090cbd6e0270000e3ea12259,7c572252be0e55f5a1e7137d12d3f276b9897e9510d18ef98bbf5d744e004bb7,exhaustive
2653,descended,1993,1993,4060,42704,1993,0,True,True,True,15918,16819,16819,15918,15916,b91835209c8cc2b8370f7368d3f74e93ef4a1b4d19d74f8cd989823dbf77cc0a,81c87d15a889a81389468e33ae480044e100c583a268a0aa603b46b351edef2d,exhaustive
2655,descended,2190,2190,4373,42736,2190,0,True,True,True,15930,16831,16831,15929,15924,c54944143638a2be155b5f81f4cb3765be95ebe16585db713fdcc4366727577f,5fd7bcda1258338d9b57bbe784c6267361cc3fcdac1f30700ba3bb6bc80b4b07,exhaustive
2657,descended,2136,2136,4288,42768,2136,0,True,True,True,15942,16844,16844,15942,15943,680ec3e74b6bb57742559dc9cff4e5eeae34f7091cf6f867df697e1e24ba6b26,a67e0d9bdda599d192be9cd1607c8f5bcfb866ec70047bec1eacb154637c90a3,exhaustive
2659,descended,2617,2617,5055,42800,2617,0,True,True,True,15954,16857,16857,15950,15956,11cb963a382e047d5ec24a6132c503d309b31f5e26d47e6d14618cf87876fac7,e840dc2301f1b9b20e9dfc7d8f5538311b32c0617065f23a30e0e12804c43d73,exhaustive
2661,descended,2557,2557,4957,42832,2557,0,True,True,True,15966,16869,16869,15965,15966,a97454d0d0210636a195973bd1807a828dc5607c956f611406acd7bbfd67727f,63e9cf8f0a1e5892d9036a02de9df88f6d95e1ed228caae8c70a515771bc5ae6,exhaustive
2663,descended,2312,2312,4571,42864,2312,0,True,True,True,15978,16882,16882,15976,15976,062ed6a24399eeadc043207e1747205e064cacd21ce86a766f2652d0c245f501,643a2900f616ac5c0445e044b87975df1b81d158e4117c56fc9c1b63d964b6ef,exhaustive
2665,descended,2489,2489,4850,42896,2489,0,True,True,True,15990,16895,16895,15990,15990,10360b7b76ff0a943b8910643853ae6ac08484f84f5013104c0fea6a977a65dd,6f15d1fb71b699fdda8722bff8c37d8608e4890cc046384a88cf7147fdffd34f,exhaustive
2667,descended,2460,2460,4805,42928,2460,0,True,True,True,16002,16907,16909,16001,16003,e62481374463fbc95a5eeb1ebd6e86961fa0b3ce135aaf8e700e045efbc69591,7e79f9b9e075c0edc97bb6d99ece79f4d4d8ad0775777a896850fd9cf39f85d7,exhaustive
2669,descended,2409,2409,4725,42960,2409,0,True,True,True,16014,16920,16920,16013,16014,68e987ec5c2076e7ffc1efb2300029176673753a52c0b4b7baa8d1ef83051676,536fb9de62adb9bcafb78dd650dc72d4ce39be6e5540dd2fd39893df5f0f6788,exhaustive
2671,descended,2367,2367,4659,42992,2367,0,True,True,True,16026,16933,16933,16025,16026,f5dc7f3a40984ee29c908f07ced0cc4ec01c7549b5a4cde9ec2b433a153e753d,8ad489b8ad36366a5ee69549b421cd1513bc0127d0ba9c3bbd51912c1c6cebd1,exhaustive
2673,descended,2330,2330,4601,43024,2330,0,True,True,True,16038,16946,16946,16037,16036,f121f3b6a425f86b847380c3a3ef793cbe6cf182386cb9ebd2d46af0ef03ff91,1ba02c009b390b69775c268bd1fec3bd0e93b73471b5ea4f2d41e5b880d3ef53,exhaustive
2675,descended,2278,2278,4519,43056,2278,0,True,True,True,16050,16958,16958,16050,16045,12778b4f0149f3a5f91f001638397418a57d84b76cdddc743016d59d258b1180,2dc67abf40fc024a400eccb8a3944aefb8780c9d94d4013a42858b0199926201,exhaustive
2677,descended,2219,2219,4426,43088,2219,0,True,True,True,16062,16971,16971,16062,16064,de0dad6c1f1dafa2009a59ce1517163b50d1ba0f7fee40047e72fd9bc12904d8,407a1278dd46c961fd0df925403e77fe36639169bf78d90159670309c15d62d6,exhaustive
2679,descended,2149,2149,4317,43120,2149,0,True,True,True,16074,16984,16984,16073,16070,8d826f226d78614d49c2d4b8adba219648602a7a1b3f00f8500ce843a7ed4029,f5b441abfcbcb6e4364f5bc5066009503e64bb3f8206844c7b9fbe4a65b59501,exhaustive
2681,descended,2100,2100,4240,43152,2100,0,True,True,True,16086,16996,16996,16085,16091,ab475413f2663b0de4aa28874a0479a86202ee3ff90edba4a4b066f4a93500dd,76dd3ed69757cae10e5834a8fe22fa77f5ee030530d582ccda338066a7e38410,exhaustive
2683,descended,2069,2069,4191,43184,2069,0,True,True,True,16098,17009,17010,16097,16100,a9adba9dcdb57a63133c3a5538ed6c1ad0c2363e985e3ee589b8addb18582c1f,c5aaf2aee278506500dce1f6b548dfb58252e262f4a9f06553cb3c20e1cb75d6,exhaustive
2685,descended,2051,2051,4166,43216,2051,0,True,True,True,16110,17022,17022,16106,16109,a1c79b567014785ff8786c84c7cb8f1c159859687b5580736cc35104207560c0,4e60b5064f6064f1e507ebc98af8c527d8a87995671c31ef7b662bebcc103b08,exhaustive
2687,descended,2012,2012,4102,43248,2012,0,True,True,True,16122,17034,17034,16121,16121,15c5c632b99a0204334484472ea210283ae5bf9bc75452aff3d3afe1334d0ea4,e96212f8ee3e59748d43b8a714985e9e2690d3f89200c7524d8a4347b47453e6,exhaustive
2689,descended,1979,1979,4050,43280,1979,0,True,True,True,16134,17047,17047,16134,16137,f4f2a4153d34a856945093a7eb74c5802ac3cafbc073d52842d2c04f10ed39a3,c9bd47205c3bf4e74ab26f9f11906470507cf6f7baaff86b335a8a0efffd365c,exhaustive
2691,descended,1958,1958,4019,43312,1958,0,True,True,True,16146,17060,17062,16144,16145,4428805a33bff661fd68b9bab4615f4b84d3031723cf757671be84cd05e41a52,047dbda993533cdcd8d4b86cc4045f581809353fcbc7ec565eb4b8ba4630930b,exhaustive
2693,descended,2184,2184,4379,43344,2184,0,True,True,True,16158,17072,17072,16155,16156,906d95fae6e4bc9dba9eb2c45c82b68d40c71e31d377e5965b9c9c6bec5858b1,bf5e910b0e8d2210c6162d6c0604b4a3afc1302983c20d006d850862706d63ee,exhaustive
2695,descended,2032,2032,4140,43376,2032,0,True,True,True,16170,17085,17085,16166,16169,d3465b792718a3744b0ab92128fe85f079073fd5366e06a7c4546ea59500ced6,d9e3a94104f5b7760d6d9918bfc6978e441bfd8a819f4e2111ea85fc01c80097,exhaustive
2697,descended,2006,2006,4096,43408,2006,0,True,True,True,16182,17098,17098,16181,16175,0121cbac8db90cec7b5de723095897335b26b705126c5ee815d8a6f02ed26f3e,fdb988e9cfbc0e2f2b776b51061d8543529ff23c7cae843d8de817f628ba03fa,exhaustive
2699,descended,1965,1965,4031,43440,1965,0,True,True,True,16194,17110,17112,16194,16194,fe4082b057186efbece260d6adce9e0624e84ab20077a4235cef1bf7b1ab0e0f,7d715512fb7e1f4850d4b97abf4516b96e7c8305c9ae6de136ef9f9c19234b65,exhaustive
2701,descended,1931,1931,3979,43472,1931,0,True,True,True,16206,17123,17123,16205,16205,b0ba337737e9ef940351a68af04ced96d12131ce3d8ddd7aa42696a9b2805d65,19217aa8c517e1eeb8a114008dfad81d3700aac3d0313a49eca8b8aa55029e26,exhaustive
2703,descended,1980,1980,4059,43504,1980,0,True,True,True,16218,17136,17136,16215,16220,3c5fa5063b73abe44acd6b5e6dccb0a161814f16700b8163bf74b91a1c2650f8,33350d7100781221297f5d17336e5eefa123f44611ef1f18bb0a6de63e86a4af,exhaustive
2705,descended,2077,2077,4214,43536,2077,0,True,True,True,16230,17148,17152,16226,16235,5ebe3cb612d70da5c2a7622950c0517898fc2fe0040816691d52eb59da16303a,fda405c8b5edbf993e7fb077c12fade6b366c879ca1f5ad802155f7c104654d3,exhaustive
2707,descended,1906,1906,3942,43568,1906,0,True,True,True,16242,17161,17161,16240,16244,f070c85c98b4f3d0869071dbbacfac57f3da7d3d74e049b622073432e0542d77,705660d5f0267f6307a2ddddcc82933d8c2dd4b326b53c6b425b52de190ae1ad,exhaustive
2709,descended,1890,1890,3916,43600,1890,0,True,True,True,16254,17174,17174,16253,16251,7d579115adb320f1965babadb4b3622a8c102ddec23841f1150e58c8c54d1a6f,d51547f6bdd18c22827cb9b235486b53d895024808950978a657abbb3738d87a,exhaustive
2711,descended,1966,1966,4037,43632,1966,0,True,True,True,16266,17186,17186,16265,16267,08cb30aab131cf871dbb18a83946a957129183a0c168726c9b6a6984e85c9e3c,1626a0ed9ab7de407281972f3ca8423ce4b687533877f5a165735654b9a30caa,exhaustive
2713,descended,1927,1927,3977,43664,1927,0,True,True,True,16278,17199,17200,16276,16283,9419172efb1ee0279ac5c686739414cf202e3517b63b81752b8eab91ca13eaed,e92a363230139709fda99c0ae5574698362075f6251377c262dea443776f23c2,exhaustive
2715,descended,2386,2386,4704,43696,2386,0,True,True,True,16290,17212,17213,16289,16291,6cd8d739f5f8bfefc85435bc5187df36e994db97c43eb29baac717aece858672,ee50226f3de1f9fda10486ff2e96f646bee0365772a3a4767f9bbe56fbcde215,exhaustive
2717,descended,2226,2226,4455,43728,2226,0,True,True,True,16302,17224,17225,16298,16298,84fce18bb6ca5276d225d8c6b7bc0cc8a4a26f2edecb178687de9964a34bea2b,837dbd92b27d57fe2eedf11fee7ef32feb6949624cfb4036b92149c324865d6e,exhaustive
2719,descended,2194,2194,4401,43760,2194,0,True,True,True,16314,17237,17237,16314,16309,1fd7c6a481ebab6a55a98741639d92b6d2cb9fec5eb53d80ecc695497977f681,93f9ac7f7e5945364c280905e8bd0821364765ee7c132c8277529d2279aeb599,exhaustive
2721,descended,2163,2163,4353,43792,2163,0,True,True,True,16326,17250,17250,16325,16324,bee5ea30af61d507e170edeed03155b8d27706a56551d6e78ea42bd8d647301b,a49b173de466c860bd1d47b6a1c94fde65cf0d46add6a3888092898d93b0bdeb,exhaustive
2723,descended,2090,2090,4238,43824,2090,0,True,True,True,16338,17262,17263,16337,16337,5d0f6d56b49b6acc4f888af57d06fcc75baaf2c7ab0976af9c99ca1a4f2369a6,f0c2a02ecb9727e221c6ff7d050e52b7be97b94246a8c659e840c02eb9580ce8,exhaustive
2725,descended,2063,2063,4197,43856,2063,0,True,True,True,16350,17275,17275,16348,16348,e8725eac657b25ca8af0dcfc6bbc3cb1305d46421532880b6a556929d45bf680,f509bca60c84d08751758dcdeb67e75add96942a41e154b01dedf8ec4bf85297,exhaustive
2727,descended,2141,2141,4321,43888,2141,0,True,True,True,16362,17288,17288,16360,16364,43cc090952971fc382db3aaff5d374e0d75bd1c382ef2eb3450b1d24cda89224,af3fb22e67f7ec5d607a8e67bd37a3a52ccd14c02f64f631cb0fe253dbf1358f,exhaustive
2729,descended,2126,2126,4297,43920,2126,0,True,True,True,16374,17301,17301,16373,16376,77534e6a925fcccfc7d6186f7b6957700367216e54407a58d0c29779aece526c,1dfd5dc9a6439b3f1404948b857c7404f56190b06b30f86de1d68958f302a5ba,exhaustive
2731,descended,2064,2064,4199,43952,2064,0,True,True,True,16386,17313,17316,16386,16386,cbcc056868cc1ed5fd604cf5c33902d79e24e5694da98c643c9eb61002a0fd71,9d7add00686ae1517f32eb8a2b85616efcb3f6176d8f0e538e94a3ca23d053ae,exhaustive
2733,descended,2332,2332,4627,43984,2332,0,True,True,True,16398,17326,17327,16395,16399,93fd757088c61eafca49610c6ea1e46593347584e258e1df32446bfcd0592f30,8032df2cad360cca64726a9bb883f94045423ed29257efc311844e1455fc793f,exhaustive
2735,descended,2106,2106,4270,44016,2106,0,True,True,True,16410,17339,17341,16407,16410,4774de946060258e860a0c7e408fbe8c4c64b43964c17856912e809a15a182f2,e0a0c2516e3bd815ba4cccb4e13c8d40b13d517cda7102d4eec9027a5acfa283,exhaustive
2737,descended,2269,2269,4526,44048,2269,0,True,True,True,16422,17351,17351,16422,16420,3fbab8eef17535151458c2b0e361544bfdab13ef738bc341c8ec3bfcff130b71,ef0519a9e8b206e970e5e9fcac32a157d981c7dd1be8664361dc908bd6df2fd4,exhaustive
2739,descended,2304,2304,4582,44080,2304,0,True,True,True,16434,17364,17364,16434,16430,2f48c35cb0eaabd7f02bda95ccbb6f6aa8756eb6c791242be59b5c9179746b95,f66c7c5edf47f29c673fb16a6d2c68c0270e074f61347caf15488e83fd37ae83,exhaustive
2741,descended,2023,2023,4139,44112,2023,0,True,True,True,16446,17377,17377,16444,16445,1cb7e8e98e5e014c91f3a90e62a088d43595bbac71ff310b9a350217c0975c0c,25054c510ba56e4e9793de24c4f6193aed5ffe7bd291b5ccf59ab61e72ee649c,exhaustive
2743,descended,2226,2226,4460,44144,2226,0,True,True,True,16458,17389,17392,16457,16454,02bcb3d6c44988eaa1ca5b7960d161221e80d34c53d4bbe34125f8d2d0424673,987b10490af3b89240a32fcde001eca6916bcecae8b594e56d599806a6144cf2,exhaustive
2745,descended,2188,2188,4400,44176,2188,0,True,True,True,16470,17402,17402,16470,16471,6db8536485f1c5c2314884bef68ff0f31e55321da5582a7d00bcfa434348f257,c01ed643464425e029d1940400969bf1ccefc52035d5681ace9998375a9275c4,exhaustive
2747,descended,2588,2588,5036,44208,2588,0,True,True,True,16482,17415,17417,16481,16482,edc938252a760e78e75fef661ca5c45a20e7261a17c81ea773cdb0356abb3aa0,0013da4b59212cc9abdc2f240fd7a476e5a72fea7b0866fc932344f4ed5f1ce4,exhaustive
2749,descended,2142,2142,4330,44240,2142,0,True,True,True,16494,17427,17427,16492,16495,3a48c817577ca095a35226952aa0f7c51d305ee94e097ef6ac35588ea9610114,6811ce6acebfa4220f4fe01e6fb36cd0a34aa129c3af8975aa81aa5cb1eb50ec,exhaustive
2751,descended,2535,2535,4952,44272,2535,0,True,True,True,16506,17440,17441,16506,16510,dd3fcd1bdd47baa53aa758baf93e5c69bec4deccb76eeb0c1a672ca7020ae914,a65770c41ef888ab0a64bd43cb00fae197109b3ded5c198b120bc6fddb924c3b,exhaustive
2753,descended,2519,2519,4928,44304,2519,0,True,True,True,16518,17453,17453,16517,16514,b0bff0c6dbda031c9b776fe0c2180040472afdbb3341996ff245267779c61659,a993ee64e915ab3738db06ef906caebca6f243ba7a77121c7281942d61de3619,exhaustive
2755,descended,2451,2451,4821,44336,2451,0,True,True,True,16530,17465,17467,16529,16526,01e927ccae3bba3fc6dd98136f86d30321784662762376d3d443546ba51149bd,4e357bd528972074b2b8601a3fe2fe4b90bfc77e994288feb346e5077e9af6ab,exhaustive
2757,descended,2387,2387,4724,44368,2387,0,True,True,True,16542,17478,17478,16537,16545,3e6c0d7bdc1fea50c84ac7d7198e6293924136f532c48a64bb7d55fac0f630e2,1b9e26726f9b8b5430f27019b723c6acf7f9e1056b36f10d1d2408b8498a2fb0,exhaustive
2759,descended,2018,2018,4136,44400,2018,0,True,True,True,16554,17491,17491,16553,16550,9a162db258ba286e0d2f3ca78216f7c76e65ae886eb15b95bd77232ffc7ef303,0a358d1eb7001f82ed804f802c12352bdfbdccfd40b87aedd21607022bc09d05,exhaustive
2761,descended,1994,1994,4098,44432,1994,0,True,True,True,16566,17503,17503,16566,16566,bde7c27c208c5ab15d5d634b42056817395966fa596bdb9e3f0eb7a73c7bd9cd,9803e6ed6fb92ca0e7178e24e6b7e51b1e581add21beb8a31a2785da716cf677,exhaustive
2763,descended,2257,2257,4517,44464,2257,0,True,True,True,16578,17516,17517,16576,16580,d702389dab848072e4df0ca36574dd5ff36d9eac95bd40fa74ebd3508851b60d,0a8a2fcd6d299c3d7c611ea3741e48a05b14207b5a74d181c91613a0a41f4f1d,exhaustive
2765,descended,2238,2238,4487,44496,2238,0,True,True,True,16590,17529,17529,16589,16591,2ed7688a88a0343e74528361f4dc61fbe74211e371d16a9c1e4e8940eb7979f7,0642d8f39670cef6d1b4266cf3d29ac4323e176473507ab5431c33b3ed83376e,exhaustive
2767,descended,2204,2204,4434,44528,2204,0,True,True,True,16602,17541,17541,16601,16606,193767dcd5f45f9fead3a7aed463c5db067b44a10246e5e7ae940ba614b39d4d,650c96c5232c5017f23c2ed923d2dd77e37360fb7431e4555342b03e8796fde8,exhaustive
2769,descended,2176,2176,4390,44560,2176,0,True,True,True,16614,17554,17554,16613,16613,5cd15a2444b83fb23d7df8b7363e8bd456212203c329b7367c7524669511c1e1,217155488d723e7e3fdd8e1d69f6f9d18ac0a9337bfaa118cc2f11bf60f3fe06,exhaustive
2771,descended,2153,2153,4356,44592,2153,0,True,True,True,16626,17567,17567,16623,16625,485b574fe8ba0082290f1e62d767e7179ef9813e2d90d725f177abca43779534,d614048810f0ba2843a46559553c3557ae2c5c9aabbbb328b109ce9707848050,exhaustive
2773,descended,2344,2344,4658,44624,2344,0,True,True,True,16638,17579,17579,16637,16638,893926b8416d72115b8fb8eeeec5a9856944ecb5f2833664807ac2035117a1a5,6a8adb0cbf1e8384489affce4bacda5a1c3186693153d34bef66d3cfb79f3a76,exhaustive
2775,descended,2311,2311,4606,44656,2311,0,True,True,True,16650,17592,17592,16649,16651,31b2baae042879c53b5c8b855b6360c56d4bd7b5ee20b37342554c80ef54a7d0,61eb59860e77854a528f83178843234bad78c98a568322df1e3b0a728b15fc26,exhaustive
2777,descended,2287,2287,4568,44688,2287,0,True,True,True,16662,17605,17606,16662,16664,8a7b813c7f21d03ce1492a0ece0524345e32791016aa35c70ed9a8b3c17741b4,de82ee3698f3f61d43c3066618e0726a1397e3d420fa02519450fa2abdd38f90,exhaustive
2779,descended,2271,2271,4546,44720,2271,0,True,True,True,16674,17618,17620,16671,16671,384f2a061a8f3dbab866fda0ebad315109cc74875f91d833ca19efacaa488a47,d65ee008a32f02a95c863f2fafa854c0caf519d4b61fa1b092945d31d139071f,exhaustive
2781,descended,2220,2220,4463,44752,2220,0,True,True,True,16686,17630,17632,16686,16684,b8c1d3686a67daac0348547215f239390c91a0cfd784f3cec655af39caaa4f3c,7105ae3c1541f43854a5239ba1c04aa16b535cfdca3de14974f6bc21f3d944ca,exhaustive
2783,descended,2163,2163,4377,44784,2163,0,True,True,True,16698,17643,17643,16694,16698,828e97dc289ad40f110380e6c9318e37fa5f5fddbbe299eba234e3df0983ba9d,8a60ca0993c16acfa42db742de9234acd7f19a96ac09ffe943fb2eaf73cdb9a5,exhaustive
2785,descended,2132,2132,4327,44816,2132,0,True,True,True,16710,17656,17656,16708,16708,1182ead915dcd3dc7ab826b950384dabd07e767a719f2c72849b64fc3fc3b8a7,c01e35df7e7c819b184c5b5a0a9def7dd26bbb830d04b7f8e193a52a121f04bc,exhaustive
2787,descended,2436,2436,4809,44848,2436,0,True,True,True,16722,17668,17668,16720,16725,c14f9f01130605c7e09dcb8782789be3d0091630afd39d8cd4c199be18fc38c1,75da530b6d6678af30dcb6e8bde812b7d0c99784c07df2e9c380061c160830a7,exhaustive
2789,descended,2406,2406,4764,44880,2406,0,True,True,True,16734,17681,17681,16730,16734,f8985a8b6522d51f29e2b72b9873e2a93d2250a66716878659467c5ecf7def19,7bb08231a37abcac9b289862a09707b89fdccfc33b2668bb7b29397fae37b9f2,exhaustive
2791,descended,2355,2355,4681,44912,2355,0,True,True,True,16746,17694,17694,16745,16745,0c6f2f80e40f062a09a85498d9a63530d907f321ffab0dd89de6d4c10b8d0b02,f629a51ef5193f11b98160ab9926007b0f5c445768da444b715691722daeaf1a,exhaustive
2793,descended,2298,2298,4591,44944,2298,0,True,True,True,16758,17706,17706,16758,16752,67eff7b99d7fcbf56b6271808f8d25546b054e558b271a31abe767908eaa3435,bcd2973382e1c8680e4fb1caee9c6aeddc06612af5803c9d3bc847419411cb53,exhaustive
2795,descended,2281,2281,4565,44976,2281,0,True,True,True,16770,17719,17721,16769,16773,9e7f707d7cdbb4ad62e84e01bb39ce141f1bd721cf8066e0ce54474236fa5384,a7dd0b80e81b8f1f00a84ba5dcfd41a46882fdfee420253f0d2e75bb845d1a25,exhaustive
2797,descended,2710,2710,5245,45008,2710,0,True,True,True,16782,17732,17732,16782,16782,ba7def947e9be5c2ab569b96930cfe60efd74cc26f1182102dd065a4aa11e4d1,a06dc5568dd2560a5486f9530d2d808f83a15ac8ae66e7c0cf889ca8b9bb1895,exhaustive
2799,descended,2681,2681,5200,45040,2681,0,True,True,True,16794,17744,17745,16794,16790,1784948b47518d880024b259d4bbf110a40bbc5ce679346243281b90d2034384,cc5580f2daed8fa2a55d6393ed81f364521db3b2508df484489ed508b42c1985,exhaustive
2801,descended,2644,2644,5142,45072,2644,0,True,True,True,16806,17757,17757,16806,16805,b37177f4a676b5a4e6010e59fe4caf2407a16e8ebf7e689d40c4b1491eae50d1,051f9252efce28bcec02115c2d5d891ee67331005822032fe969a0eb8dacbb08,exhaustive
2803,descended,2602,2602,5076,45104,2602,0,True,True,True,16818,17770,17770,16818,16820,f20d10c049042eb66e6fda4ffb30f7d0e46ed07664adbfe6d669bb669f6c4985,b54a118e5924ffb8856be894e7839a398bfbb8b812b30ae0464b1b9a5dc8ac6b,exhaustive
2805,descended,2228,2228,4486,45136,2228,0,True,True,True,16830,17782,17782,16828,16831,79953c9986bab91d13028a5379218e32b0637e0a71a02fd4c4e64db5c247d379,2b57836bd556de9b487c5115c3c1b23db60110b7a56551875a9c56c11b2418d6,exhaustive
2807,descended,2554,2554,5002,45168,2554,0,True,True,True,16842,17795,17795,16841,16842,dd24b2b1e064a7f2ac6311381703e4036255731ada48f3e5eb14675f1902d16e,edc19429d545ab98a9b483ef407d27344898311f874929ecd9c7c3c5d218074f,exhaustive
2809,descended,2397,2397,4753,45200,2397,0,True,True,True,16854,17808,17813,16854,16851,bd9d78b04844dd80ad88614dd06cc8fcccbc8e7b3272b25ebd8cf00fda5dbaf7,72e7a2d12eb736d7be49bca856f1307b166230e5a3a0a1ed7d32073897089000,exhaustive
2811,descended,2483,2483,4890,45232,2483,0,True,True,True,16866,17820,17821,16866,16861,341a9636fc0a6bd0324f58d2385c9146e2837fa3b3ac02c58778db6f7034053e,de287829a608ecb7b712c084a5dba7b50cf94661f6e2033c239aeaef368c0975,exhaustive
2813,descended,2051,2051,4206,45264,2051,0,True,True,True,16878,17833,17835,16878,16881,a3595022b4ac0ab86dde66479be7d7a66591ae97a83c2b95b2547ebce3b8ff6e,98a6ba39af56b0ee0383cf0058d9e927c737abad4d5d3207d10d36b2c765cbc8,exhaustive
2815,descended,2304,2304,4608,45296,2304,0,True,True,True,16890,17846,17849,16890,16895,5c96b22c72cba25c37e3c8eed1f8e688fd7b6665b9b7de57476e6fd2c7638c18,9faa0758ece160ccc08157cc6a41337628653c75f42ac53e8748ca9cfb2327b1,exhaustive
2817,descended,2278,2278,4568,45328,2278,0,True,True,True,16902,17858,17858,16901,16904,580bbb32a539ce3c149b5c8579eba36cad300d507325732c463aa4131927ccaf,03fb90044f0a2b2b2f8968f198768d90c7fbc708e8f57c4559040abbc961c7f6,exhaustive
2819,descended,2213,2213,4465,45360,2213,0,True,True,True,16914,17871,17872,16914,16915,d2f5e64eab9c5bbaa2afd85d2bae88bd876373725991d04d45651aac7d71145b,bd837e2af8170abea22e9f50bf05e2b06c1ce386590e4cf4803dfeac0d6a3758,exhaustive
2821,descended,2173,2173,4407,45392,2173,0,True,True,True,16926,17884,17884,16921,16928,bf86d0124f0f4c401ec51b069f14a1118278bf159942a3ee39f2a7034cd2073a,eabc31450ff98253b406834591028f59bde5d56c2792f078ca67091223473c53,exhaustive
2823,descended,2158,2158,4380,45424,2158,0,True,True,True,16938,17896,17896,16937,16943,9955a92731f1e7959af56cd193a765856a5ade0b3d0d78ea79c72a61476a31b4,cd794f4e8bd61a0256aa944d725a29f9b7a0abd3be48daf3e68156cf9f4a467c,exhaustive
2825,descended,2132,2132,4340,45456,2132,0,True,True,True,16950,17909,17909,16948,16952,c66d88b9fdad615d3bc6860a06226e27fed09e3f1350b6cc96d2a131a7bdc025,bea295c9a3cff3cd737954a3a393135ba7da8d04d8bbf85aa80dee523e1c750b,exhaustive
2827,descended,2099,2099,4287,45488,2099,0,True,True,True,16962,17922,17923,16962,16959,ba24770011157d3bfd8d3b813626868ed0cdaa5e5433f68375e596e431d42487,3c678f46bebe4e61e07c3b2320b1a7e6bce32963dd6c43d83dbc165b89eab202,exhaustive
2829,descended,2061,2061,4229,45520,2061,0,True,True,True,16974,17935,17935,16972,16970,93983c3427048dc559685ecf36f2fc248088d50ec894dc779cbf791805202bd0,4e547c491763407d7eb057c7ee353e6d2835c3920a89d5762ac3281af2a50164,exhaustive
2831,descended,1994,1994,4122,45552,1994,0,True,True,True,16986,17947,17947,16986,16986,31c82863b6c8141cbd75bd5d5d47346e5870a2edaaf9699c518bb958c10326c4,cc30c90600d129056d2382448b447ddcb4d9fd2599bf260a6f6ff238130d4957,exhaustive
2833,descended,2295,2295,4601,45584,2295,0,True,True,True,16998,17960,17964,16996,16998,f685b0065ca8497507f77e83335268cb78abc3a26db535d5c63265b4b3340749,4823f356acf1f950517b0416a65a156fa4bf59c73724314bc50ba0583c1f555f,exhaustive
2835,descended,2247,2247,4525,45616,2247,0,True,True,True,17010,17973,17973,17009,17009,3fc73a56b6c8d6cee3227c14f643c9a4666bceca8ad2049cc2fffbb10d8f8333,d6426b24eded70ecdac351b18c1980b1ea45f34d5e529799df0afdd215750283,exhaustive
2837,descended,2199,2199,4449,45648,2199,0,True,True,True,17022,17985,17985,17022,17020,4e120329d984b86eba7c1721d9fd58f6ccd3bab7cad710f5a980752c36da5e8e,bc928aef2a170b5d7942a0de19b8ba5e517715e06b8b941a41052feccddfe696,exhaustive
2839,descended,2206,2206,4463,45680,2206,0,True,True,True,17034,17998,17998,17031,17038,89486d5ad24d2ad40e0e852a50f15ae1cac949542283e320931e13c4fba6ac7f,3225feb61d34f4b9304bcc917953010752376a76b7f33638654c0cdc7613f9c5,exhaustive
2841,descended,2563,2563,5028,45712,2563,0,True,True,True,17046,18011,18015,17045,17044,8d105a1835a8e1947e6ce93db9da8131baa87fa6b9745a30ea497150032bbaf5,4b785d7b681830122c577cb74eebcc07c5880774814eb50d49f49ae26e0b2123,exhaustive
2843,descended,2539,2539,4990,45744,2539,0,True,True,True,17058,18023,18024,17057,17056,e520c26dbe637bc5d3ebc80ede696ac5a1f2ed410c0a354fe0f1bd891e62ad95,7ba32ad0459c2253c6b94e0aff508aae2cb9ef8cc0ce7d314adcaaa2cddf460a,exhaustive
2845,descended,2501,2501,4931,45776,2501,0,True,True,True,17070,18036,18038,17069,17070,00cf68000b557fe762cd3d301380fb3873ff76de2829ab54f6357a868ac37fd9,ef4f711a32782761e31bc1be26d8cd9149f218254ddefa776535fee924d2e148,exhaustive
2847,descended,2487,2487,4909,45808,2487,0,True,True,True,17082,18049,18049,17081,17083,0dca861da69cecb3fae7b2576264e81bf4e040f6e48b5538b6b4488c6a0db110,6b3d21a210aea00c0963cb660e3f90a3e73559d688167f11fabeee63067c6559,exhaustive
2849,descended,2467,2467,4879,45840,2467,0,True,True,True,17094,18061,18061,17092,17093,3faa337958659a170540791179e5a657811a1bb6931b840a5b7902b40878380a,9bb2e8af5879e8ff9024359895c3de5ca97ca63e7e1ea8891fbe7881fb13d361,exhaustive
2851,descended,2443,2443,4841,45872,2443,0,True,True,True,17106,18074,18074,17105,17105,04d91b795eaa0dc54a3c871bfa442ba21332ac7f35fdf03d7a70e5e95fc65e85,6ba64652a633ea772628a71174d6fa0ed91e0e6c31d78bedb18340f77793dc27,exhaustive
2853,descended,2421,2421,4806,45904,2421,0,True,True,True,17118,18087,18087,17118,17121,463b125cba9e3743a40b1529ac13018a0509d8bed86097f4a8a14b61e286113b,5453450c5960bc1efb0ae70fa55579adb87e128455e05321bd0f1f80146abc38,exhaustive
2855,descended,2250,2250,4537,45936,2250,0,True,True,True,17130,18099,18099,17129,17124,5a4a9905e27b4e266c20fd215af3ff64f52584b8cef3e484fb7931b8da29435b,30f3d09dcb434040a9ba3f4f83277148257d7d875b0f69a63e6e83aad7ef4d71,exhaustive
2857,descended,2227,2227,4500,45968,2227,0,True,True,True,17142,18112,18112,17142,17141,63ec4e6dc43708c7ea85d56bd35322b8a02e01da134ac8f23d9854e700e4fc1b,a86d12a398641fec13dc23f81dce0d82e04073c94d3e46c16b2934ca8b04e0e2,exhaustive
2859,descended,2191,2191,4445,46000,2191,0,True,True,True,17154,18125,18128,17152,17158,4871a5e52aa8d540a18a7e08049613edfb8869d27a7bb63082bb69319e2c51e3,a8754721e0f88c88755e3c17c62c241acc80e8ec6d32f8c237270ac5b040574c,exhaustive
2861,descended,2369,2369,4730,46032,2369,0,True,True,True,17166,18137,18137,17162,17162,01678f091705b3765d0a26ca96bd829585950b8e11d16b2bc7a87d8f3a34313b,ced2171f113e2ab75d68adc909de3d3cbea4e21e2bfbb0b575d525a20c7065f1,exhaustive
2863,descended,2103,2103,4306,46064,2103,0,True,True,True,17178,18150,18153,17177,17180,f3b36a85f658545aa8a8f808ad8cc0168ee678432a6e6a3bb6ded81d1e5712ab,920d0f16883f4ae14b789e6e56324a557d0dce95c71be3c104fb5ac97ed55c63,exhaustive
2865,descended,2085,2085,4278,46096,2085,0,True,True,True,17190,18163,18163,17189,17194,3b8d4128f0a830560115c158546160635634ce5d79b10e190e1a9a645bc5fc39,1eeece31f10eecd984e81d253f5b2eb976f4041c47928668563af4afdde1ecd4,exhaustive
2867,descended,2621,2621,5128,46128,2621,0,True,True,True,17202,18175,18177,17202,17202,4b6c0b6734ab92cc9ceaec55bd0a30d3f534115786a0277b5c544c44debb95b3,c7e5059a3b5e61102c186acb1d37cde35f1cffebe9a46db8a690773e65559934,exhaustive
2869,descended,2588,2588,5079,46160,2588,0,True,True,True,17214,18188,18188,17211,17213,95b13094196eef618e6805bc4f04683cf26bc8b7e11d314cfd625743fa24c7ec,8accb3fab1131aa848f4fabbfc2ee6661e6054f1b8750df4940c58b27324b654,exhaustive
2871,descended,2564,2564,5039,46192,2564,0,True,True,True,17226,18201,18204,17226,17227,b9f2b1c36a58ab286759fdd89dbcd335c3d2f14d5e143310a1a0e8e63a699258,b5216da6bcf1a27bcb6364e7e5a3f3052eebf08be115b7e44402c7c75c1215de,exhaustive
2873,descended,2532,2532,4989,46224,2532,0,True,True,True,17238,18213,18213,17238,17234,08fcc5f4a11da61dd47ba759f2e613137a00ccda7701573d4d7fd5396dda42c6,2460d2e8334253ad2f3659aae7a2e252d9b7ceb51d6d97adce25a731d6f1cdce,exhaustive
2875,descended,2484,2484,4915,46256,2484,0,True,True,True,17250,18226,18228,17248,17249,5642a45048ebb1a8b3519bb8a2c2e988173700f6125c704095be7d92580af1d1,3b0df902cd0fc1bb3e226ab60950a558d9cf58793b5371ffe0beff5538af0612,exhaustive
2877,descended,2443,2443,4849,46288,2443,0,True,True,True,17262,18239,18240,17262,17267,560e6a75b5f859e8f26190a2a2174d4e4bad87300f245c9eea2cd9154cb0a493,09afcaf553fb32654e074373c937f4f9d78a172d01c2153667423ee5be5d5f3d,exhaustive
2879,descended,2568,2568,5048,46320,2568,0,True,True,True,17274,18252,18252,17274,17271,1045cdb702975ce3fda73dd1d7046f9a7a74f1e1b5b157ebf76c681e5bfa7d83,5b6c888381337d4dd87c7bc36bdf1336ae8fffa021b0eedb589b54c6d109e55f,exhaustive
2881,descended,2548,2548,5021,46352,2548,0,True,True,True,17286,18264,18266,17282,17283,1c21a731918caeaf20183a8d434e47b928e97f557e60be0ba6db7b25ccbf2106,7b4ecd9a1d2931ce0417f0059053272f36846dba4250408a2c92bbbe5c4fc4f1,exhaustive
2883,descended,2489,2489,4924,46384,2489,0,True,True,True,17298,18277,18277,17298,17296,3375d948ca6b4fdd818972402b8fc2df22242075f5f601a20e56148608f480b7,eb42d22f2fbc7fcfe9e6a78b99f8399ddea5b0f756f89791b30a8ed10a95e718,exhaustive
2885,descended,2318,2318,4655,46416,2318,0,True,True,True,17310,18290,18290,17308,17310,c73e0758fbb7273a2b5e696f7b974510d245e216aa3322aa84da819fa249c705,fe300ec572a9972e1098b48b3f7a86c1d55b39fd58eaf5f5069097df7912154f,exhaustive
2887,descended,2396,2396,4778,46448,2396,0,True,True,True,17322,18302,18302,17322,17322,da97245c5087b9d9778702b627bd269a591eee97dc726493747798865ae84f7c,1a6bee0a1b6d757fd388cc52a86655be64f8fbebcd389cd6e845ec05c4347dd6,exhaustive
2889,descended,2374,2374,4749,46480,2374,0,True,True,True,17334,18315,18315,17329,17334,fa4e46c52bd47d53c282e9a5d527743ba9efa7eb00182f37c8b44d5c9b9b9fab,62b3e04ad56ac60560dba9021b8946c6bb9474da4b7c834d4b5e76e2f70b0687,exhaustive
2891,descended,2339,2339,4690,46512,2339,0,True,True,True,17346,18328,18335,17345,17350,d0b37c3fd488841e42ef3c99b37b07134d528f13a5a501f68e61d3c46b194822,257a33b3bc757639df3cf7c226fb56bf709b7088dd0420cdc036f1aea602cc8c,exhaustive
2893,descended,2309,2309,4644,46544,2309,0,True,True,True,17358,18340,18340,17356,17361,1fbdef81637b3caf7dba0cb780b7c396994dbed580d7a828d61dc8ebd6991e4c,c858225be6053afa4cf64067ce793c4aad8e836198dea17f1b07d65c2b6bef9c,exhaustive
2895,descended,2499,2499,4945,46576,2499,0,True,True,True,17370,18353,18353,17369,17373,d5eeeb53b6b68a7d2de42af90b9f639687b853e6bab380437b92df3ce824f3a0,168f2e2c14297bb8acd0e5945bbd6c68ea6adfe9177531eb1224ab0ed2e1b29d,exhaustive
2897,descended,2439,2439,4851,46608,2439,0,True,True,True,17382,18366,18367,17380,17381,ecc80c88ec440699e196333da376e0a4956da94dd41460691c098390860ef1ac,a0f788a0dadd7aaa663a1190ffa67389bed82c8ac001d479444eecbcdba28d49,exhaustive
2899,descended,2371,2371,4743,46640,2371,0,True,True,True,17394,18378,18378,17393,17391,7c7f49b89eda15c430b36560cb657263a1aa634dee2a301d0cd4ad537cc6ad54,53cbb6b0744b00d1303716e328bd49285ef4f334051d133e4ad54e12c139f021,exhaustive
2901,descended,2351,2351,4714,46672,2351,0,True,True,True,17406,18391,18391,17403,17407,011161589ce5366eaa4a9eea1f42047b261389d29f50cd554fdc0ca2e650e44d,6d507824c09d59c422670bf7397301f7f273e865019b9b5892f59eb10b1b311b,exhaustive
2903,descended,2327,2327,4674,46704,2327,0,True,True,True,17418,18404,18404,17418,17418,d70ceda2cbceb6cdd6f4b63b087cef9549f7ee2eb65dc05fd6d7de3e5806daff,05a31b7f42a5e42df5fef4ebf0cb5032bcaf8c2a6c7e28d537279793a61ba666,exhaustive
2905,descended,2397,2397,4788,46736,2397,0,True,True,True,17430,18416,18416,17428,17432,c79facfb3b8c7d4a0c78e29710b135a30e6637cfe9a1457c17c7015ba4ad14d4,19309a7d375ada19c0f34a08e486f6e70b387bc7f45112fa59726d90f7e63af2,exhaustive
2907,descended,2380,2380,4761,46768,2380,0,True,True,True,17442,18429,18430,17440,17439,7c2dd7066c025a9018502254fcd80272dfaff2e8ef49749b900e0305b1050fac,877eeefc49d1fed45d050558709902ee3e3df5c7df0f3323a866f26bba434216,exhaustive
2909,descended,2495,2495,4943,46800,2495,0,True,True,True,17454,18442,18442,17453,17453,7a27539b6c63f24bcc35acd10f857da65aa34713e38137d9d3b41356baf2e1e6,d4da91e7e8e9330841c1699d153a9b5fa3dde6887b2f73b11d12097254b01e8a,exhaustive
2911,descended,2188,2188,4457,46832,2188,0,True,True,True,17466,18454,18455,17465,17465,2c4f3119305cb0b11b4def457e583d077822cf5d062e7b39d5bcee88bb13e8fa,b95a7ee44d0f595ccc365c841bc731cdd915af11bfdaff8c2bcaf418c2891a17,exhaustive
2913,descended,2763,2763,5370,46864,2763,0,True,True,True,17478,18467,18467,17476,17473,679ce375b0f11991c013a8166ba656409a0d1f073ad8c4102aff6b84150759f6,4fe39941aa728d7fbc160354db8f95d0332fcc82c9f066923e08dbb142753a71,exhaustive
2915,descended,2395,2395,4788,46896,2395,0,True,True,True,17490,18480,18480,17488,17485,6cebbbf8e3353fcf72ef3223ba52a71276bca78f41e56adb69798f1a22b4a846,4453b6495408c3e2087f943520276b89c4f4ca63aa2ee3c24873aaa8dddf7464,exhaustive
2917,descended,2366,2366,4741,46928,2366,0,True,True,True,17502,18492,18492,17501,17506,098dad5ab35dcb4ec8e9a720d0a983b54cda1b5ce3abed87c9a194faa7a7def2,6a3f8c56101e553860f07cec67546d813f5cb05932d1f23eb4284d2bae4ea215,exhaustive
2919,descended,2355,2355,4724,46960,2355,0,True,True,True,17514,18505,18505,17514,17511,4d38082b9356da097a6d9965abf648d66045d66e7f5d1369a0e0194b3ae284da,e13c45a95ef942dec73cad1dcf99afaa8d24a3ac490b6fcab7e5698457b72910,exhaustive
2921,descended,2325,2325,4679,46992,2325,0,True,True,True,17526,18518,18518,17524,17527,064fc9e47dce1b5a4b444c01b9e28f266174bb2ba97399c055f9989d869e79be,6f9e0a70fccec33e76e95ec25e285b96e343673faa88987a868431a6c7fe97e1,exhaustive
2923,descended,2875,2875,5550,47024,2875,0,True,True,True,17538,18530,18533,17537,17538,eebcb3e00435f914020d54301bf2baf07362d821f3767f8fe351fe5b4ae5c78d,ac9437ead528a2f599023d942c21b67edfbfc49e1452842c8a4b26e7a94ada8d,exhaustive
2925,descended,2525,2525,4996,47056,2525,0,True,True,True,17550,18543,18551,17549,17546,9a6b65709b8550a92fabac30373a434049ac8e430a99db5ec1b7f61e4b6df088,c8ddd5eb84fc5b71a086254a7fff487923cce7985cc2ccfd3c8a9dd3e8f15d45,exhaustive
2927,descended,2274,2274,4600,47088,2274,0,True,True,True,17562,18556,18558,17560,17564,e10e3513310939bc559a7e60fcb8dcaca7743df14710fa7274964f6be7c1b5b5,dd44f4b3851703ea87d2990bba0b3350f867a26722f3e3585456155dea0d3937,exhaustive
2929,descended,2351,2351,4721,47120,2351,0,True,True,True,17574,18569,18569,17574,17572,f5fc303db5a465da6566b3d470c03304898857a3a628a231e7276f24f4dbe9be,fbe33343d05e2c642e99098369008df1470ce82c07b4588e281b7a5a2c3489fb,exhaustive
2931,descended,2155,2155,4411,47152,2155,0,True,True,True,17586,18581,18581,17586,17586,2337c8a6abee373212080cf3ea53475a6e7ed73b97a32843fad12c20345b8702,68f4707a5a6237a0cf2251a88625ca9916b5006cfa1f0fb2a7f1b2ccb895ac1a,exhaustive
2933,descended,2262,2262,4584,47184,2262,0,True,True,True,17598,18594,18594,17595,17599,2f90e9f6b7aa9f8bd7fb4999b49a7dd81b97cab6da2cb10c624745ca7de73ed4,7d15770565309a32c3af47d45fb98476c8ef58c1b3f3d660de13b46e0841f98b,exhaustive
2935,descended,2223,2223,4521,47216,2223,0,True,True,True,17610,18607,18607,17609,17617,a496b3a304d3fc0bed5d5a1a480c72c48fda8a63b4fac1ef1614ae532fcfc456,1170ea546ce5153e669a976d7c868c45f0f70dc126691b1bc13edb0e3a0f0dcd,exhaustive
2937,descended,2625,2625,5158,47248,2625,0,True,True,True,17622,18619,18619,17622,17625,0a913114d1e89d42fc299f26247e8a07dd2916ac6cb85facdc78b4c23ad5f50d,3131cfbe46b2e7c05750ac11fcf0d2308f2fea74b7028926450f8107f845f8ec,exhaustive
2939,descended,2544,2544,5031,47280,2544,0,True,True,True,17634,18632,18633,17633,17635,8e277cf8bc64174186687c44407bc59b6dacf3b476a5f936b0af92cb0d60cab5,456204c9a5a47a7e88acb7daf26005713eba07c0d2153a779e3c6dd039aed49f,exhaustive
2941,descended,2518,2518,4990,47312,2518,0,True,True,True,17646,18645,18645,17646,17648,04823de462eedeec72b2949b495aa958836fa2a4b8a12555ea22af89df3f27d3,1fac8f095ba588c30698c9bbad648b0b5878fc4184be365686c98d99f795c6ac,exhaustive
2943,descended,2488,2488,4943,47344,2488,0,True,True,True,17658,18657,18657,17658,17657,88e3a35e9ad1dad7216dacb3b07d0443e4d2471ef627f563b755470f62cf3eff,70d273a28ae432d3cdbe96cfa156d465172bac69533f6e2fe6347c162c1c79c7,exhaustive
2945,descended,2412,2412,4825,47376,2412,0,True,True,True,17670,18670,18671,17668,17668,d10e51df033553aaf9db3135514708285031fd1d6aa6f8e864c1533805ad2a1a,a65dfe86a90368508404713c391ce45eb43badc0f43fdf3d8f5aa9648f6389a7,exhaustive
2947,descended,2373,2373,4763,47408,2373,0,True,True,True,17682,18683,18684,17681,17678,86476a05a3df7d0252360862a4600c7a237bbec47234af6ad1c8c0be36af7421,262619a736bb70b9d183bcba584b4bf1d794ed6a65ca5315a7c3c8c0f12946c1,exhaustive
2949,descended,2664,2664,5227,47440,2664,0,True,True,True,17694,18695,18695,17691,17693,43c8242dcb6b26c354fb1c9fe2938d615249b264bdace7cc12231ce61462c31c,a7bb0ffb3661f44787b6b8cc5e7475672d3d683869cd535a749a94d41141df09,exhaustive
2951,descended,2638,2638,5185,47472,2638,0,True,True,True,17706,18708,18708,17704,17709,1ab2859888df7030a80ac3a0db7f21dffd2c2a267ebf2108e99f9593f8ec93d2,1b457687191bd9df4cbbb64fb80f576907e9a6b94c0806991569b2f3cc15b4ee,exhaustive
2953,descended,2625,2625,5164,47504,2625,0,True,True,True,17718,18721,18721,17717,17720,b295d23e224969cb5a94fd5a8d14a206954071409d96ccb0c4ef189a086c8f73,6273527a6f1e0e39d8cf54e43b5e481a9fcb4b82fce42cd57d88c1646f3afa90,exhaustive
2955,descended,2549,2549,5044,47536,2549,0,True,True,True,17730,18733,18740,17729,17731,39dc18f91cd9092f23c795c3e66405aef35399ea240995ae83d45d73f20132c7,db398aa820d0cad236577509659eb47b35600f247ded467444996a9d3a126ba6,exhaustive
2957,descended,2504,2504,4975,47568,2504,0,True,True,True,17742,18746,18746,17740,17742,499256a9c05e9d37878f68d3973238b9ee415ca154c98c68fc3eae9b4ed22b2c,52499c87e693eefd4c218771ec5f15de2d87d6ef8052591703e015d5b063de52,exhaustive
2959,descended,2475,2475,4930,47600,2475,0,True,True,True,17754,18759,18759,17751,17757,21828c1219b229a1db3ee002d2b7e2879229672703e099a5c15aa4b4dd373420,5770c27a4010115cf26e60cf541094b20f55e04c5cb664e3a24356c41341be8c,exhaustive
2961,descended,2440,2440,4873,47632,2440,0,True,True,True,17766,18771,18773,17766,17768,b14f16e08850b0aa605bbb54e6defc0e837baebb96204f21f9a215175719c359,18b2e1eec7adeec0740520bc3bb7630c4c30b75d7b14ba616c8d4a47194732b7,exhaustive
2963,descended,2424,2424,4851,47664,2424,0,True,True,True,17778,18784,18786,17775,17777,72978c824d2a78f152fd340e7420a128f5b599c51c1f661102c0d2fcaf772df6,50ca204d88ce8911a371abec7eb94e80f980e1450e828777dc54eb8d31b6fe04,exhaustive
2965,descended,2383,2383,4784,47696,2383,0,True,True,True,17790,18797,18797,17790,17785,5aef5fa476122618898a6048866b1eeb63e329630eb8a021bcaac63b2e75d2b3,7b891e9e8a2ded66b7c87d6bc521b706b032700ce240b6b87ffa3d28240dd6d2,exhaustive
2967,descended,2720,2720,5319,47728,2720,0,True,True,True,17802,18809,18809,17802,17802,dcf7f8970610adf4713a497b087ae39c5af72e66948875a0511ac352545dc823,23ac30f58ac20561b7f35b2c919bf1e1017f8ead0c64ec1e60216c32e1ded07b,exhaustive
2969,descended,2692,2692,5277,47760,2692,0,True,True,True,17814,18822,18823,17812,17814,5e0e17d97e0f56cb2905cf8430296ee49ab3ccb41bd0ca4e8f4b0f87c9362b02,efc7bda29f4c9dde79ba0e36c354eaa1d0e75e003b83cd877d2a1d0c829e3ca2,exhaustive
2971,descended,2643,2643,5198,47792,2643,0,True,True,True,17826,18835,18836,17826,17829,716f8e4cfef45b05fb6c3f5e3bbedefb384242874bc0336e119ce9c4cf224b72,45d1ede5f6a3c64e318071dd93b321906152b2f3d6946fb3550134ef72d8ffe1,exhaustive
2973,descended,2627,2627,5175,47824,2627,0,True,True,True,17838,18847,18848,17836,17838,a94ceb2712d790c5dadfd51a9c1f2a5d8ae5a483747371f134d3b69888c2935d,2b82854484d407045237808c150586a8a3305686edadee078330a34b2f8dbfda,exhaustive
2975,descended,2586,2586,5109,47856,2586,0,True,True,True,17850,18860,18861,17850,17852,8117eaa1c19f59a396fe0f94cef5cf8e7fe89e8409a6e9aea5755eaf0049c855,85dab80ed4b1ebe5f46493b07f1647c89fd3d86a97c2a73e5f52d736bf0a2e26,exhaustive
2977,descended,2506,2506,4983,47888,2506,0,True,True,True,17862,18873,18873,17862,17864,d1346c9acf73a79a5ece227e03534c7266333fa3302ca191ed2077656ad31ef9,2d3eea863241c205a80befa16ae124cc2cd83154df0b0f90ffb2f194b892f68e,exhaustive
2979,descended,2688,2688,5272,47920,2688,0,True,True,True,17874,18885,18890,17874,17873,9405509247a4ce2068a6804f56a7f542bf4093431b88985c817fc7b7297d97e1,8cbce1fd2f1b42ae260a6bd0bb0f138badb112afa308fbe2684561a37370d04c,exhaustive
2981,descended,2659,2659,5227,47952,2659,0,True,True,True,17886,18898,18898,17886,17888,de750d3f61cc943e0495b67da8660791f27984368541cbb375bc48f8e87f9a0a,3574c1868a7e5b4cb09519d8fca3e2e67d25290187719194f7e699f252710896,exhaustive
2983,descended,2631,2631,5185,47984,2631,0,True,True,True,17898,18911,18911,17896,17896,c8f6d3cddb544515e964a3de052251e77a36640e7f6a9c7946b1d29be15b2a17,56f90202fe4ddf40917dab1e90b24d3341ff169be6cee275161efaeaa9ae9216,exhaustive
2985,descended,2576,2576,5097,48016,2576,0,True,True,True,17910,18924,18924,17909,17910,c3e0f1fd1555ce19c252481ae29e14d78e957156dc8c5ddfdb8726ab705b90ae,ba9b475b4863345d0ecb66a884875a81180ea6735e7154daa506695464ba69c7,exhaustive
2987,descended,2529,2529,5025,48048,2529,0,True,True,True,17922,18936,18939,17920,17926,73eee9f398c829ae233500dfb46e724d4c1d97c57c24069026ba9f0e88c69d9a,9146273295f70a272a631e2e18d1591a5abe97c6dc30033af8708540ad9420e6,exhaustive
2989,descended,2497,2497,4975,48080,2497,0,True,True,True,17934,18949,18949,17932,17932,c6f53eb1741c1552b81898f6d6dec438b41219444358e9695a3a43b9d6152c5a,f92deb8a4a5c4e6f7bfb2747ccd1fddec5bfc21d7866ae107ac257bf504f6442,exhaustive
2991,descended,2463,2463,4920,48112,2463,0,True,True,True,17946,18962,18963,17945,17947,cab0e54ba587b002be7f82d6c1de425c220f339c1ad15335f9a3e741bd8c1cc4,c52464d60ab5519e38d07a670afd57592b66ba7357b41f6feb28f2c2d503fb6d,exhaustive
2993,descended,2438,2438,4881,48144,2438,0,True,True,True,17958,18974,18976,17957,17960,11e96b40d2661c67610269e3ee9334e7b27ea6a73b414b0d332104220637f7b0,677f59223b29283a6889d5fe03e93634b33ff95b5cc51de3150f07b425c2be06,exhaustive
2995,descended,2409,2409,4839,48176,2409,0,True,True,True,17970,18987,18987,17966,17972,0ce504fd4e9e5becebc4f3eef6e107742c81cbf048c9311096f290764423b18c,eb7b01f40a5315802d2f400337c1720282faa182797475bcd11f15bcf9b1cbec,exhaustive
2997,descended,2389,2389,4805,48208,2389,0,True,True,True,17982,19000,19000,17981,17974,e7ea00a64245a08500d25e0b3f3c3bf4af52baf2141a197b6822dbeb83259cfa,304c66415be04079009d849adbccc096dab2c415774798055eebb590089dd1d2,exhaustive
2999,descended,2363,2363,4764,48240,2363,0,True,True,True,17994,19012,19014,17994,17992,41d15ee2c084196513ac88140dd86a6b5a46d18af50aaab99b939119a5edea59,5a990449b831a71804aeb9106f50ca25c166625a39862d2e31999f598e1e003f,exhaustive
3001,descended,2228,2228,4551,48272,2228,0,True,True,True,18006,19025,19026,18005,18007,31f21f6c109531e9fccbd9544f2a6fac8fcab7ce389b05f402050c8099a0a81a,9e652bba88ca401713853d49ba7ec8df64f9a9328234ef80ff9092332dec4586,exhaustive
3003,descended,2802,2802,5465,48304,2802,0,True,True,True,18018,19038,19039,18014,18018,fac8b133eb049311a14ab70cce62a1e794f177db732a2e798bf8faa65ef43c80,3e18ecda133efc88329c5c9e37596fdb6919f444f4b5abfb3a03e0ba9b567a9d,exhaustive
3005,descended,2590,2590,5126,48336,2590,0,True,True,True,18030,19050,19050,18029,18027,d4d17e22b0e645eef199a89074237f7dfce30493552cee5f689ad418226d819b,fd7c7d036ea53556832b1c067d1c5f660d114e7895eafad8fd59be689b2f5a7c,exhaustive
3007,descended,2752,2752,5384,48368,2752,0,True,True,True,18042,19063,19063,18041,18040,5e754a6076f575519fe4a09632ef02c292411aa12ecd3ef47e127c7c73954dce,ead9c93e4a441fc7285e50770ab44f7f63e6ef7b5904b54ecb318adb45dbddab,exhaustive
3009,descended,2704,2704,5308,48400,2704,0,True,True,True,18054,19076,19076,18053,18056,8f23589b6416165ead638def67118a001def14d1159d81bf0ad6d5c1fe89a597,b505c840d340a588033ed75cc53b23912e6fcfe32b6b966dd47b5c39f51ec16b,exhaustive
3011,descended,2632,2632,5197,48432,2632,0,True,True,True,18066,19088,19089,18063,18067,e6d8a08f17b8521c358bd94ec1497da445f261549fa756bfa77f62bacff526d1,ccb3e7f7d7eafd10703298229b34ba9af926ff5a16f2495a794b87988f033634,exhaustive
3013,descended,2599,2599,5143,48464,2599,0,True,True,True,18078,19101,19101,18077,18080,1cfb1c4bbfdb81644db00ab6e805ddb77d9d294eaa1d0a516183fc8dc60f1be3,34549a38edc976f86391afedcf770d31a7caa6ff158331df81ad2adacbe6f76d,exhaustive
3015,descended,2528,2528,5031,48496,2528,0,True,True,True,18090,19114,19114,18090,18090,352fb72a2d2a78b9ea35d4f3016651c4592aca2e84d2decd5bfed75a230ce66f,0364e40388246e9bbd6abf65c6e3f7d6bbb9bec1269a88eeca0af58c8239e6a8,exhaustive
3017,descended,2496,2496,4982,48528,2496,0,True,True,True,18102,19126,19126,18100,18103,c27021ed47ddc8b68aea368d76fbbd14ab16a849686f58bbecfdf138d7036a0e,12318bf07b69c9d8bb563e5bc124e68b79ebbe1dba9429101dabb4cb9937f320,exhaustive
3019,descended,2375,2375,4790,48560,2375,0,True,True,True,18114,19139,19142,18113,18114,a9c15b577b2db2263021023f249b3d97d679dc25e7531f15e86da463a3b0c4b4,4665082be7d66c56132b83cb1a125f9624bf3d3ad43cf5a337ed1a8ce927a062,exhaustive
3021,descended,2362,2362,4773,48592,2362,0,True,True,True,18126,19152,19152,18122,18127,8c71f8097167db3b54a741a26dc6a653840da93f600d0d464dd932581e8b121e,37d7bd1f4e1cf45f6b5a3b96a53158b42b9d56c1eef069067dd2946dbdb6b81f,exhaustive
3023,descended,2409,2409,4846,48624,2409,0,True,True,True,18138,19164,19165,18137,18134,0c41f02120441619e97d440eca2fffdddfa7d17c2b5aa833fb06446ebd993821,ab9dc0668715b273e33acadd2f5690ce8e2846f1fba406a9e02920cc41478c7d,exhaustive
3025,descended,2374,2374,4790,48656,2374,0,True,True,True,18150,19177,19177,18150,18152,6ab46985d422fd5f6f379d4c2c545ec7437c8e7f4e280a5965981ecb5c508a57,eec1bcd9d577a55bc22571d92828131fc11df5fbaa30dde9456e8eae52876e98,exhaustive
3027,descended,2329,2329,4722,48688,2329,0,True,True,True,18162,19190,19190,18159,18159,db8442da3c2bc229a4319348edf3938149920409eee5e28b65ecde2a39b26ea7,7dd70c8ac608d48d5658af22753427ab9a66d69a2aa8b56605b825b729e74194,exhaustive
3029,descended,2272,2272,4630,48720,2272,0,True,True,True,18174,19202,19202,18174,18176,c052b60ca5e16fa3dd5fd65d736d878872243609ca071bb3c38d8c4c4ffbce8b,bbdc95d8c85a2749e8b122720e1018380452c1a23b8468f453ef2412af58451c,exhaustive
3031,descended,2245,2245,4588,48752,2245,0,True,True,True,18186,19215,19215,18185,18186,d85b9f09648031a4b114d13e893a90fba98b36d6359063b863df21806a7c1945,10586132b6dcd1a4ed3ed5312c05dc7e3252708143255c9b6b8dd9035cb70614,exhaustive
3033,descended,2221,2221,4551,48784,2221,0,True,True,True,18198,19228,19228,18197,18198,56162633597d5bec3ef9bea042f807f0df9559ca71308fe81ff6a360f38ce1be,c1cafd5ff3ae81c4274d83feed0f4e0288ec3ff887e02837c288515add161f46,exhaustive
3035,descended,2202,2202,4521,48816,2202,0,True,True,True,18210,19241,19243,18210,18206,d91cfb04ff8d6ed61ec9d9c8eb332a9a4307aa99a95898300ea3b630e6c40043,337e00bd040909a85ee77adf92426004db7bc248d7088847f21127ec0330f2c8,exhaustive
3037,descended,2148,2148,4437,48848,2148,0,True,True,True,18222,19253,19253,18221,18222,9e1abfec8f0abd27eeccbf37bd9673a423134a100a08cb85e264b2418a41011e,890b3cc7ecddc6d78d179c73d2ff9351633dd31205eb255727091d973cf3a86f,exhaustive
3039,descended,2123,2123,4399,48880,2123,0,True,True,True,18234,19266,19266,18232,18236,51f4f8768f2230ebd314f3bbdf77d85974da2f6b0643fb56ff91b992621d892e,9407dc028e14d07806f49b5bcddd07b0e7d68fef5d362e5be67c3bea763deb99,exhaustive
3041,descended,2095,2095,4356,48912,2095,0,True,True,True,18246,19279,19279,18243,18243,5edbcf0e30ed4cad829063db390e9e1922e17070d3dfa080e79ef85895298b12,f2f3d2ca88a4335d1239e3fac748b897534c9fdb2b8ecd0e1af0606d14a5c5ee,exhaustive
3043,descended,2249,2249,4598,48944,2249,0,True,True,True,18258,19291,19291,18258,18257,883182d927b5b0a5035b1f91de36d33d8e578811b987e7a8fc960ec7d1e678cd,697b3b06fade0014a1b20c7a1d7aceae1b8e6b1e7bcb18aafe3b6d576f69e4b5,exhaustive
3045,descended,2210,2210,4539,48976,2210,0,True,True,True,18270,19304,19306,18268,18267,50d591905b035ebebb9e4763dc0f32248d4b61c554291d085ff29a9d3826918d,2b06017f9a7c2fa3c8a6fe24cf94c2e02fde8c9188b2f46fe6706787dd59a8b7,exhaustive
3047,descended,2185,2185,4503,49008,2185,0,True,True,True,18282,19317,19317,18277,18286,aa4adb3cd9b896332f6c19c566d05e40d78aa34c98d4036e7297c4c9b43d3e34,a10cbf83274e46e9c0c6cc8e6e2d4794aa2f32db8e221d5aeba1d13e6ed80379,exhaustive
3049,descended,2557,2557,5089,49040,2557,0,True,True,True,18294,19329,19329,18293,18292,f021264bfc7e1cded091bfe0eaafc3bd27d49d9bafbe7d04ee5687d300a3b41f,28c7efdcd5162412f61f6f259e4027dbd60e3d214e2e6755712bf1e12de0e05e,exhaustive
3051,descended,2522,2522,5036,49072,2522,0,True,True,True,18306,19342,19344,18303,18308,67023d00e095c6261049c335edc2fe30016bba35a3c75533bfe260ccc21958e4,5e59aa386a3f66102aad2889ac67fe129f6d467e629db0215ffd19358e197584,exhaustive
3053,descended,2478,2478,4967,49104,2478,0,True,True,True,18318,19355,19355,18315,18314,46832ab0d3260f6ac5663de04875adb8a6b304d9a5351a178a1b330f7eba9ab1,2724a124e52b8a3a09087cc94953025b825af0979fdf1249084973a33793943e,exhaustive
3055,descended,2446,2446,4916,49136,2446,0,True,True,True,18330,19367,19368,18328,18329,89f34c244a515ed71513afd4310759e0ef0f1fc9849d41bae7bf827368e3ddde,40fff167bcfcdefc893e9ff1e9b41f0ee07a582ee4b20538183a084e693f6f2c,exhaustive
3057,descended,2649,2649,5237,49168,2649,0,True,True,True,18342,19380,19382,18342,18341,d40d9a5cfe7cfb52f45bd26bb2d062665ce193e64c296c8a71655877b3724ca5,949b312150791d227409033c9b4a0336ebd0aa2823feab99647768be48d4fe61,exhaustive
3059,descended,2609,2609,5174,49200,2609,0,True,True,True,18354,19393,19393,18354,18354,5f5ca8722e12dcd4c30434fed1fb2da3f359b71a8cbf3339858c47e00a31f310,2c4396d1899e7d63d7c84221e7bd0fd9bb3bdbeff77a902bbac3e054e8a97b65,exhaustive
3061,descended,2289,2289,4668,49232,2289,0,True,True,True,18366,19405,19405,18365,18371,7c8f419364f2245582dbd505545f4664035fd99514ac66adbbac4026592fb717,835380284090bff5fa02f8ae30a98b7f0c97ad5b8894d632f1b2bcfd5a016bd5,exhaustive
3063,descended,2273,2273,4646,49264,2273,0,True,True,True,18378,19418,19420,18375,18381,0afa84be28461dd43c021377595304b89ad074efda4e0a9238ca4dceb8974caa,59048f81cb1dd3c3906a3630686f2438cef83f229b1eb4c4a77cc87243d5fdc1,exhaustive
3065,descended,2779,2779,5446,49296,2779,0,True,True,True,18390,19431,19431,18389,18397,67efa373a691ab92fed0b1982f11b434ea82f0f36cf4371efb55e396ed20829f,21f75bf2ccaf5532259032fba1f986e675ef4ab0906be0b12ed6fc399d90dfff,exhaustive
3067,descended,2479,2479,4971,49328,2479,0,True,True,True,18402,19443,19444,18402,18404,9578de32f39a1bcea1c65bf9a921a698745a2294d2a44a2f9bceb2cb36f2a6ef,7b105e730b6143311611dc1002cd393b31a4537f5fa4ce0cf644fef44e17ff96,exhaustive
3069,descended,2680,2680,5290,49360,2680,0,True,True,True,18414,19456,19460,18414,18413,eec729c04a08a748f9f081910ecb24e0f3f12606b942a65724774d5a1c32bec3,429730b980309d62369636569e13511ba181f1d94d26aa27a2e90941e7c0b097,exhaustive
3071,descended,2654,2654,5250,49392,2654,0,True,True,True,18426,19469,19469,18425,18428,0503827848147035d9bd714dff8c70082ade8e4b0991bde5bedb2fd924046d78,29872f51a21e7e641a8f80a8ad91f2840cf67d634aba4c347af31c07123b6996,exhaustive
3073,descended,2720,2720,5356,49424,2720,0,True,True,True,18438,19481,19481,18437,18433,c8370935b12da9692428f78b1f6a0dc16a6d18a07948722416c093ed569ccdd8,9ee527c1f7d714cdb29f61e91336b8ee2c81b74e5a5537bb42aaaab1a203fe60,exhaustive
3075,descended,2309,2309,4704,49456,2309,0,True,True,True,18450,19494,19495,18450,18449,4a55aaa0858348eec66330da7a6c8430e38e1444c277ebe4be0578ee429f8cf7,b3349e08a5adfa7d300c9148c91fc7e3d27ede105dd139d0667a81595226f482,exhaustive
3077,descended,2678,2678,5290,49488,2678,0,True,True,True,18462,19507,19507,18461,18465,61486cb7704fa29c8b75cfa30fc07322ef65d5cf6f7bf75685d2cb269c69a9bc,7747170e8a434283bc56e11334d6b8efe941a032bfa7a944e8ccb8980ebfaef2,exhaustive
3079,descended,2451,2451,4934,49520,2451,0,True,True,True,18474,19519,19519,18470,18475,b38af9041f47e7021a0401289bf3faf3adc927f78d5d0e57c4352fe4e6d71082,137761dc4cb1ec1001c2e7f0ff013683aa2e48ea81a85197b625bd85be67091a,exhaustive
3081,descended,2737,2737,5385,49552,2737,0,True,True,True,18486,19532,19532,18485,18489,6614ff580a0a0e1a330b4c722e3d00095603f0d9ae836d8219f328286b565dd1,526fd3cf3882a39c5635ce278a86c83c56f7e88cb83c79f3e18bb184d2b46b31,exhaustive
3083,descended,2389,2389,4834,49584,2389,0,True,True,True,18498,19545,19547,18497,18501,866ab1d9b784cec4f3b01899d6a80299144aaf84ede7368fa9754ca0c85cefde,b462478e9c0642a04fe79dbd141dcb6552fa3e5631019500161d04e0314fe8a5,exhaustive
3085,descended,2539,2539,5074,49616,2539,0,True,True,True,18510,19558,19558,18508,18510,97c1738045e6f350795a58c128734bf7838a8d579f8e292e83459c0a0773b9f5,d2e2f18dc1224cb9b78ea0bc651dfab708a649b128af8360938eda239a0f0470,exhaustive
3087,descended,2682,2682,5300,49648,2682,0,True,True,True,18522,19570,19570,18521,18520,ec19f6e60c43b278820548021ec43875251fc2ef9d1758a859305d2e0ae953e2,b0ed618b58004df56615076d2c31023a3cf1d7eb4890c0ae8e4034ff96245970,exhaustive
3089,descended,2630,2630,5218,49680,2630,0,True,True,True,18534,19583,19584,18533,18536,b13543316bcda2fadb8da7671d3889754527dd8da262748dd25bf06141859927,d31dd2b9778df5f79cb78d26c02b87a836b8f0067c1e5ecde33137373ce4f91e,exhaustive
3091,descended,2577,2577,5136,49712,2577,0,True,True,True,18546,19596,19596,18544,18549,81c012e7b3db0837f0d1fb16b2a271c41d882247eb50a67fa8a95408129c0c8d,8a0eda29a88895f514e1d22441d15a6de3929a342ebeffa11b28adefa3fc6122,exhaustive
3093,descended,2518,2518,5042,49744,2518,0,True,True,True,18558,19608,19608,18557,18560,a64ce663eb20599c83005e8f97ac1a80af7db83c3031c8eaa11c087d387874d0,91e85e57841cf4fdae0c7ee210b6e04632b55df2031ba5f114c59542f233070b,exhaustive
3095,descended,2668,2668,5280,49776,2668,0,True,True,True,18570,19621,19627,18570,18570,354034e4bef1086b63a6a79899cebab34a0e9d0c6b3bb8c041efa394bf9ed39a,7cd64e7654052f8c3a452dbc7723dc1eb8ee555993dd3b7075ae2ba87d227461,exhaustive
3097,descended,2463,2463,4957,49808,2463,0,True,True,True,18582,19634,19634,18580,18580,ef57bb556fd4a9d5e1c8a0e0d641d3a46500e4f6c13dd40f150fd10eaefc9833,859292cccf1f7e1eaababf9b4607f1233ca7f3809af14410410405b0cceca057,exhaustive
3099,descended,2501,2501,5018,49840,2501,0,True,True,True,18594,19646,19647,18592,18587,c801083fb1a90423cc6a3e30bf8c4c20ac266456714a96b17a06c51f8a9de0f6,a9a707d5f72efce9a9153c83e206974bf35db6d0bfdae51dca1c96523c9bc3f9,exhaustive
3101,descended,2465,2465,4961,49872,2465,0,True,True,True,18606,19659,19659,18605,18609,6eabbde91fd0fd046e67551902a4723183d1db0eec02aac69828668dfa9e4070,84abb7ebe67aa33fb1fe6f0c367b70a9e6f00280df37b1307e924a4f7db3397b,exhaustive
3103,descended,2451,2451,4939,49904,2451,0,True,True,True,18618,19672,19672,18617,18619,cf935c4bda75912dd387875f4712baf6114c777b11f64d48ed88f0170c7d078b,40893c2c7febd93b3aa389706c2b114b3752738c147b8d257aa9fd2a7ace802f,exhaustive
3105,descended,2679,2679,5302,49936,2679,0,True,True,True,18630,19684,19684,18628,18629,286f2f81ef84f52768dda3e617cd99d72e6fd1650e094abd7a38ead58be7ce11,d6304e4495c93c421653919f0d96cc7354fe42d2b4c344da0fdc07afbd0cd413,exhaustive
3107,descended,2613,2613,5198,49968,2613,0,True,True,True,18642,19697,19697,18641,18634,e1710fc6a9cac35f6d1d320af6577467df00adf350dd964200976608a3c4d126,ea07bc85f954ce897027284af21934039621f3ff6fb49e70cbc3b345b53a0257,exhaustive
3109,descended,2470,2470,4971,50000,2470,0,True,True,True,18654,19710,19710,18654,18653,827be21aff48d86a28f1d74bb12bdabc24563fa727a64d1fc43deb681271d019,cfab038786fa91f65b09ee20b0a14728bb99dcb2543f8466e5e849672e0b3c12,exhaustive
3111,descended,2427,2427,4905,50032,2427,0,True,True,True,18666,19722,19722,18664,18665,70f369213f3a466646bd9c64853308004b59e68cb8c2411b66001e91da6eaada,d4fc2755bd40e576dc44ecfbcb402b03e8ec74edbcc1ea0cd47146612ca00b4e,exhaustive
3113,descended,2511,2511,5038,50064,2511,0,True,True,True,18678,19735,19735,18677,18680,6ddd67e6d8bbca49aa76bfd76b1e34550956bfa9c4665cbda3a2c947fead0c46,2b09d5ef658bf4ef7e930a3e9d4c4b43292cec6e87b6750c0944890df3122dee,exhaustive
3115,descended,2455,2455,4950,50096,2455,0,True,True,True,18690,19748,19751,18689,18690,256b95f25fa01a760cecc92550f3fbab079d2c0c35fc412c7f041937c119008e,3d66e565e3abbe65f4fd49abb069d01c60038079775a27a99484382585ed5f37,exhaustive
3117,descended,2418,2418,4891,50128,2418,0,True,True,True,18702,19760,19760,18702,18704,4da69f6034ba9803be028124d0b91e8f3887066aef8d0a20aa3050a10d36e72e,0c23aee2bfacfef6e9d78905bcfe4ffc809815653f303943adde9b8469cdc0fd,exhaustive
3119,descended,2394,2394,4859,50160,2394,0,True,True,True,18714,19773,19774,18708,18715,529e73a52493d102ed770a195b455545910bcad897ae02ed294b6996c28efda2,d2323c9dfbdc65dbd762022fc54ec79c3bf606200867fa8f0130eaeb910f7be6,exhaustive
3121,descended,2363,2363,4807,50192,2363,0,True,True,True,18726,19786,19786,18724,18725,4121546130277190bd7b7ea8f205be8ccc064c804672ed86812581d0ceae3b79,6e9b3e6d778f4a5997ac282156d3352f0dba08fbd068218bcb1913a79a67113e,exhaustive
3123,descended,2655,2655,5272,50224,2655,0,True,True,True,18738,19798,19799,18735,18731,e68fc5ab084bd09eebaf040e11995d088b89a6acc266b24acde991bb00be3ca1,57d489dd92890ba7ab6c48cb2c0f5a0498f4b4bd72aad3e549f3e334bb339c61,exhaustive
3125,descended,2597,2597,5178,50256,2597,0,True,True,True,18750,19811,19811,18749,18750,2463d31b9d94a8673ad77f1eb0c2a9950335f29e8c557ed5348189f96844ec61,a8449d1727c6050da242ef1fbbf273d5c61fb4ba38a65ca9a241fb917642e2ac,exhaustive
3127,descended,2505,2505,5034,50288,2505,0,True,True,True,18762,19824,19828,18760,18761,f0bf7507bacd72a98d195f57197571ead0d76cf34ed6f2374f72c748e5ae8f74,569d293f4a2a07d7efaa99277b1f82e1dc543b58fdd9169ff971d443468cb051,exhaustive
3129,descended,2487,2487,5007,50320,2487,0,True,True,True,18774,19836,19836,18771,18773,372e9e94d57c3b7517bbd6b7eebeeb2a08cb87aed05892c8ae6db4f7264666f6,eed0796d9f060eddc0ded05854d2765dc18baa2a406933305b2ec1b044ad6b9a,exhaustive
3131,descended,2466,2466,4972,50352,2466,0,True,True,True,18786,19849,19850,18786,18782,89f93e5ea1549ab4455dd94cc0008a15b2ffef19ebbfd642c4f4b1dbac4ad160,d98d93d0436a074f841deb41099983505ab3ab21efe9274c2a82ca2b19e35189,exhaustive
3133,descended,3057,3057,5911,50384,3057,0,True,True,True,18798,19862,19862,18796,18797,f281bc8f67e94373c0a69918349904e8deec03658ba91de25868efc72c912469,8c49a9384cd30377d199ea9405d173319d7a3914d1d708f3880a4d9a5fee9966,exhaustive
3135,descended,3000,3000,5821,50416,3000,0,True,True,True,18810,19875,19875,18808,18814,a0daeb0c52a8e986c2d04045ef89cefd15dce9e4fe021519b1ea828931dff055,d23de88e4463e9b623bda7f46c5641fb1a367888dac3d95e219919afb6ff95c8,exhaustive
3137,descended,2976,2976,5785,50448,2976,0,True,True,True,18822,19887,19888,18819,18827,8e9814290bf862df255edfa4e13545ba4b63fa99a3dbf739cdf70bc1bc093871,651a37063f6a2b2952507364d0bc761d2d736c1c08fb5ab78d27f4b1b8ff21f6,exhaustive
3139,descended,2958,2958,5755,50480,2958,0,True,True,True,18834,19900,19901,18833,18836,4d739acec1f4fcf434272fef11ad12a7fcad71743c234e322fc0d7c1094be5a9,63462294ff2432e2ec637c989d4739790229bb343a676e5149c495f66018ab9b,exhaustive
3141,descended,2934,2934,5717,50512,2934,0,True,True,True,18846,19913,19913,18846,18844,5ad944f5ea7e6e1a6d23407c656945688115745f12c1fca0da18a494dcfe1304,362df845406a381f9955820cf9b21323e5dda055523cf418444b23b88c7d9c04,exhaustive
3143,descended,2901,2901,5666,50544,2901,0,True,True,True,18858,19925,19925,18857,18857,4d7f29dfb9ffbbf1e05c9833a7fc6823df469a93d0fe19edba2a166a718a78a1,ab580e2c277d211f58691e0245f2a15b1e383c57242fbeb18791c30f5531ab94,exhaustive
3145,descended,2665,2665,5295,50576,2665,0,True,True,True,18870,19938,19938,18867,18868,3f79bd1758b87021d187464eefddad69be485d0ce16193045d19a65270bff275,a4b632987e12d758c68720efeef84180b44e48e51ed0afe1d4a58a9592fc6c1f,exhaustive
3147,descended,2819,2819,5539,50608,2819,0,True,True,True,18882,19951,19952,18880,18878,d9f241d24d4ab7415d0ab861ea561c494f4b5e0e9fdc4e6ed7938e57577955e3,e73ad25c12644fc42bac46f97a6c8fe45e3f9eb22138619ba42bf6781bad43d4,exhaustive
3149,descended,2551,2551,5116,50640,2551,0,True,True,True,18894,19963,19963,18891,18893,cafbcac29845d435dcf57b970b2380adb4caf8c937358466236cf196fe812b71,eaa95a7ddb51abda4baedc9924316644bda79b8d3fe91e9d75e201dd6979393a,exhaustive
3151,descended,2508,2508,5047,50672,2508,0,True,True,True,18906,19976,19976,18904,18907,e3a97ffb8e0276aa485c1c442005c4d84e266b296eea77b7c525faf56beecc44,bb5e223c2ef919b0d82ccecd10f040bc13fff25904194d994ea0155fff58b421,exhaustive
3153,descended,2488,2488,5016,50704,2488,0,True,True,True,18918,19989,19989,18916,18919,139a0713e69d91b3bb619c565b67b4e5d4b50f9c3c24a3a3cd7cade12fcce783,8bb8178f93e472eada4736c75e062a35a824975579472b496e20cd1c46754b54,exhaustive
3155,descended,2454,2454,4963,50736,2454,0,True,True,True,18930,20001,20001,18928,18934,afd32e57b7dc9078fb71a66be54dc8d3c8be693afac1facf4d83459f12a75737,caf7821fc35472e2402052608efd8135392da764cdfb74c43ac92ae991b64a62,exhaustive
3157,descended,2676,2676,5316,50768,2676,0,True,True,True,18942,20014,20014,18939,18941,058bc202f3f0c37eccdbdcb54c412746431ec94222c3425e2770698abebc4896,10d7d1cdf3fb6233fd5a4683d9d217a47d0b77fbab50de631f4647853e09f231,exhaustive
3159,descended,2627,2627,5239,50800,2627,0,True,True,True,18954,20027,20027,18951,18954,d946f33a1bf894fec268ba382b75f888ea6d5c411deada876dbb3bb12e87010d,201b708c0baed520821167c654471445b3c3161151a69ce667c9b7aaef66e07d,exhaustive
3161,descended,2600,2600,5196,50832,2600,0,True,True,True,18966,20039,20041,18964,18967,3590e3f841062419da5b7214a7382f0017ad44b4e135c721cfa32a317aa68bd6,34c1aa52e8ddb3dcb93748106c282dc5a155373c665bab8801c53a426e0d3295,exhaustive
3163,descended,2552,2552,5119,50864,2552,0,True,True,True,18978,20052,20053,18978,18976,96ca50ce1c5e052dd29ff41ddd77ebabc12b733f7db17dcd529b93163a976674,e293dea24d3f2cdb002feacdf76fc9767f43b371901431e10b6294737306e2b4,exhaustive
3165,descended,2539,2539,5100,50896,2539,0,True,True,True,18990,20065,20065,18989,18991,00ff22518ead788c569d0916603be4e18549e645f629c25540880b2b55457eaa,a1959d3ee373c57c5b906a2a49432e28ad5e63dd2423d68bf9c8c4e5e0468edc,exhaustive
3167,descended,2514,2514,5061,50928,2514,0,True,True,True,19002,20077,20077,19001,19002,63e9589269e140e4010b7c6c29851923c2bc71bc3d5af506bc2964c45c019594,3c21cf8021a7ac807e711690ab64b569a33189c4fa2c8ea3d98bd084fa3936e1,exhaustive
3169,descended,2494,2494,5030,50960,2494,0,True,True,True,19014,20090,20090,19013,19015,ad9f70ac12e9e9761d05ccbc402418243bc2edecd5398450832880e98ca4cf1e,509d612ca1a76587ef39705265b701f63748bc15942b713d631418215585506e,exhaustive
3171,descended,2464,2464,4983,50992,2464,0,True,True,True,19026,20103,20103,19025,19028,db1e5707adfa9296ac5bbab8c8c241dce2cb362856d4c88e4a4f14bbb2a246eb,521ec9e684f815157d578f419a2a09dde61ef2894e1999980c4b31dc302fb3f3,exhaustive
3173,descended,2426,2426,4924,51024,2426,0,True,True,True,19038,20115,20115,19037,19041,d60d8161b885e27c35a5e6371bd3fe8ed1193864b1b04465ef980030fb48254e,6c3cd0ced284c71211972ee56f7a607ad6cf83ee12fd129aefdcb17da20f4f44,exhaustive
3175,descended,2357,2357,4815,51056,2357,0,True,True,True,19050,20128,20128,19049,19047,3d207a5651bdb4468de813adad53f018d6cc5969c9a7dd6c97debdfda5afca7b,c789742cadce20dc8a5ddcbd7e148b9e0bec3eca8a3892cdc42dbe7eb5ea6f02,exhaustive
3177,descended,2586,2586,5179,51088,2586,0,True,True,True,19062,20141,20141,19061,19067,3023e771023da90614f54bfc5f268aa52c054110779fc378c96ff4cd3372f9a3,a5676213258d86c04d6f0900d0ea6942b62ef8bc701fc22b680b96bbe95617b9,exhaustive
3179,descended,2568,2568,5150,51120,2568,0,True,True,True,19074,20153,20155,19074,19074,81f966812ae4166e97ed36d988d0c269a2d6d21654f9ed6821d0c2f556ce7686,43ef4d2eed3dd11e0184b22379ec43ebcd221708892f439004981403da37c9df,exhaustive
3181,descended,2550,2550,5125,51152,2550,0,True,True,True,19086,20166,20166,19083,19084,53adabde9269654f2f87987562ac5f5bdfddac2c816fbad4b8699a118de34a06,be6e64a7b90aa4eb493a246a10671c1bf4f158806c930fce41ab90004d77149a,exhaustive
3183,descended,2535,2535,5102,51184,2535,0,True,True,True,19098,20179,20184,19095,19098,21b09e3abb236e9e7e641382ff33cac0020338d146153971c6a469cbe63b50ea,c207206d900d3c85c0342016a50c02e105981285760c358dcd8a371add845b47,exhaustive
3185,descended,2510,2510,5063,51216,2510,0,True,True,True,19110,20192,20192,19107,19110,2e0c12a733e2ba5440f3608308712f264808d65e5a39a0e2591f989511383909,af935dc968640a70e46e3f862e241e2fbc3df513175096f8236aa1718fa21fd1,exhaustive
3187,descended,2490,2490,5031,51248,2490,0,True,True,True,19122,20204,20204,19120,19122,fae3c12081319b15ef8a139bcc17ea3ce2c69e2533dd31dbf5da66d8473987b9,5677279c1a573366d38aa269532e012edc1a5d9ff1aae859dca4e9704ec2e289,exhaustive
3189,descended,2462,2462,4990,51280,2462,0,True,True,True,19134,20217,20217,19129,19133,610730f087684d8889654d46a2b5164fdef3bd3237b3806a10d9ace6b6460439,e29758a88c6f30f41fef229d67935707eb6677e06b7f794f65d1e921c0514f13,exhaustive
3191,descended,2437,2437,4947,51312,2437,0,True,True,True,19146,20230,20230,19145,19150,f5d487eeed2094af698b970d5e523a43b5a668b2d1477f352bfc2fa9896d3ec2,8ba19a3c04b68a30362781fa09917c4fb454ac291178f1a7fa42b114581953d2,exhaustive
3193,descended,2392,2392,4876,51344,2392,0,True,True,True,19158,20242,20242,19157,19159,6ddca7e2671934ce89c05002e343d9ed14a959c87bd8e3e599a83f6a289eefc3,a3db4baf2c45b3ad4f175a42669b4d11e53a362ee28c7ff6b39383bd1e9e4f20,exhaustive
3195,descended,2738,2738,5425,51376,2738,0,True,True,True,19170,20255,20256,19170,19170,157df2f699e3a3547eec05db919d41383a62297d5b82c77959cdf9bbea09a2ba,40419f3ae63ebd03c3761a0c43f18830056709d6acf3f5aabda92f5276108c1f,exhaustive
3197,descended,2664,2664,5309,51408,2664,0,True,True,True,19182,20268,20268,19181,19183,eadbd629a0de1119afcb57c49c1709d73d356e92b620205621c632e0d72f012e,85a09fdb18e56b2cef72eb662ae6ea5530f425c59293ed2ad1c41d928df42313,exhaustive
3199,descended,2631,2631,5257,51440,2631,0,True,True,True,19194,20280,20280,19193,19194,80c15ab064f6617b1a338dd8a1aa9b1fbbc59c2b96ecf33bfb3b316971ee0af7,6d9430f64e95429960b1711c65554edaa8240b7ffc2fc6048bc2743698827ff9,exhaustive
3201,descended,2601,2601,5210,51472,2601,0,True,True,True,19206,20293,20293,19205,19208,28a2be070784f6fd973ca0a3e6d95e46524002e64b56ae87be300e8e9b3b4c1e,8a9dd733ef7f24d80f45b5c76813bffd28877037d933a77a8dd07585ccd57b98,exhaustive
3203,descended,2552,2552,5134,51504,2552,0,True,True,True,19218,20306,20309,19216,19220,692c7e1a66526a8be162b8a0d21f52c4f2b2c1703f51e0913ccffc8468151603,b4d22646c1fa4d96b97d9bf3f17e92f03b660e335e258ebf2fdb029b2899ab52,exhaustive
3205,descended,2519,2519,5081,51536,2519,0,True,True,True,19230,20318,20318,19230,19229,34700536e43bcc2b7ee0e1e949fe6819cb120960a0a70d62bc5ad1a1f88e3da5,b88e0bccb0ef24de739aa421348606c9981b8076fc30bf10f8f80cf0c9597338,exhaustive
3207,descended,2486,2486,5031,51568,2486,0,True,True,True,19242,20331,20331,19240,19241,2226310e72e2d74e319e05735f2c9b3a3cf282fd6c533a5a992dfb2bddd69a68,b559f42954d69390cd89b8394b0b721cac21a31b4126e448453c47a089c775c7,exhaustive
3209,descended,2445,2445,4970,51600,2445,0,True,True,True,19254,20344,20344,19249,19257,c93b849bb654a3fb6a7d0e11b5189448f5971d66e3ebb08d0df7f1955733267d,63962c08b78a7bdac4592d07116a75dd8598c4b4511368ea6e64a4c71e73a2a8,exhaustive
3211,descended,2421,2421,4928,51632,2421,0,True,True,True,19266,20356,20358,19266,19261,ccdd9d5639d38a7dbcfc434eec54a093c003b49e1e4ffbd4719ca9602c314b63,aa8f30da76e9c187b87a4ee6c047cb394a9e7416b15546cf502f9e2f696088d6,exhaustive
3213,descended,2389,2389,4879,51664,2389,0,True,True,True,19278,20369,20369,19276,19280,9b49b8f76e652ad01d8770f2a876ff4c145b3c3a550018066edeb498f9df26ac,309e2b8970c8e7e8e3b48465d8822925c77b0e98b6392d2ce663a1ae95f80ae5,exhaustive
3215,descended,2369,2369,4850,51696,2369,0,True,True,True,19290,20382,20382,19286,19293,0d1efcb00733020be3fe33f4f6db300f94e3364db834d3106af262f411a498e0,abd36c7afab84f0d82bf75c462076704d08fcece1efbed8446ab549fed31f112,exhaustive
3217,descended,2570,2570,5167,51728,2570,0,True,True,True,19302,20394,20402,19301,19302,0fa7b5f2b2f39382d6ffcc026eabb3078c2c97331dc9c24d7fead298880934d0,ba0ebb406cc7a7e9e17a978cc9e80a0230862da929459efb8dbbc153f9d875b2,exhaustive
3219,descended,2537,2537,5115,51760,2537,0,True,True,True,19314,20407,20407,19313,19317,26df26b0ad8d25b06707a34c65ce4c301e2a21cbf5df4054aa98e2811ab5e431,d0628afa4896f8a70a1c3557f49fd801e47a81697df03d1d1fa149ec5f7ce2e2,exhaustive
3221,descended,2507,2507,5068,51792,2507,0,True,True,True,19326,20420,20420,19325,19326,1711bf02c3dbc1eb38ac103a6ef6745217f497e991c9e5af6b831f992b7f2b52,0aca4878491c95ed470e3aaeb7c774c4309ea1d752966d8f6c15f6d4233abc02,exhaustive
3223,descended,2868,2868,5642,51824,2868,0,True,True,True,19338,20432,20432,19336,19331,95820ab8574f855136a819ff632ed9f9231e9cf1b1a7c680aebc0b259bd2c866,b587fa0fdeba4f26f99943af360aea6fc3ba8af597299dbf9b2fc6930d775808,exhaustive
3225,descended,2839,2839,5596,51856,2839,0,True,True,True,19350,20445,20445,19349,19344,b340efd8a9d3c5a89370a2ba7badadc54e7f6493154ad360d70b1bc6e928c311,76bad7e63b89fe0bc014de7880645bb15b16db6018978ea8e9d9f76f157dd26c,exhaustive
3227,descended,2782,2782,5506,51888,2782,0,True,True,True,19362,20458,20459,19361,19361,28282309e425c9c8ab8f9cfafcc8dfdc9dd68f923ee71c3edaef59ffcf239fd6,07a667adec243194e3181291c0ad32e981cd1510b32f71dfe106799bc25b38c3,exhaustive
3229,descended,2688,2688,5359,51920,2688,0,True,True,True,19374,20470,20470,19372,19380,424337b45b731c7b2d88f21935b9b29fc80b4057ca1b1e20b19ee3a3ebea7652,52a7651661d0bffd185cca7f17e86e94e9b05fd26752acfa59cbc10be15f2232,exhaustive
3231,descended,2697,2697,5374,51952,2697,0,True,True,True,19386,20483,20483,19384,19382,044f7537a0a2cb7be9efc14bc135f4169d6eb40723da04d4f0f7221e436b3dfb,2fb9d9e01d1570c72f5f20f4a048b9fd7c338a5f9b207c6811d347be6c7bde47,exhaustive
3233,descended,2648,2648,5296,51984,2648,0,True,True,True,19398,20496,20496,19397,19398,8199623f55328d8462391467fdab58ef73ed6bad7eb608d94cddf8c474e2bd31,831962b9eef5b6617e0fcd25daaaad0504af39cd84107449fbf9e1f0b9831d4a,exhaustive
3235,descended,2619,2619,5250,52016,2619,0,True,True,True,19410,20508,20510,19410,19414,285671d6a8c0a41249cbfdc58aee5ebe34ce77bcc324d942b9dc2f948cddea16,caa84accbd55fe7e299da06355e56f0e2d7c0229ad5134595543d52b0f5e3378,exhaustive
3237,descended,2506,2506,5072,52048,2506,0,True,True,True,19422,20521,20521,19421,19418,5e3db817a09c38b97739d8e2b2cad80893d4202f838948bbf26d250337fe6736,82e6939a684063e77827c93dd9b5711897a78e7a0eae271063a406f4fb6ba28f,exhaustive
3239,descended,2539,2539,5125,52080,2539,0,True,True,True,19434,20534,20534,19433,19435,3b45dd3ac02487fd021b61cf87d0923a643fab42bac438cb2a6663c081e519ca,a9b8915c6605cfb4ce91a8845a8d8592c4278630444ed8a01bcdfb46f745891a,exhaustive
3241,descended,2465,2465,5008,52112,2465,0,True,True,True,19446,20547,20547,19445,19447,6d027f47806569d66b925da8fc8a96b0b47c356a844a0e4d4281dc835a86c404,1507e531becb1b937f26ae4e0a906f09818893cbfc3d552c693d2691400e6a5e,exhaustive
3243,descended,2968,2968,5806,52144,2968,0,True,True,True,19458,20559,20562,19457,19457,a7d178f098303ae30be8daf5400982346f32ccf9c2d373623fe8ca2807c920a9,0092ddc6741243915db38fef830b2b0be546452a6a023df0c466c9eebd68bbb2,exhaustive
3245,descended,2941,2941,5764,52176,2941,0,True,True,True,19470,20572,20572,19469,19475,fede8efe164bd0cf058248d33445a988fb136aa21879e36ac9e38fdc4525f05b,bafadf6fd5958ccb3d5d257f5d6a2154f8bbc7e4e4664191cf1f7fb6969cd632,exhaustive
3247,descended,2381,2381,4879,52208,2381,0,True,True,True,19482,20585,20587,19479,19482,0a9c0777147e49872bebfd8cd784d5a5bedd7c22e8c0b114ceaad23304621c89,956f47baeceb3a4a673a21097cc6cbea0f7c31b70fe49bc6a3d4a9328cba964d,exhaustive
3249,descended,2360,2360,4845,52240,2360,0,True,True,True,19494,20597,20601,19493,19496,891e190b398fe102248d6a2a4dc496acf7bc8d5a1c79d791460df75279e55daf,c9743b647f398a821881dff1f4a637faa8b5d56e55c7f4181035cfaac21a8ad0,exhaustive
3251,descended,2334,2334,4806,52272,2334,0,True,True,True,19506,20610,20610,19503,19505,cb518109c0bf0fa40c425a3a20b58be907ecb32dafcd5c086137a0c043f52f7c,c07f7d11c9869b8f72c3cb924c24544cdf660ad5759984a7dab357d68af68ab0,exhaustive
3253,descended,2309,2309,4766,52304,2309,0,True,True,True,19518,20623,20623,19516,19519,433f1916455b3430d721ec3a2fd2e6384353bb70a9a2dd559bd2c10dd8625717,04a0bf9963282ab50e6c679d308848eaffa626c6e1b4e44e45dc482269e0a873,exhaustive
3255,descended,2247,2247,4667,52336,2247,0,True,True,True,19530,20635,20636,19530,19527,2d9d1570baf33df39f8ebc29944f72026665a60a59259a2873dff5b25b4c76e5,d2444521c030395fc37775cdbae44cd87e10687969e7bf8c463b4a59e562a1d1,exhaustive
3257,descended,2215,2215,4617,52368,2215,0,True,True,True,19542,20648,20648,19542,19542,dca76488c159a4f4b330ad2f715dee4393b128856fc2dbdf061620acd44f12e2,1e6990bece2938a4a5f73ccbb546360677dded12dd69362edf7e690dbbf2750c,exhaustive
3259,descended,2553,2553,5154,52400,2553,0,True,True,True,19554,20661,20666,19553,19553,9849b1f6478e370c981f5e32875bb2cd481a2036fd8ea1b46d40ad2354c2f6f0,6af8fa2f38f2084c664378a15d6459c2a48d93fa9229b700ff8da3c2aec1ac5d,exhaustive
3261,descended,2513,2513,5091,52432,2513,0,True,True,True,19566,20673,20673,19565,19566,758e954947ad35ebc43a3287b0574d13f7bf681976c5dd177d1ce41148ba9f55,f55aa69dda9751c4b2c63639f76877e64229e5d4630cd0946b5c7e0015cdab12,exhaustive
3263,descended,2476,2476,5036,52464,2476,0,True,True,True,19578,20686,20686,19574,19574,63b1bec39ad719f9c63467f4624b688e87e0e4b72b89a0c06d5b5609d8d16b24,bb0ecc7a8279a611424e142ba544ac4654566e0d113d5470ad14662663d6bff2,exhaustive
3265,descended,2421,2421,4948,52496,2421,0,True,True,True,19590,20699,20705,19588,19589,239726573090f86c237799d7cbebf3fd82bf3248f736b671914ee91b64f5e2fb,58003b6310cdd619a60c41c961a9da2af70b131d82572c280d626305329f3872,exhaustive
3267,descended,2558,2558,5164,52528,2558,0,True,True,True,19602,20711,20712,19602,19602,ee2e826c37652995ad4ceda486014b45d0e42ceb3f5f8169ce92d69d8189f8d8,cd12f026ea64f4a37ba561700757f3137c806b5b2498c676a6b0d9eda2194ae4,exhaustive
3269,descended,2340,2340,4819,52560,2340,0,True,True,True,19614,20724,20724,19614,19613,a3fd537e80ed5db7a40c6e6bb8673db1b1e1d036cbb81deb4da64f8dcfbabca3,990257c08c1c988d51172bb309050224a5cd069ad949b4d4793a2815c2e93de6,exhaustive
3271,descended,2694,2694,5381,52592,2694,0,True,True,True,19626,20737,20737,19626,19622,5dd15fc88a47f84b6db115bec216bf5a94075c8297081f7cb4b8a212b4b93474,2508cb380574de11cf0a46c754bac173ec0a2515ff11203efbb60db75d219489,exhaustive
3273,descended,2663,2663,5334,52624,2663,0,True,True,True,19638,20749,20749,19636,19634,54355fdf1866d9c5e8a29a314802deda06fce878ebebd2193c8b6e212a724363,3983959c8ea6f4dbcd974130883d31caddfd662ceda388cf3c56cdb9032e6889,exhaustive
3275,descended,2639,2639,5296,52656,2639,0,True,True,True,19650,20762,20763,19649,19648,c97ab41b87d852b719353e5f2b8f56f4c0d90172c11ff22650ae37727a12289b,c195ea17e4b9409e5572b9c7dd60d62bea4779b6c427e83e2924cf5324763a14,exhaustive
3277,descended,2590,2590,5219,52688,2590,0,True,True,True,19662,20775,20775,19661,19664,70fbcfa9258e6d39cd579e21775c739cfee468f45f1cd4504ddca16f1cefd99a,182c8712b9b676784788c94dc571ff7e7bd452583f3fa6d3410fc055740ad6ac,exhaustive
3279,descended,2545,2545,5149,52720,2545,0,True,True,True,19674,20787,20787,19672,19676,874283ffbaa657ea154a687450e503721a6187cf56a6b16633e88be5d8c77bcd,81dfc4d572c9cd119a4840e338f1b819ad6e6d0bae766ccde514809601a3a750,exhaustive
3281,descended,2500,2500,5078,52752,2500,0,True,True,True,19686,20800,20800,19685,19681,b6b45a6cef3252e7b7d6d93e17b2ed4365722b777a041cb96e327239043268bc,9553552d03696284359f81563aa3dadbaae6d32c4943c9e72846bf8fbe9b9911,exhaustive
3283,descended,2490,2490,5063,52784,2490,0,True,True,True,19698,20813,20813,19696,19699,213295f6bd918cf3ac650c94c05a0dd140379e2c94de762748649cec6134cd22,df88c7ae35cd6ca68d600ab304a846df90c9887ee4bd6b16fcb3fdf59890fa48,exhaustive
3285,descended,2835,2835,5609,52816,2835,0,True,True,True,19710,20825,20829,19710,19711,bd98b9b6f9374d3381968109dfdc2743291a4240aadad0a70274602f70f98057,0e7e8cb276a76e3f2f2f36f4d032a989f8429f4212345c7476d405fa330c985d,exhaustive
3287,descended,2766,2766,5501,52848,2766,0,True,True,True,19722,20838,20838,19721,19721,23efe55487b86a3093943517438167a493dc52b9d3495132b199e71c2de076d2,fa536c034e5981fbc401e75bcb46578ae3a059dd3bd13520c9d441be4a9389f0,exhaustive
3289,descended,2718,2718,5425,52880,2718,0,True,True,True,19734,20851,20851,19734,19741,8392b97cf9d58af4352c69e626db1232173996023898e032fded6772e197195f,0b6491d648b01eb2cd8027bc9d29ce93a9c699e26d1df5b8613adf32eddf855f,exhaustive
3291,descended,2699,2699,5397,52912,2699,0,True,True,True,19746,20864,20864,19744,19749,3db2ab9994450a2587c723b4675bd2edee42bd9f767b98b138bfe46e5d35a663,f37de2590e7f16de41afd2068b611876b2eb1da218dc6d7b141711b247212887,exhaustive
3293,descended,2917,2917,5744,52944,2917,0,True,True,True,19758,20876,20876,19756,19758,56690932b406f5df58a918fbaac6d6561ff043df8218d14c9818cb56387d270d,3fc6c50888daa69f2f339f2cc2942713045b8db8cb4aee70dddfb22f3443cb76,exhaustive
3295,descended,2887,2887,5695,52976,2887,0,True,True,True,19770,20889,20889,19770,19767,e88facfa51b648dfd436e4c5ec020c8a3431c68033718ad5bd894d7b94df0447,299636cd140836604819d8912c796a14a6bc9f4b38e1605c1d5c91e8d81de83b,exhaustive
3297,descended,2867,2867,5667,53008,2867,0,True,True,True,19782,20902,20902,19779,19784,13c736efcc09482a912412fd88b046f4030496a55e29655388ee422c50fb42ac,efc5a3e918cb64307cd605e0eb9c9011e58afabd05c76fec355a1b6cc3d8fdd1,exhaustive
3299,descended,2851,2851,5641,53040,2851,0,True,True,True,19794,20914,20914,19792,19795,ebe00476cba336c677b1c31f52917063d1dfc6404a3f4c03ec1c379d11496993,9fa926e5a380d6475e480265f1bea49ec2411d5af15d460164e739afeb33d4fa,exhaustive
3301,descended,2824,2824,5597,53072,2824,0,True,True,True,19806,20927,20927,19806,19807,032789eb385faba8b7be07a986e1417d2f4ae1d6429794bf84f034c872c67fb0,1d16bc921a7c35c71bb1310b95d14404207458d86b4fb3ad9050f97e1d7f984e,exhaustive
3303,descended,2473,2473,5042,53104,2473,0,True,True,True,19818,20940,20940,19817,19822,a2c0fa8ca58ac7a74004f720347214a13f647be3d29b6dd2542550f9bb55504a,5c73d27db56673847d99a235303c1e612a9dbe67c18c637110b7f03351a576b1,exhaustive
3305,descended,2880,2880,5689,53136,2880,0,True,True,True,19830,20952,20952,19828,19833,9810e90f1d24066925379034dcac0816ea55e123c20ded374325c7775bc5249b,24cc35e1a81833e02b07437fbe6b2ea5d2e95ff524aa0f471083b5b2574a8a44,exhaustive
3307,descended,2845,2845,5634,53168,2845,0,True,True,True,19842,20965,20967,19840,19838,45c770d9288cd2a9856e33a86f2842279c0896d411ca46fbfcc51ff4b730fe0e,9b25879130aa2b83a239b933c7d5fa25412561af8a907c437edaa9a2081aa92a,exhaustive
3309,descended,2819,2819,5592,53200,2819,0,True,True,True,19854,20978,20978,19854,19858,b800f2f7c757f81bdf217ae8673d39b706fb644fc5f65c6d5e4626e1f0a38fcd,b9aae3b71c01b4a331b1b96df978cb4309b6f57e21b4bda9795fc247cb9d03a5,exhaustive
3311,descended,2797,2797,5558,53232,2797,0,True,True,True,19866,20990,20991,19865,19867,d239681f4e476b0a3c396cecb04930aa289a873569d84022c4639db0ac81d9fb,49179cc0af0d920abee5c55feba548ad0fae3da4b0cc93e0b991e33ac9480a9c,exhaustive
3313,descended,2750,2750,5484,53264,2750,0,True,True,True,19878,21003,21003,19878,19875,006b5808e94d3da39b320a894879ce74c08daf8855d496341d51b5fc046c4174,ff4e70c92e7d383fb516e847f3ebf608afc84fabcb1122ca9c57a841303e2594,exhaustive
3315,descended,2732,2732,5457,53296,2732,0,True,True,True,19890,21016,21016,19889,19889,5cb2c0cbb8ddd091dfe55080a0107bbdd631532fdb7d5bb965cf950ebc4d7702,fd91dbadbde15ef79e6f0f4b1b15702292b8aa17889d3b0602fcedd9f3826be5,exhaustive
3317,descended,2685,2685,5383,53328,2685,0,True,True,True,19902,21028,21028,19901,19901,265cf7ad80db946ad0191ff1f28de22bb714035a267bd52acd1f746617ab2fe4,64ee1c02ed5d6afa9e4148ba05b72a7ae5b344c273739ab9659b6bb9316c9a8f,exhaustive
3319,descended,2665,2665,5354,53360,2665,0,True,True,True,19914,21041,21041,19911,19912,dbba3ad2bffb4caa78c804c49664f7dc53554318358321065c15394a6d2b0508,48a47259f6298ab68e192321b0b21a4cef52517a17dd1b865cea62c00abe8e95,exhaustive
3321,descended,2607,2607,5261,53392,2607,0,True,True,True,19926,21054,21054,19925,19923,2720e186bf24246ef3d625aaed91c3e16f7eedaf4c0f2988f174d7fd932c171d,6de03a2a262b124dfb5d52b3dcfe706e7971363a75126e3f639ec8c4c2860366,exhaustive
3323,descended,2917,2917,5753,53424,2917,0,True,True,True,19938,21066,21067,19937,19938,2586d241908603c9150752fa494c50638966df3032c20828051364e54296f635,75bcfa6bad9a0bd77a495cf602c03e20a74fb743c8864793348ba9795b4abf81,exhaustive
3325,descended,2898,2898,5723,53456,2898,0,True,True,True,19950,21079,21082,19949,19953,659ff580d65f08266ee80ead7184a6f67c74a4471396cbdff30f05fa5284cc46,7a111d6e65ad50f3e2a49be0009dd9f3180b0ac5c71893c4c8a521381655c1bd,exhaustive
3327,descended,2848,2848,5646,53488,2848,0,True,True,True,19962,21092,21092,19960,19960,7336eade9f96be321b88a917cde9866c7df6cdf40108399e744c0ee4434a8765,57bad78e8bc2a9d43cd662dadabcdc6c4ab7c044f564e69296f8e0826f3313ef,exhaustive
3329,descended,2800,2800,5571,53520,2800,0,True,True,True,19974,21104,21104,19971,19975,67dbdf13207a8449b7d02ba0b275aae0242510756ad9ba0e9a115212b6660959,e41ea9ddbdc574a872f67bb41e42c801e24f41e3a5650c3a74a947344e2eb67a,exhaustive
3331,descended,2729,2729,5457,53552,2729,0,True,True,True,19986,21117,21122,19985,19984,aeb471814d14c9766c0f2edc7ac9f31d6bb306265b210290ad34f24619544c0c,43b30c77655893c23ac1c5b07c9d506caf69a4ce47eaf46abb28c2a21e0e34c2,exhaustive
3333,descended,2682,2682,5385,53584,2682,0,True,True,True,19998,21130,21130,19996,19990,ca06edcdc5eebb95ebf363e7d1f827b5cdc295028f2da75a9f68b3bfdd14f978,22bdb1641cfae633a0e49a95fcb72e4b1ac382b2927780e6e62726d1d6243643,exhaustive
3335,descended,2908,2908,5742,53616,2908,0,True,True,True,20010,21142,21142,20010,20009,1d6c0aacb014db1055104a1c01977d0eb261a3be1dab238cc8394e95070372d1,5bcd8cb411c2fc013edbef1ecddb0bb7f1c1eff05e66dc037390a0c0990cf358,exhaustive
3337,descended,2883,2883,5707,53648,2883,0,True,True,True,20022,21155,21155,20018,20018,804835aa21eed9457dc037c71a7d6fe74da5e19379069d0d16d65f73581401de,8925f9707f3ff851294756c5128b85b429deb5b6fb0d9eec893c626ba63060e2,exhaustive
3339,descended,2813,2813,5593,53680,2813,0,True,True,True,20034,21168,21170,20033,20035,0793f7a6b565b0551223370676a385f2c0359e5ecaffa0fcdbda971963698ba7,2567337f5cd7620386a6b420d5c873016e819b91b93635e79f9b029e3743fe48,exhaustive
3341,descended,2784,2784,5551,53712,2784,0,True,True,True,20046,21181,21181,20042,20048,e7869104c79f223f576cfe586afad5877270301c2b125828452c2727c310a685,ddfe74c504d5039952a1360ceee1d92e1d35f50a5ff69f5b87b13ce0ac31c49e,exhaustive
3343,descended,2738,2738,5475,53744,2738,0,True,True,True,20058,21193,21193,20058,20057,48a024afd42ca38af3b395a8c7b4e260a4ab311c92d13899b30c4452521bc204,efc7c120f6d7c8153b243fe9916095c6b6677540e29cdda6a6200c4c3f8c1299,exhaustive
3345,descended,2691,2691,5403,53776,2691,0,True,True,True,20070,21206,21207,20068,20068,92a3ad4075ffca039406b4e66fb59cab65b9bf504fff65d740c2489de930763f,31589048bb065894ce46e9f92e07f7426d525f80b5d2555fd0d46b0cb24b731f,exhaustive
3347,descended,2665,2665,5361,53808,2665,0,True,True,True,20082,21219,21219,20081,20082,0e7fb8a3407f1c42aa156d4cd3975cbde04a22d0b9e23ea2d44ebd4e88806dd0,a1c049fb3cfc7883cd3790bbb489913d597f965343026b0fe298893f9a64a89e,exhaustive
3349,descended,2642,2642,5325,53840,2642,0,True,True,True,20094,21231,21231,20094,20097,289525f6fc3ec8905af2d4fb40f7248eb7746a310b55a5d4a3d9e6aa7979368f,2369c782088db1d96b0230bfde1e336e890925de68fc79c396da2646daed1734,exhaustive
3351,descended,2750,2750,5498,53872,2750,0,True,True,True,20106,21244,21244,20105,20102,bb85fd396eb02ca521a3ac99a68d26b590aa9531c6bbfadcb5e4b9908cc12a2b,4276d46771269f99003327b950b22eeb7941b7b0f7a5c7e5a36b455cd69cccee,exhaustive
3353,descended,2705,2705,5427,53904,2705,0,True,True,True,20118,21257,21257,20117,20116,3fe11332bdd3765e3de123d9f775b52f283a7fb6694fc29d186aead275a9e353,c4d152e33d263814327d6ee31540847eb5dcb129c1b3e3a2d529f3aa03a8819f,exhaustive
3355,descended,2688,2688,5403,53936,2688,0,True,True,True,20130,21269,21270,20127,20130,310551f1e85521828ea79d399676b7dc4de6d3ac72b14b5ea07a8171bc67af47,142f3c0935d9072a0085aaf02e99616bd81e772eb17a90d27b7b0563028c9d23,exhaustive
3357,descended,2627,2627,5304,53968,2627,0,True,True,True,20142,21282,21282,20142,20143,c9508c4224c2d25276151386bc2e9c7ddfce228a62bf289b1cd8c176af0ac430,a1165828b7d1bba3501c543739acc2e36cbc27c270cc3cde2339c6b778cc507d,exhaustive
3359,descended,2585,2585,5239,54000,2585,0,True,True,True,20154,21295,21295,20153,20154,8e14ccc660dea38f5355e926db3c9f6cf5595cf39b11d210df6168c85905db9d,adf1bbba4a93f5d4c589737470ce480506fcf4f8e0d5e39ad872492f36e811f0,exhaustive
3361,descended,2573,2573,5221,54032,2573,0,True,True,True,20166,21307,21307,20164,20167,d32e219ba9275196a7ce70f7b9e19a8340ef8e0cd8068976271899741d97d494,307ee0042328e97c31b210329b48fa285eec66bf8252559e9555d5e02d91dfd6,exhaustive
3363,descended,2538,2538,5165,54064,2538,0,True,True,True,20178,21320,21320,20178,20175,f544f2898a25011343a3331ec4bfee6a92ce0849a3a48d05c263654aa541babd,c48addfbcd2a264866884dd6fb78ba9c62c0867aed3c4a3b8c354fe9f59ce716,exhaustive
3365,descended,2496,2496,5099,54096,2496,0,True,True,True,20190,21333,21333,20190,20187,bc1cd6409b69d3ae7bc9b59cc71d2f6f2e28c2711ec6d3a9237d3e069b96aaf8,046314f3b84f69b45359856a38efcf8680bc966603f700e9d69711b89a4d7c23,exhaustive
3367,descended,2850,2850,5661,54128,2850,0,True,True,True,20202,21345,21345,20202,20204,0b192d4201c610dd33a871038d0f26f79a22e8bc01368389cf269ca48e6d53d8,ba5c8df75ae91e2e96a4a475fbcfdcae1f34c044ec08a0ec06b18c490d9eabb0,exhaustive
3369,descended,2796,2796,5576,54160,2796,0,True,True,True,20214,21358,21358,20214,20210,6a5354c031cdb872619bc1940eabaf6654992bb008ca11c4f06508b867881207,33ca07b59837e78c89f02781af372e0388372f4069e89363bb85e2436a2484fe,exhaustive
3371,descended,2744,2744,5495,54192,2744,0,True,True,True,20226,21371,21375,20225,20227,40ad2db8669eb42f4cdc0a6a12f94945225c2de35744f9143140746dd926c724,3415a90dc4610f84320a41d034b99426401a758a2c04158736fbba3c5d1d8888,exhaustive
3373,descended,2715,2715,5449,54224,2715,0,True,True,True,20238,21383,21383,20238,20238,42d8c6f116f183080761bb530e50c1f0ce3cc89323686a353c3c1b1f5f85d735,4c5c951e850c13615ae574f45cbfaa243d391c49cbb9013c87dd382e8c061dbe,exhaustive
3375,descended,2690,2690,5410,54256,2690,0,True,True,True,20250,21396,21397,20250,20251,83802533cc04dca6076041fe4f155688bc20f578e91094b7dd9b96e47b28ed09,433a8926b6ee12a0bd600207843001f4cbbd6bf51e71e0a68967424eb61ab275,exhaustive
3377,descended,2651,2651,5352,54288,2651,0,True,True,True,20262,21409,21409,20258,20262,068e0029fb6e5ffc9438d70d6778328d4000507023d6916d2792a8114e3f7b95,5d542c5c1b504e5cad91a4ba59deabb2ca3c6cb3e1b6cf5696a5cf8a14b4a185,exhaustive
3379,descended,2977,2977,5867,54320,2977,0,True,True,True,20274,21421,21423,20273,20276,de9780d1a6959648f61f5f54c722407cc5a229b6686fbc36178064823e28f12f,f07f4f6ef95f6d7368b8b5067fdefb968d3aa2b93bfdccb935772f68293e5779,exhaustive
3381,descended,2877,2877,5710,54352,2877,0,True,True,True,20286,21434,21438,20284,20287,980ca87f698ab68fbc0486706fc42cccc0ff1f20757b34c22ed141bacdd006a4,78edf2fbef0a6be38d82814b40ac2e22d99a8e5c72babc1df2b55b7b938f3599,exhaustive
3383,descended,2900,2900,5746,54384,2900,0,True,True,True,20298,21447,21447,20297,20298,1eebd3bd899eb665e073a5c7302b0423e990ec514d5f8bc355e24a178dfa955b,653a44d1f7a878f8928e6f7e392ac2d36d9e5079e28a743c0c832afb7987ce60,exhaustive
3385,descended,2817,2817,5615,54416,2817,0,True,True,True,20310,21459,21459,20309,20314,9076e434191fe2c55cedef05e14ca2d43a72863b2d1f5f95fdd005fce2b13546,30a8701f8d403d60550b5a774f488bfe361d9bc29a0584e3e81381574b564403,exhaustive
3387,descended,2808,2808,5609,54448,2808,0,True,True,True,20322,21472,21474,20314,20326,1fd49165759319cd6c75ca1159e5cb4f84718ac38fb264a2e2381a9c9fc9eafc,98e6fe87a42924f53089524370c713517683f0dd9f17814bdca18fcfc5f4c6b8,exhaustive
3389,descended,2793,2793,5578,54480,2793,0,True,True,True,20334,21485,21485,20334,20336,660f7895ac14218559ba070383d879279d394835c500bc5e93974883ab786ec6,8b8505298ebe051024fd65b287c984fb48ac6ab5cb0603c65410bac951ba23e4,exhaustive
3391,descended,2772,2772,5547,54512,2772,0,True,True,True,20346,21498,21498,20344,20340,602c5b676808443fde71c714266d2a2e2fd14fe4a01c743278a2d5013b062985,5fdeca5813c256c60e9704866a30f6d36b7e9ecbc93ed113b2a0a4c791447434,exhaustive
3393,descended,2708,2708,5445,54544,2708,0,True,True,True,20358,21510,21511,20357,20352,861a1c0750378ae44292972dc3a1701f2c6849613c72044130bb9250b31f35a2,598a4ac591289f0fb36b68861b46b3937940bf430de2f148b155b1ef59883bcc,exhaustive
3395,descended,2786,2786,5571,54576,2786,0,True,True,True,20370,21523,21525,20368,20370,b1c0e03bc49415fab058e78830af7af4d6314ba11e0f938fa05e71d6f73f0676,6e252ab4324558dfc4bdcee0d43311d047112569ee9662efe2929e5edbf2559b,exhaustive
3397,descended,2746,2746,5508,54608,2746,0,True,True,True,20382,21536,21536,20380,20380,9602252ea1dc51df4a3335136b93f5c4a58deac0980778274e5eb47c13ff177e,62698b06cb58bafd50e038bdeaa414d0d286ab651b455c3860a67a4821b5f7d5,exhaustive
3399,descended,2719,2719,5464,54640,2719,0,True,True,True,20394,21548,21548,20394,20393,ea51a91c95ef890e2ce2e9bb98b08f85ea724ea5d268999bbc6d19d3375a3378,d7424c2eac6ef0df62a7271efb6f99b7e87d0c1de186416a6a4e36da3c6a1e34,exhaustive
3401,descended,2618,2618,5305,54672,2618,0,True,True,True,20406,21561,21561,20405,20406,8aaa55cd37f4b6f625872abea758c9ff4579643703953099219d8e158a37b968,5f31731393392e010f6f74ca8ba3aa697752c637e11e364d47d02d89bb636e4b,exhaustive
3403,descended,2568,2568,5226,54704,2568,0,True,True,True,20418,21574,21575,20418,20416,01e597acd10da0b47ddae639bec249ee149ee82a586c5c2123fb556ce425e6fc,fed43b9b9741a2484d75061745dc074158f8bc9e53ff7ae3dfe1df6c2ffa05c1,exhaustive
3405,descended,2715,2715,5460,54736,2715,0,True,True,True,20430,21586,21586,20429,20432,b329a55970774e3e7068e289a6088b3daceb5802f403f14a5d4e7c6d5f7da478,055baf16575f467707e1479366e44007105e003c85b4e034f4e7181f48114c91,exhaustive
3407,descended,2691,2691,5427,54768,2691,0,True,True,True,20442,21599,21599,20437,20440,af108a3241934677498deeaec75e85b29f94fda1c204e29bab7b53b85048ac41,9c190a63079cb61ab79faf07dfeb524e8905d36f630dc91b2b8e5eb078e676b5,exhaustive
3409,descended,2654,2654,5368,54800,2654,0,True,True,True,20454,21612,21613,20450,20455,77d8759ec4a80e9aedeeb2470109eaeb0eb4801d027d117e315be4a3550c9cf7,5a5f12a139f6c2b87dd10cd481eaf8fd3130266f37ffdb8bdc6935fe6b509c9c,exhaustive
3411,descended,3050,3050,5993,54832,3050,0,True,True,True,20466,21624,21624,20465,20466,6ddf7c18a628ac9f9ce32dc7a7031dc13f9860238707af9f7e06e7fc44fd7587,173c80bcdddcf07615a064de497711e9476716388316b0d4c70efe70bdf653c3,exhaustive
3413,descended,3027,3027,5959,54864,3027,0,True,True,True,20478,21637,21637,20476,20475,09d7055d0e1430f980383b04287611a75cd840001ad81663050cd2fab2fadab8,bd1e9e657f2baadf35aa3b4fcb04e47290d572fd3c22b8e206bbb70ca74f333c,exhaustive
3415,descended,2538,2538,5184,54896,2538,0,True,True,True,20490,21650,21650,20488,20496,d9c06cb5fd7c13a5582ddeee77420cf39751352f9ea88ed11fb4b3913ce484c2,0cd6a6861d5b4c4d4808eaf8417099139a91484a114b51987c5584d566ca0aad,exhaustive
3417,descended,2982,2982,5888,54928,2982,0,True,True,True,20502,21662,21663,20501,20499,67847aa6ce631e2adffb8c126975690df0a5ff350d0a218d6af3b0601f9a6546,ca16835571cc4759e984ece39e61a1ada8300986297412ab2d42ec23f877530c,exhaustive
3419,descended,3061,3061,6013,54960,3061,0,True,True,True,20514,21675,21676,20514,20510,e98ca7a213f2f0697d491df7a8b8ccf0e92c12893bb6d8fa113cdfd294bda1c2,f667ac52864b20c094b4f27725134529b6091a81a2659657db91794e85947546,exhaustive
3421,descended,3021,3021,5950,54992,3021,0,True,True,True,20526,21688,21688,20526,20524,6bca4b69d3c8241f29f57228734589a701ae887390ec47f835110d3c2bc31dab,0cbcecdf7767f51409bc8f2468c37e7e3ccbbe3b56fb5f448626a9a324c839e7,exhaustive
3423,descended,2992,2992,5905,55024,2992,0,True,True,True,20538,21700,21703,20538,20537,08fccdb7eecfad5973cf698592d4d6d497cfc5bdbf2ff736fd44d3f27f1f607f,42d637c1cf1818e5c229b653e73ba43fe075c03927eac5c628bef30008744fcb,exhaustive
3425,descended,2951,2951,5844,55056,2951,0,True,True,True,20550,21713,21713,20546,20550,fb5f4559254e10c06bbfca17c18478d90b613d86ecb94102e0d21a4aa90328ce,70c7cebd9a542f325b9c1a1a5a216eef3a8a832cac8b02544ee3c7bf7e8e8eb2,exhaustive
3427,descended,2859,2859,5703,55088,2859,0,True,True,True,20562,21726,21726,20554,20561,59567fd4da093cb34d44d074aa63852f1bac6198998fa1875ca1f179632ee910,dd3c4d1302699e85ac8c9dc0782ba64c521b07106184a3134856f349e886f70a,exhaustive
3429,descended,3022,3022,5956,55120,3022,0,True,True,True,20574,21738,21738,20572,20573,8eb0f63a45a7011222a3aaf0648b1cf4f53aff817aabd7771348d9c937fdebbb,11426a51f8b0dd819f7c1f0b9612ce7951bf6c7014511120c9e1e46bd21f914d,exhaustive
3431,descended,2814,2814,5629,55152,2814,0,True,True,True,20586,21751,21751,20582,20585,9a0fc91fa72b96d1da06ef3779cf683b789b9d63ed8bf5d28e38ae64f2ce06d5,4044a81511396dff9ba0e4bf04f59ec7f6383701f42f2e325868e2dcd57d65eb,exhaustive
3433,descended,2749,2749,5523,55184,2749,0,True,True,True,20598,21764,21764,20598,20595,2593339287962f987ff9680f18df01f4c7d60458cddf9c91cae947af19fd7e5f,a6b89dce15ac0b76772bc3c3a76a1ed214b1566f78d5acc552db22905d0f1411,exhaustive
3435,descended,2719,2719,5478,55216,2719,0,True,True,True,20610,21776,21782,20608,20614,f521f5d59b3b1d66a68c7a69cb075c43ad6f71233a86be13b8fdf7ea9538839e,3e32594b900249de4a96b43bcde380e1514b432b680c5a446b270bf499b51f40,exhaustive
3437,descended,2698,2698,5444,55248,2698,0,True,True,True,20622,21789,21789,20621,20620,c06091fbd14dd508ceabf07bea5d641cd7401e2f254ac7a1c76cfecb578bcd69,2972d4093d5f7bb861b0dc95df1e6b776fd00be20330232604c521e2fd28233c,exhaustive
3439,descended,2652,2652,5375,55280,2652,0,True,True,True,20634,21802,21802,20630,20633,c01e05609714f0d2f6be2b5d23a66b05bcabe8094467ac6b4991bf444e38b371,a5044a5609eb6f97ca7c01f525c5aea896f175f77b9a1896e7beab004ec00772,exhaustive
3441,descended,2637,2637,5352,55312,2637,0,True,True,True,20646,21815,21815,20642,20649,44e42ffd3382cf0070e5a2b7817257549806332056b1bdce3f3d3066b99b1c63,7ec6ae4ec12cc365d9ad5d12856bb9bf4389f791a7337ba12da7fffb6b6c719f,exhaustive
3443,descended,2933,2933,5819,55344,2933,0,True,True,True,20658,21827,21828,20657,20660,cbcb93a1189b5405aa26be94b78612a6d3bbd4218992101213a4f9b8aa01a428,1a5357d1b644d135607d0a86f8322d948a5df9a4c13ccd4441f379178c3d0bba,exhaustive
3445,descended,2784,2784,5583,55376,2784,0,True,True,True,20670,21840,21840,20669,20672,dde102d43a9161f5e0ae7a14794627fffe63334e382e69bf15c229644e5d8f3d,9a57d0265712e7ebe1eea84f54b3629ed603f1d42120ce2ac4f71c71759bbb50,exhaustive
3447,descended,2754,2754,5538,55408,2754,0,True,True,True,20682,21853,21853,20680,20682,3c8c7a283d56ed3713c463f6460edbfd5e02fc85a901ee7cbc4ad1ccc01e8887,b632d7dbd74e9dd761e4d5354f66f2cf62e8ad60dd43d5035440d85ee778e254,exhaustive
3449,descended,2726,2726,5493,55440,2726,0,True,True,True,20694,21865,21865,20693,20692,712d5fcfe9ecda7e0ac14671d07a1da970afe7568f49f8687d2b96d852985b47,7ace809316e2c0304b00167308e4f7f48a679f2a34c11701c1ed0328419dd437,exhaustive
3451,descended,3024,3024,5966,55472,3024,0,True,True,True,20706,21878,21879,20705,20708,535f3eab4093e949ffdb193b84dc947bcfba5e6e82d1cce2cfcc5cc83f515d11,43729a39980401b4d29f68eeb9dce56f9671f8ebd60a8e37f59536a65ca07ece,exhaustive
3453,descended,3014,3014,5956,55504,3014,0,True,True,True,20718,21891,21891,20712,20718,4839c5edd176fae52b5866d81191539854b28572c37f3b5e6f2daf7ad1e9a9ee,817c66bd5d69a2b20d1f5bde50f1cd006aaf81d61cb2dd875504f5bb3d294b9b,exhaustive
3455,descended,2897,2897,5765,55536,2897,0,True,True,True,20730,21903,21903,20730,20731,3bd8600400497871d8fc7f708fce82f9e9e876af3b552d0c9f50e222877e17a6,dc3dac6e1d1e878b3af957308362510e90c623abe8bd5c21d86f46ce3af7aa59,exhaustive
3457,descended,2836,2836,5670,55568,2836,0,True,True,True,20742,21916,21916,20741,20740,67a33760726ff875e5bbf4db4290c0818a05b562d1a9700fd12ecc7bee8baa14,ac24b8403b035d61fac5ff9904ab24c6db65497e18848afa8d9897462e85067d,exhaustive
3459,descended,2821,2821,5650,55600,2821,0,True,True,True,20754,21929,21930,20750,20754,6b496c847d17eabeb21e82f04e61e3a405893122cd84d8988c3dca21931784d9,ca5b3f2fdd778f607c497eda5ccf8ff007aa12aff9d4d09974ff32db30d63d99,exhaustive
3461,descended,2788,2788,5596,55632,2788,0,True,True,True,20766,21941,21941,20764,20762,56dccbcf97e4c720916af7afdd4de52cffdba245dd712a71ddcf742601e27a87,c5508d3947ec84108cbb2562f4a747dd63df97814caabb71a2e667454cb387f1,exhaustive
3463,descended,2749,2749,5535,55664,2749,0,True,True,True,20778,21954,21954,20776,20780,9ae2aec37526b3138ae760ac31821d95de521081bb7fa959d0806ea8249fdeba,0e1124b8f075a2c9357d4e279c8d982dfe9c45ef92d9a38d6571c14e89b9fc2d,exhaustive
3465,descended,2718,2718,5485,55696,2718,0,True,True,True,20790,21967,21967,20790,20790,1f510eb7acdd6e90330c9cdf71da59d05e5219cb91df470265c0ed744b82b2d1,a9690bcfdd7fc1d610775d2591facb8d840952a31f1f98866a321069b7fb2b66,exhaustive
3467,descended,3123,3123,6134,55728,3123,0,True,True,True,20802,21979,21981,20795,20798,60180b6843bbf58206f6fabff962e37e6488f59731e33a582e363270fe7af703,bb6650f9163bf675d3e17417a111e69b3c8857444f16dd48224935810de55f29,exhaustive
3469,descended,3085,3085,6068,55760,3085,0,True,True,True,20814,21992,21992,20814,20814,182e2025a58bd989fd5fe178f13ccf3bef74113b638388d62bda210a66707d04,b8b9ed39447ff108ab2e7031fa6c7e99cfccf357d33e3d3faf4e1610abf7dd4a,exhaustive
3471,descended,3045,3045,6006,55792,3045,0,True,True,True,20826,22005,22005,20825,20824,f3a7f4edf8b98d4e43fa75c9825b148b1e018cf5674192f801f9774519cd514c,6ee55d5aef9fcc91dd7af31b892d51a0901f4edc6a9d6f0e8b9c19fa13954bdc,exhaustive
3473,descended,3025,3025,5977,55824,3025,0,True,True,True,20838,22017,22021,20835,20841,179235af521b6a8d01b1e4dbc8b7c51e2ea40e941762db91ed9b81a0c4bf0ac5,d846db5ccaa0a197926c13bc660788194888abe7ad6e4a2c5912dc492f2dc83d,exhaustive
3475,descended,3010,3010,5952,55856,3010,0,True,True,True,20850,22030,22030,20849,20847,0417468fb8fd5c7bc25355c63d8236dda0b1e786ac78f872ffe2dfc240b1689a,cc5b2e5abb5682f2280ccb9eaead4b184726dae4f9462cb7b8f1d44272b0e96d,exhaustive
3477,descended,2991,2991,5923,55888,2991,0,True,True,True,20862,22043,22043,20860,20861,59d4f97e120b37e3e4d0392e9d49d6775e11547ae6f55f5a158aa3c53dcf6d26,5b96aaff477038454d78e558ab2242c38823afd16893e01fd2a10502a32aacd8,exhaustive
3479,descended,2902,2902,5785,55920,2902,0,True,True,True,20874,22055,22055,20870,20874,23d3b23af648669baac64b500a88e12f8c3453baf975543bc24d85103718c977,f45c58bc68f5865b2218ce45158e406e6d181dbeb0da40b24d20ff8f45bc8fc4,exhaustive
3481,descended,2862,2862,5721,55952,2862,0,True,True,True,20886,22068,22069,20883,20887,aecdf13fc75c86f4b637aa7e57618f316d98b3405d92b917a4d12e0f4e52977b,66dac9566aadc2036015379687c5ec8403b899ca40513b9549746f46d39f2879,exhaustive
3483,descended,2800,2800,5621,55984,2800,0,True,True,True,20898,22081,22082,20898,20895,67b0ede1c5001ae51296da71bd08df3a7726dd1bb27c6301e11fe5061cd75017,06349abf521f080224abe57fafe28a0681bdfd01b8d734151558b867b4cc3a58,exhaustive
3485,descended,2770,2770,5575,56016,2770,0,True,True,True,20910,22093,22095,20909,20908,4f52d23e90fa9ff53f66d977a6c4e190f2ba794e3ebb6826b6c40f88bf4073ad,a0b3b6b27e59c34047b4fca930ff91d8c8cad8943e33d20fa09bdeb294b9f514,exhaustive
3487,descended,2702,2702,5468,56048,2702,0,True,True,True,20922,22106,22106,20921,20917,eeaf41a163930128a7139a2da1013f18a996df632272f85ff8eda43651b601f3,5dba8a4d1b161f4778ff8d46e983149013d5c6a1622a0188f5cd1cd636970c4c,exhaustive
3489,descended,2811,2811,5645,56080,2811,0,True,True,True,20934,22119,22119,20929,20930,27dec76b607f5be6021b3dbff57d1530d2f80fd32d14b39d91efd25d753ceb89,45601458d22ef23427f4f772717222674d3a0c0158b083182af16a1ee0ee2761,exhaustive
3491,descended,2771,2771,5578,56112,2771,0,True,True,True,20946,22132,22132,20945,20946,80bb20eed48c8994545805cd356d6357ce06844b9ad40531671a98180f06255b,fca5a2ade90d8ac1692632262cbda907d0bf965bf1cd43b1e153803a931d2649,exhaustive
3493,descended,2745,2745,5537,56144,2745,0,True,True,True,20958,22144,22144,20958,20960,b369c4c22b6b1ad05274a01b33892c4bf119376faa6531e3ccf05df3e1aa3eb5,f40ee2d19ee603a1785956df7e9a419b4f0f49d955b6d2b549d7216460e6d931,exhaustive
3495,descended,2714,2714,5489,56176,2714,0,True,True,True,20970,22157,22157,20969,20969,bd790b3741fbd6a1187868a694e3bde3581f4b66d728ff371586f2d15bec4f73,8670d00cc95f3f96931b311cddc64830edd0638a9006bd4ff28d22847c4f4e26,exhaustive
3497,descended,2657,2657,5402,56208,2657,0,True,True,True,20982,22170,22170,20979,20982,b91592d3f83132fc081b7e4eb6d392a96dbbab1351e42297e6fb1e7c336212b2,8bdabadd6210245c81da6f937c4b0fee4ab105d2902cea0c4dbe15f58ad6b009,exhaustive
3499,descended,3049,3049,6021,56240,3049,0,True,True,True,20994,22182,22185,20994,20994,785edaf851d6cea6654561d263bb5f77d1dbd267a268527ea8f9e4a1ac1317dd,07e2f036d03c30e5c01c568610e523dd2e48f3ad25516b41cd08b6a40483ef94,exhaustive
3501,descended,2834,2834,5681,56272,2834,0,True,True,True,21006,22195,22195,21006,21012,cacc1766e6ae77542ea05aa58fe1e65c3559aa17e01b409446087c29d8de9a18,91ba68fcc2425dfcd5952585adce8edfc8d46196d74fa84a89443a38aa772aa3,exhaustive
3503,descended,2804,2804,5636,56304,2804,0,True,True,True,21018,22208,22209,21016,21017,5f80c635197b0f8773e1b0ff128a2538468349152d2b4ed2ea4e66807f86657b,300d455bd0955af25060f58b544dbc88bd32bfcef988536f9775567d1f7b9bd7,exhaustive
3505,descended,2773,2773,5589,56336,2773,0,True,True,True,21030,22220,22222,21026,21028,f7d6975765ebab79ad8a5062dc9545364bd340600cdbd05ba31134c0cceb7213,aba33008c438135498574fae89e14bcf3b399134199a5e06a7c35d473f329b3b,exhaustive
3507,descended,2750,2750,5550,56368,2750,0,True,True,True,21042,22233,22233,21042,21041,a52c7a786883be3359863cd866f6d9bf7eac79fdbf56f2ee9910c9fc32df5697,ecb48504d713ed01dedecbd4cb305a529230630dbffbc308e0ab64eef3c11d8e,exhaustive
3509,descended,2732,2732,5522,56400,2732,0,True,True,True,21054,22246,22246,21054,21054,a8185a5d4e97b33fb81e9351f38cda2aeff9f7e2221bf2015e67e32398574429,39ed402ecfef76a33b4db487e9cd30bb7657ce17d01910ed7c6b74818d97bdd5,exhaustive
3511,descended,2697,2697,5469,56432,2697,0,True,True,True,21066,22258,22260,21064,21067,b0d9c7af321177b2726f59ab1a2f8f97258359081370b8e5b1f6d2a94d628310,ed58047a9e72e614ac40dcb9ed483b10f36cdad655865681376055961c5c7b3d,exhaustive
3513,descended,2792,2792,5619,56464,2792,0,True,True,True,21078,22271,22271,21077,21074,cffa4fdfd8fa13e384e8d5b073488575870caf00771d033de91ca31c659d4b85,0325e3c8714742f81760757ded0f23414e69c423f767dac72b74c9715a309782,exhaustive
3515,descended,2766,2766,5578,56496,2766,0,True,True,True,21090,22284,22285,21090,21097,1af059fbf0190f52117438a8b4799b7a619df4435b8d98db3b808a85c69d156b,72133a818993e66a6e411ddeefd1b5a657b181c09c00335b2f0596d41a469116,exhaustive
3517,descended,2752,2752,5557,56528,2752,0,True,True,True,21102,22296,22296,21101,21101,65bd66b719de262f78fad55617f82b1da3feb66f1577c04ecf392852af516e57,f7db99cf1162a3c2357afab6f62ae50ade1982a4669239e741eba52390698300,exhaustive
3519,descended,3085,3085,6086,56560,3085,0,True,True,True,21114,22309,22311,21113,21121,843166b37086a13fce376c99e6be862c28cdae669c554f1b3384c6f0d22d75b4,5b90aa0dcc79011d3b3d86087a93af252f68943d019922602812c18b88b18082,exhaustive
3521,descended,3058,3058,6044,56592,3058,0,True,True,True,21126,22322,22322,21125,21124,cdd5ad90f83a2caa10c451ea453a6ced24b88ccccd80bcd21fc3cd2b5e7741ac,043ff33f5ce58f698207a618da3bb7c734dab4bd5b31c2d0167b3080d0b2f433,exhaustive
3523,descended,3034,3034,6006,56624,3034,0,True,True,True,21138,22334,22335,21137,21137,c738a8288d57f04fc9682ad7ce1b66c4813b0585003b24c002695dccce547971,589d8f20e6334e2798667a71c5d29bdef2ecedfb56270806a95a06a32746b7a0,exhaustive
3525,descended,3016,3016,5978,56656,3016,0,True,True,True,21150,22347,22347,21149,21149,bfd2ce15db04661f675ec3373b4a52e590f78f3c5a41f072f64c2daa955f2987,b7be389d474aeb3d54f9a52ac86acc5af781e83a62329494b9114d409ed611c1,exhaustive
3527,descended,3371,3371,6542,56688,3371,0,True,True,True,21162,22360,22360,21161,21161,792caff6d3f0b7a0daffc893d29bbb4360643ceceda84d41f2f61eb812e51e9a,2670b12248d449b983b08c8aa6394f76e5caa9baaea39d5c2c7f954432333d70,exhaustive
3529,descended,2953,2953,5880,56720,2953,0,True,True,True,21174,22372,22373,21173,21176,9a1d032d3ac392fc008d43792931da3268c83c08f948060c80522a5df2e31374,d1e8b613e3a4de1b6d443aac9c6538bd2aec50db50d1664d5b71d46055b4a989,exhaustive
3531,descended,2858,2858,5731,56752,2858,0,True,True,True,21186,22385,22386,21184,21185,460197151a8b28b3de3455fb07af03c6b39362c3aa79bd7eaeaa809e0e316802,a576f0f0337a9963e3ff8116faf0dbcf4e91fe24e963ba0961435592178f8f50,exhaustive
3533,descended,2796,2796,5634,56784,2796,0,True,True,True,21198,22398,22398,21195,21197,0ddb2ff03277a76ce26199456d59569435a9c2bdd6cc174c986a291ab916fcf5,30fc56c19d7172cb7b9a7af959e3828890f218484735efd7712fa6281cd9fc0a,exhaustive
3535,descended,3191,3191,6259,56816,3191,0,True,True,True,21210,22410,22412,21209,21210,90fcc0b8d46921bcd5b61ce69602275e56cf59a369ffb4e7afe403acdb228db4,b437fe6acb7e9ac9550f62f48fb34b5e75dbb24cc02f9b45afd28f97676ae5b3,exhaustive
3537,descended,3161,3161,6212,56848,3161,0,True,True,True,21222,22423,22423,21221,21218,c6c295d6393a64e5f968a123849520a3313f4ba25508cf1c582e267241a488c2,ef8f0c3fc64f30353afa07d6af7d555b07706825284aee234ccbb85886a1d718,exhaustive
3539,descended,2720,2720,5514,56880,2720,0,True,True,True,21234,22436,22436,21233,21232,719dc19e9a0d07032953e6a731a1185845a1ef3a18b55c7db43feec55057aef9,d90fa032d3c7810504235536d26f4cfaf2bbc66228394e1583c5bdd1b360ea20,exhaustive
3541,descended,3079,3079,6086,56912,3079,0,True,True,True,21246,22448,22448,21243,21242,5a989d36cee1922c208b5c39ae35d8c5147f1d5c0c0ae02f2f8b55e76015d753,a4b1cd0c6079788bd62d45e8d1c054fa05376545ccc9802f50014cd841695ed7,exhaustive
3543,descended,3045,3045,6030,56944,3045,0,True,True,True,21258,22461,22461,21257,21258,4902c4355676b7ae5f97f21916fcce0bff93d1769cfaf10482798fbb5ef7454f,e936ebc4f9a6efb522459c69d17f8645519f04e6e94c4428de9feaa4fad01ce6,exhaustive
3545,descended,2986,2986,5937,56976,2986,0,True,True,True,21270,22474,22474,21270,21265,efe9239e5cd42dc33905a849425c36a894328ed09d57bd489af0c4eec1d740b9,f6e8cf433e50c126c692caaca2b46de121c1726fc394ee7c3c5671cb1d02ff2e,exhaustive
3547,descended,2948,2948,5878,57008,2948,0,True,True,True,21282,22487,22487,21281,21281,171723f655d552bfbb619b28e7e8182011538453b6cd95b0ea97045ec48d07db,3a327ae2abffb9bd54645f3c977830e476bb46934bcc472b4fc94ce94593f79a,exhaustive
3549,descended,2923,2923,5842,57040,2923,0,True,True,True,21294,22499,22499,21290,21293,0a95c2dc0c00841a855ce83abec50ff7815cccdd4e6745014c67516dffd20aef,fce1ea72f3129d319dcaad2851180de641e7d76fa25a40746a49bd34ef81498b,exhaustive
3551,descended,2901,2901,5807,57072,2901,0,True,True,True,21306,22512,22512,21303,21306,1bfcd3177382a2eeb84cd21643ab6b33496acff71caf335879aef27b589b9f5d,79650e2bf2657ca4eb367c6724d63742ca905de3a3ef25234e1d2fd5bab55052,exhaustive
3553,descended,2860,2860,5740,57104,2860,0,True,True,True,21318,22525,22525,21318,21313,2c1a6efdfde6a744bf5b2aeec0f400071366c5f2d13a6ee310d101be90553904,c208a8b9950553c51c7303f11f6143e9518d90d984043e1a5f892058333ddfae,exhaustive
3555,descended,2811,2811,5663,57136,2811,0,True,True,True,21330,22537,22537,21330,21326,5c674d168a413aa8dc81c9ecb8197563ba2b8feafbb3d76378b5e2941dc93acd,76efb4b5b0547fa2517bd106e896655b26597a233963a61cfa82dbb1407a49d2,exhaustive
3557,descended,2780,2780,5616,57168,2780,0,True,True,True,21342,22550,22550,21340,21341,d68904da3b8a2609acfd12155d67e604844427b1046b2a51ab2dfa657eab1d46,500137fd73af4ddff90a1922e64ef9c1f43ef26131f37608e167cc97ef013649,exhaustive
3559,descended,2825,2825,5687,57200,2825,0,True,True,True,21354,22563,22563,21353,21356,6e853cb6a5a5c33c716e9385683def1cc39915fb665bfd03ff82ae31938eb027,7f6cd00693cf36fa3b36404f7e9df635cdc866876b96fb3be85dbc3d0f21df75,exhaustive
3561,descended,3092,3092,6111,57232,3092,0,True,True,True,21366,22575,22575,21365,21365,c581107dd0103cc3e31879c2309b1ebfb457bee2a54fd5321d4eccaffe248fe8,7bff7c75de44ff69b41c5eff7711079a73bdc631a6a7c9243a8bfcfc31ee5215,exhaustive
3563,descended,3063,3063,6067,57264,3063,0,True,True,True,21378,22588,22590,21376,21379,88e97970d1b4568c290ac4c0d437b164d247e40304aa63f609922a683c87dfd4,42ad2af507ba1ef4415e88bd7f2ca20d2c5a6382ec09eda1ff9a813185adc591,exhaustive
3565,descended,3016,3016,5991,57296,3016,0,True,True,True,21390,22601,22601,21390,21392,fa550e6a9ff5149ef7247ec2c90c332042ba022bb43aa1402cf8e4d23a0e4068,23db6bd87c06d0baae490c1da822b32d9cfc8c76fc8316639650e8631366e11e,exhaustive
3567,descended,2987,2987,5947,57328,2987,0,True,True,True,21402,22613,22614,21401,21404,c0cdb7b26ff2fcd8b8c578d634218a4406d3daefdd64541eb760d9d63da050f6,45e3bf71abb63bfb20e83548ff0d9af2b9004c0de40dbf739f8178b0db567640,exhaustive
3569,descended,2964,2964,5910,57360,2964,0,True,True,True,21414,22626,22626,21414,21411,cc60fe1e6b49408bda4a6e631f5c040a659edbdff20836fedba0e7a93da25448,6a60e261e2e5e2b409530553bdfffd5f4c99db2e3a7c39745a293cdb76d06368,exhaustive
3571,descended,3190,3190,6269,57392,3190,0,True,True,True,21426,22639,22639,21426,21428,d2bd7c01a19522f89d9dafb3c98ce4e3f6c02cd88fc7a4003b1b5cfdca53a1f2,d61a639d4bd95d4349f002b1eec798cd00301a23aeda96a84e6ce86330bf9dc1,exhaustive
3573,descended,3136,3136,6184,57424,3136,0,True,True,True,21438,22651,22651,21438,21436,993e05c604c1ff839e8b07812ba30619980e3d4831501e3affe8d719c877b7f3,bd6bba2ce76121aab8fb89f5cb168ad7f39475b2a7bb452ebec620168f34ad46,exhaustive
3575,descended,3102,3102,6134,57456,3102,0,True,True,True,21450,22664,22665,21447,21446,92922ff1804a7760df3e5ceae9f8d521fa28dabb06a64de714ab301308a50910,29ec499cb7aead3b73133caec66a46437d6fd06889606b95871c43238be96977,exhaustive
3577,descended,3050,3050,6049,57488,3050,0,True,True,True,21462,22677,22677,21462,21459,603552a26e244649efd64cd0b81f5a67377f786f729248bb2884af70d5ca2bfd,93a044a44124c4c3b7b6954dc6871ac1ae8c7d2aaeb6987063d952ee9194c237,exhaustive
3579,descended,2979,2979,5939,57520,2979,0,True,True,True,21474,22689,22690,21472,21475,6495b2c779960aa1ee4042a3ab4d93e051e27061fb1f4a2c1038aeec4b25b230,93b30894ac5101bca5a003922728baaf1855cd46a48936846ff975adbda9dd3d,exhaustive
3581,descended,2966,2966,5920,57552,2966,0,True,True,True,21486,22702,22702,21483,21486,9075d8bff9ec28408f6b1a00a802f501e360bedc5f82420f87c061d62c1bb867,980e2deb7e928e990280794cbfc4450d2fd1b7f2264cb73f981f0d8049da2611,exhaustive
3583,descended,2938,2938,5874,57584,2938,0,True,True,True,21498,22715,22715,21497,21498,8f8038d757ee9bbf70df1fb153c05eb9acb99cd9f086d07d7548c480d9f2657b,e27e1cfcc52b07e84e616f05eefa0d92a6647eb8f70d200ec6985188b47e042f,exhaustive
3585,descended,2869,2869,5765,57616,2869,0,True,True,True,21510,22727,22727,21510,21511,df62e4ff5b40df35c9483b24a8c9fd67c8cb6dbd02169a2f0a2d0766d2e0273a,4b341c23ca4bbbd1f454d659e1c55fa12333c9f1c68bddd41f24aeac99ff3fd3,exhaustive
3587,descended,2832,2832,5707,57648,2832,0,True,True,True,21522,22740,22743,21522,21519,083d91edcc7d4f1498578d34af72a95adf035d4e1dcc80f8e1102fd0532b2042,16469e81f3bd07aff71eda98fe97f1af23673d497c1f58ac0b8ab5669dc3388c,exhaustive
3589,descended,2790,2790,5641,57680,2790,0,True,True,True,21534,22753,22753,21534,21537,8612e7b452348380f4d8a36c7680e4afe75e9a6baedc8d851c929b42ea67b799,98322ecb37add7e32df27b57a69f5dda35316f72445a074cb70ef6a5b1363737,exhaustive
3591,descended,2945,2945,5890,57712,2945,0,True,True,True,21546,22765,22765,21543,21546,99b228ea28359584baa2314bc1ea639d01b324f6c92bf8058a46344ead0033a0,2ec7ca59f7f4685ab388a58ba0588c0e82587b912d8e8729a0192a6f68b10e8a,exhaustive
3593,descended,2918,2918,5848,57744,2918,0,True,True,True,21558,22778,22778,21555,21557,ac166e9aefcf23f2e610450c993d27aa718a451dd1bbdcd1c1d264dc9c2213e7,5210d1085a0f3259d2181703c17c30798f1bec5dad8c15391a7203faf0c6e7f3,exhaustive
3595,descended,2903,2903,5827,57776,2903,0,True,True,True,21570,22791,22792,21565,21571,e3157a5f283784739330a5675778b119983b7da444e332849786d37e91364f94,e53c0ab1bbf4f3883fa633c934075846e74537ba6b6c41130c22e4b1945452ca,exhaustive
3597,descended,2861,2861,5758,57808,2861,0,True,True,True,21582,22804,22804,21580,21583,ecada3705df6c80956d40c368827eb59ad05fabb2fb4555fc7ca63af62275c43,0fd1b319fa726352140ac6c32d1c6af4cf246d957406205210ff36a759df1de8,exhaustive
3599,descended,3152,3152,6219,57840,3152,0,True,True,True,21594,22816,22816,21593,21596,c698a3dc7f366a653d2bdec6920b6d357ff0c430ae6b9dfd9af74aaece2c5e54,26c2d5c4ed5374fe334056f2af531e6abdf688159dd0879e6be916158349f7fe,exhaustive
3601,descended,2785,2785,5639,57872,2785,0,True,True,True,21606,22829,22830,21604,21605,f71bd473d05a4d298f9d8229ee697c9ab1f79e418bf8e9adf4979324d1e35f23,9540f5a37b5b524fb04f31d2c3d3b1e2fc671dcbdf375757d9ef814e3f448975,exhaustive
3603,descended,3097,3097,6133,57904,3097,0,True,True,True,21618,22842,22842,21617,21614,a2cf89cb3e74e6837ec26f8a70bd07b52771cbc797827db2f7041d11382a0c8d,a8ed4f70dc16811d064a4cb69f8dd2d154573434429118ef15cb56ecf3d16da2,exhaustive
3605,descended,3066,3066,6084,57936,3066,0,True,True,True,21630,22854,22854,21630,21626,e544c8b5a96cb1c5f26b3eb3efb1591a456a12d3f3672a3fe5d09b1f25cc8d02,c3aac5672d81d6bf1f1835311b29d9d9edcca0be5feb87ff7cf5769c8dd2f937,exhaustive
3607,descended,2984,2984,5955,57968,2984,0,True,True,True,21642,22867,22867,21641,21642,1659d96470700b35dd40dcc63246a6cc9948eafd2dd625e94c7a552b55569ebb,424dfdf1f2de3e0a1acd5b771111ad387290e20c3eadedad17c80d0a41601dc6,exhaustive
3609,descended,3190,3190,6284,58000,3190,0,True,True,True,21654,22880,22880,21652,21651,e87ba774af5edbb8579613c23ab15b892190a6b08be372dfb08914ed8d20eaa5,78bbd2d0092e08a2ada8ff2551396a3d8d6036f1e17ca2d91c2cdbfa98731f1c,exhaustive
3611,descended,2909,2909,5838,58032,2909,0,True,True,True,21666,22892,22894,21665,21667,6255f38c90769966179b18d09b08f001cb3ff42378efe2e1385421e9b28c71b4,41e003c2e13eb2be730a83b5ed1c572315b187bd081898905eb1747cdb9bc1ef,exhaustive
3613,descended,2880,2880,5795,58064,2880,0,True,True,True,21678,22905,22905,21675,21681,501bcfa002e3bc0cf6cc10b6096ae0d5ad15b678c6048ea962a8ea4814fc00c3,3ac59b26f724b351766a57bd533e6df636cc0d8333919f109f2ef0a15d98e79d,exhaustive
3615,descended,2807,2807,5677,58096,2807,0,True,True,True,21690,22918,22918,21690,21689,1b4cd89124cd6ea88c61f684762caec2859dfc7226d7a725d3f950d25ab73ce9,36bf93f7e66f41560305abaea27a85f81062f25210bd1abab5ee8fdd91ff0d22,exhaustive
3617,descended,3001,3001,5985,58128,3001,0,True,True,True,21702,22930,22930,21702,21704,fa4dd88adadc4cb3ef1e583513f17ecab6ac3d89315a80f50327d105e2022a61,5dc0698d64f96094b55c33dc59466331b24596f01a0fa807c15d8aa7570331a9,exhaustive
3619,descended,2977,2977,5949,58160,2977,0,True,True,True,21714,22943,22943,21712,21714,9974468c5d457c9aaa4077552220893d4875c00813119189b6e6aaa100265a02,4c7aacc2c62ca03585f5a95147e735e9d5da7d213625645039798293345e6626,exhaustive
3621,descended,2951,2951,5907,58192,2951,0,True,True,True,21726,22956,22956,21726,21724,eb00d99d1a3496a71bfc63314e84544739b62ae75a0610bf3fa4e216a404dd89,d67dbe79fbfc52086d4398d1116553661da91392b27682ca599f38f3aad0f3f9,exhaustive
3623,descended,2929,2929,5873,58224,2929,0,True,True,True,21738,22968,22968,21738,21738,036df7899c617ddeea6e8833991bcd7f62411dd7f763d15bb2d0c879de3db616,0c882a89d830faf9b9d18633f1bfc3bf73c7f6ece15f501184dee21f079fcf45,exhaustive
3625,descended,2897,2897,5824,58256,2897,0,True,True,True,21750,22981,22981,21749,21747,6918ef38350d0767eea2529a06f9bfe0c3418a3575715ee5caae4bd70adac269,aec40af6b61b0f64e9ea8a914fd292d865910b7327ffbf6740faaf35c2b14bef,exhaustive
3627,descended,2835,2835,5726,58288,2835,0,True,True,True,21762,22994,22997,21761,21754,ae1a13b73f3978d9d7a9829b87957d4f9090ae5e3d4e706654bb58ecd30e8403,7d2857f5ee86c668ea758007cef5c517ad1aa86d6e28617376366b523d759ab7,exhaustive
3629,descended,2797,2797,5666,58320,2797,0,True,True,True,21774,23006,23006,21774,21776,62d342fbb7679c0c85ddc426c6bfba72a453ec180287515bba0efcc5cb4ed27b,c1e426f606700cef1dbb7a8d1140d22d13976b2ead5d36555b8d6aa94d5a07c6,exhaustive
3631,descended,2775,2775,5633,58352,2775,0,True,True,True,21786,23019,23020,21784,21789,9d3128ced83cf55d3017a899d323efcd4cc5f9de5a485a05b209c546361ff948,76fd3558db3ab7c6f8fc9e2d4fbd6e2d5eaff4a60c0cb611a10fa12d7d8dd528,exhaustive
3633,descended,2753,2753,5601,58384,2753,0,True,True,True,21798,23032,23032,21794,21794,1538d1204f9dc41839af5576280983922aff42dfa19cb22e8f77e3bf914c2a27,295cb20acc53dc6fdf88a93a3045bde038580adc65cca63452abc63f6e9a41f8,exhaustive
3635,descended,3081,3081,6119,58416,3081,0,True,True,True,21810,23044,23045,21809,21805,e6445bf343586bf3224592e32249674883575a2c44d3f86ee4f5c30e3ffdd4b1,b0b50603f79247a5809e7259975f4e8b2a25d93b6175bc6288817ff4d9ac9748,exhaustive
3637,descended,3051,3051,6072,58448,3051,0,True,True,True,21822,23057,23057,21821,21824,dfc4ea5fa1c0258281d638a93f122cf2fd87a08925267fcb2fe2b663af9f4f1e,e0dc9e5d0348acef7ce903be241f1965a6f5788e902a5d2a5f13dc4a49a3c4fd,exhaustive
3639,descended,2971,2971,5947,58480,2971,0,True,True,True,21834,23070,23070,21832,21836,3407c23020f479fb7a5c9265eaf0d1713036939aefec36d0d00444d830cfbd8b,ab8fa9380f778259b153cd241d7a5d98d3f5d28892524038a75428d4104c1204,exhaustive
3641,descended,2949,2949,5912,58512,2949,0,True,True,True,21846,23082,23082,21845,21852,06f7a655f8ea66e8076c686b941c72231bfc5cab84d982c6ad7977fb216e9959,7da17f1a95fd2ea6ad1be1802137b1b2d07f570a54519fa2bb96e3af60189fe5,exhaustive
3643,descended,3219,3219,6341,58544,3219,0,True,True,True,21858,23095,23096,21856,21858,3593963747b3ff2959e3935312a3afb5ae66e3dfe691e6289e6739942793e3e8,a35ad52ff770c11f7315f93688efea69af1c70b7f897905b629fefea2105f7c7,exhaustive
3645,descended,3169,3169,6263,58576,3169,0,True,True,True,21870,23108,23110,21868,21873,8089f4970b8463ba51e69deb5bda5eba6da30f6b9aaade60ef6feb378e7c817b,a9fa01386cce1b5b6b6f5eeac65526cac9cabafc51c038cc1d82fe8001726f60,exhaustive
3647,descended,3140,3140,6216,58608,3140,0,True,True,True,21882,23121,23121,21881,21881,9eaaf0c6ca82b7bbe3fbfdf15953bd09bc4b7c35e522ca3ec6c92066295b9f15,086b17e8afed1b48198be30bdf9b086f62775a56e98a21f1abb518342169fe7d,exhaustive
3649,descended,3102,3102,6160,58640,3102,0,True,True,True,21894,23133,23133,21890,21894,0afdfb883ac2d4b651391d42e3ef5ba3c37d948796268ba29daa9ebe96256d57,745666f5872333ab5ead63ba55cd224316fca16d4f0bd7277e590a29812e8a29,exhaustive
3651,descended,3077,3077,6118,58672,3077,0,True,True,True,21906,23146,23146,21905,21906,ec5db75f262f8ddf629e0758d000db6d436a3bc3ec69f19f92d2c4f96093755e,76cf09aa21982e0b3453bb13e077446f67420e6416db9667585d5479ac89e280,exhaustive
3653,descended,3055,3055,6083,58704,3055,0,True,True,True,21918,23159,23159,21918,21914,43feaae4a5fb975c451d708ba11693c8617f3d4ec2bdf80df6e758c73bee98b6,1b760c9b06f01a64e65013d17d98cbb0d0f65ad2d74c066198cdb7250f501177,exhaustive
3655,descended,2936,2936,5895,58736,2936,0,True,True,True,21930,23171,23171,21930,21934,5e7eaca5189190be47961a01601df880a01c8ff6fe43fc7a2a9eeeeb89474360,5499856840291e9db5d3fdfd37264ce826471bad054c2e3ab19d50b2bb9e7bc8,exhaustive
3657,descended,2923,2923,5875,58768,2923,0,True,True,True,21942,23184,23184,21942,21951,53a85252cae20269c2c072560577a5f7a7b18dfe2eac43197b01341ad0f82597,2507b30b7d33b234651e1ddefcaba5db8138cb12e73f694f43c05fffa5e8a6bf,exhaustive
3659,descended,2886,2886,5817,58800,2886,0,True,True,True,21954,23197,23198,21954,21954,8b6ab98e242bb9d901300061d300471d6688769cbcbfe478434ce49841bf67b7,dc6aa7144059b3d9ce4c2d19e288e38bcac606e2e925d719cd61d3d4d8c02e59,exhaustive
3661,descended,2849,2849,5762,58832,2849,0,True,True,True,21966,23209,23209,21963,21967,0dbc0d1a40199f3e0f24f51ca4bfac656ea7f4841184b67dfaeef5cb054d7343,4667d5059ac1b3392eb52c4c862957ed25ff8a69eede5880422e7f0c8a66bd96,exhaustive
3663,descended,2825,2825,5724,58864,2825,0,True,True,True,21978,23222,23222,21975,21978,4684cd68356146cc622dcd57a33936c78806a5da488e5e73943b361b7e6f50b2,ea47843761fb48e52da35e8c42d19a0a76573125c709f79a1cc08808c519c00a,exhaustive
3665,descended,2811,2811,5703,58896,2811,0,True,True,True,21990,23235,23235,21987,21991,267b6bee530175ca0534553ed10f60d2f8f54592d5be0e47013820c156ee740e,d5e5a648f294b7e8a1dd8c93bc8fe63c71cf697c3106f16882c16f281f671ffd,exhaustive
3667,descended,2759,2759,5620,58928,2759,0,True,True,True,22002,23247,23247,22000,22003,84aabe0ff4ff0d12719da54810fb59473a6a4872b076bd969bbaa88b9c4ed87e,78b45f1e7c212c246b6a3211570149001bf086b3138cffa4e118b09b88c725b5,exhaustive
3669,descended,2743,2743,5595,58960,2743,0,True,True,True,22014,23260,23260,22013,22009,57e6ad0dfcc95108966552224a5ca8a1fdc8dbe9808baa1b9f6ed258bc7eaf81,a0f9552b454d158dd30b6b9a9d0034621d782e7bacce0f402886832b3d47016f,exhaustive
3671,descended,2731,2731,5577,58992,2731,0,True,True,True,22026,23273,23273,22024,22031,ef12a51aa1f103dfa0c548838f5deca5f60f62a1b533c508624ee3e5c2242149,a19ed604e53367fe991c277e915e3a61d37ca193e29a842b562402501fa8717f,exhaustive
3673,descended,2620,2620,5404,59024,2620,0,True,True,True,22038,23285,23285,22034,22040,bd9e0d7ed40c0022ca87425d577de29d9333b08b1e96785fd7930b618e8fa54c,3aafcbb8270284ebd8ce0a1445921848f2dccad87661144687d7d0729860d8ae,exhaustive
3675,descended,2587,2587,5349,59056,2587,0,True,True,True,22050,23298,23299,22049,22050,1fd075fcb1b910a4b5bcf245a9be509260f9dec272762eaba741deac01b7ae09,fcf071b365f9fd1795120a8c5a1194f5e34c135fb5b2fc93902a06d26fddb348,exhaustive
3677,descended,2556,2556,5301,59088,2556,0,True,True,True,22062,23311,23311,22061,22063,4cf9ff5efddef9bce40b7d45a6511cd7cb40bd5d8b66e5b518b075fc01e6a94e,fc695330681748f1eb3b339e7c518d1bec3353b92631190aa83b23e618a19970,exhaustive
3679,descended,2543,2543,5281,59120,2543,0,True,True,True,22074,23323,23325,22073,22072,2db819c4592297cce114b6344495a178c17efb6d0d11e388dffa556e8850f90d,571099dc9a0e21fd5c1859df2ddfaa352829ec4b4caf4dec880773e12aa07a8d,exhaustive
3681,descended,2523,2523,5251,59152,2523,0,True,True,True,22086,23336,23336,22084,22090,a60508826d959321ea1399851a5419fa77aec3bd96cadbfc5c0f98fd1714485a,968b080563d25e5238a5190967a3c4e3b5ea89b8a0bf30f4b44d9e03b4787be5,exhaustive
3683,descended,2495,2495,5207,59184,2495,0,True,True,True,22098,23349,23349,22096,22095,6821ac9da8c071be0bcb470e0b8cff3eac2659fc54e43b654b98ceb79d11088f,7d74731eb9ae4727a57c9d6f7612a8ba63b4ce3aa12f6dbd1050ad6edbfc515d,exhaustive
3685,descended,2587,2587,5352,59216,2587,0,True,True,True,22110,23361,23361,22110,22109,cd9f3293941851668565651188292e9ceb26d54cc4295d80a433a5f53df8b250,5287d3ed213f30e20e7939ea2f91949a288ecc413e479f8344c51c15fe1ce9c4,exhaustive
3687,descended,2538,2538,5276,59248,2538,0,True,True,True,22122,23374,23374,22121,22119,a563630c1e9021713a7a86eb7a742981f85831d5dae9adf788d580a4882fd044,7626b27d92cd534d0d3fab94cb8372bc8cbcfefe1cc70f27750a050e01929462,exhaustive
3689,descended,2899,2899,5850,59280,2899,0,True,True,True,22134,23387,23387,22132,22135,7d6a1da3c9f94164d2680ab5595ae73871322e8cb9a5077f4ff9af9d8dc90713,06f858c88b9fb112cce7e4b48ae33d3d1cd6cac207623e8f775110a842a3cea2,exhaustive
3691,descended,2870,2870,5804,59312,2870,0,True,True,True,22146,23399,23401,22144,22146,cbce89da20aaf21f48a1872ab0dc126b44b393d3c81f440a17efffb4ddef5ab5,939e0e9b1414faaefe0b6138edc15d4d69993c7a6fecff962c8d46c36924b555,exhaustive
3693,descended,2844,2844,5763,59344,2844,0,True,True,True,22158,23412,23412,22157,22162,0c9eb4f4a89c77583327cc7fbd7e0dfb6dc906f4cc1325aaa32c343a882f7d21,a56b8d7ded883b69f0f66f41bb5a2836dd4957cadee1dc4cee184b0e580d64f7,exhaustive
3695,descended,2833,2833,5747,59376,2833,0,True,True,True,22170,23425,23425,22168,22174,e38dc8e0772607b38609904742177f93d9b794cefc8e492bf30cecca2e53112b,44d30801f02841f94e1b94546d58bf12f8df81571fe4152565e18d2eab33ef70,exhaustive
3697,descended,2799,2799,5695,59408,2799,0,True,True,True,22182,23438,23438,22179,22181,6b119426068518e933c751788abf902887fa5ea68a1f40157693afebbef2ea67,35034557f4ee9c5b0891c7a4209d0e1837834512e4f702505d59b05085a73f96,exhaustive
3699,descended,2701,2701,5538,59440,2701,0,True,True,True,22194,23450,23450,22193,22196,451323514637f300e3aa473e2b8f4e71307383c3f13bfcd844fdfa5dc82eeb82,655060c0ce529043081520545bf2e4be0543c4d0fc2861fc13a5a6bbbbef8cfd,exhaustive
3701,descended,2675,2675,5497,59472,2675,0,True,True,True,22206,23463,23467,22206,22206,674d1385c54bcafc011f81fae8699fac54592a981a89922ab28aa85b2debb5fc,b20d167e3b868a66ceca6b7ca224a994b1470de4f7345c64a4d802e4772bb433,exhaustive
3703,descended,2638,2638,5439,59504,2638,0,True,True,True,22218,23476,23476,22218,22215,dd180835b634aa548fcbd3e9931a8559e36a556bce3ac62e1df1506eb283813d,52e7c1a585b17f89404c3032ecd35d719e9adbbd4a78abe2c92b0bf6b0c6bdc4,exhaustive
3705,descended,2599,2599,5378,59536,2599,0,True,True,True,22230,23488,23488,22230,22235,d9034e0d0c9c0f9060d20616c810112bddc3f4a1fb7d3f803a0677aa981775c8,1e758c3a3524f1ef3d029bbf3d3a56b12fd6d305ef5f93cb43963ccaafb1038b,exhaustive
3707,descended,2921,2921,5890,59568,2921,0,True,True,True,22242,23501,23502,22241,22246,5362386095264a8ecc1426b9ad21685efec18bfe4c3bbe6ab82966e84d409c21,6034e0f0161d103fa9732a02ecb9921587e1d5f504dfb6b831d39c95270dd1de,exhaustive
3709,descended,2534,2534,5276,59600,2534,0,True,True,True,22254,23514,23514,22254,22255,bdc7ef39e8e82d62a9bb2d5f4142f5fbce1035815fbd4ef5101531227df56e47,0983c5bd9bb0c16c7bb0edb5b2d0a0d9af65358bfea7f1f7b117aefe9d4bcb0d,exhaustive
3711,descended,2847,2847,5773,59632,2847,0,True,True,True,22266,23526,23526,22266,22266,59a389582156a777fdefb659f27c064d4fad683d1ed72652e08627f88d598eea,16b5da0825f74f3f1256579c27437925e70a2a7ebf3a22a7b57c29bf129faab6,exhaustive
3713,descended,3179,3179,6300,59664,3179,0,True,True,True,22278,23539,23539,22278,22278,e43e3927d70584957787b209098f5a8abeb80cb050d920d3ab7ca9e1f06455f3,1c3dc2d22090922b493193ef83624e27113a030b163bc5eba9e8e83628c3eed6,exhaustive
3715,descended,3130,3130,6223,59696,3130,0,True,True,True,22290,23552,23554,22290,22294,5db9f49fb9d10636be7f70a0e1ff447562ae6529eb46765bd6902434af173e0f,50a6d4c410e5b57b2edd52ed3abcf21a37f908d8f381c7c9d09f49548e2adc2d,exhaustive
3717,descended,3108,3108,6195,59728,3108,0,True,True,True,22302,23564,23564,22295,22300,f3f726546374c37a744c0c2e1fa1fd8a73986e9864f2b6e79883db339cd2b235,71ae68d70f0f0763cc074caa0974cb55578cbe4e49a5a02bad58d08fbeba57a9,exhaustive
3719,descended,3086,3086,6155,59760,3086,0,True,True,True,22314,23577,23577,22313,22310,0cb6980df371603510279bf95355e17ad432d1e498a364108579afc7444b655e,8ebb63af9be2274aef947df0451f613f37949a775d41eae6e016f5cf038f3f1e,exhaustive
3721,descended,3069,3069,6130,59792,3069,0,True,True,True,22326,23590,23590,22324,22330,55831a6a65bf30db9e533d0ee73a79a9fa294bd107dddf606d8b82e30e6d928c,9a9b8cba81730f866c78aeb351e48a2e1f091dc2f483b91e6a997f92fef78981,exhaustive
3723,descended,3028,3028,6067,59824,3028,0,True,True,True,22338,23602,23605,22335,22334,3b20989ea3f43d7470afbce0780205fd76abb7669c2a07976da5c833eafa23ca,bd3c8d3f9d8ef05a0d1c6ca2d11ae381928a550149392cd0ec85ee0fac087002,exhaustive
3725,descended,3013,3013,6041,59856,3013,0,True,True,True,22350,23615,23615,22350,22352,2e7f2fdf59df41e68ae1bf38ded8361a25e6fe07914542198b78f4ceffd1f2da,875e1de6b106aea2ff12f025a2cd8ebfd108f1dc091602f3e4c22f2c6f6bc51d,exhaustive
3727,descended,3114,3114,6202,59888,3114,0,True,True,True,22362,23628,23628,22361,22365,fcce7d1e6e774284f5526f13367cf5611bf2f9d648e0d91a19c36c53c34bc854,47ce584b1076975aac02012782bd3a242003e69f85dc286e5592b58b0635db1f,exhaustive
3729,descended,3077,3077,6144,59920,3077,0,True,True,True,22374,23640,23643,22373,22374,3cc91a497fe13e2ffcd19c3128a9b1688c2986afa5b4d8d3d44b5707eccc03f6,451b8f5c71feb240703db9a47da338bc12b8ebae909d88efc76456af8fbc28b2,exhaustive
3731,descended,3056,3056,6111,59952,3056,0,True,True,True,22386,23653,23653,22386,22386,545350596719d6af49377559dfdefc7bba5ce4e67ed423342632811034ef7523,3acec3393e02db8dd1039fae0bc10bce292b24fa2063969d9fa3f31f5cedb2e8,exhaustive
3733,descended,3272,3272,6458,59984,3272,0,True,True,True,22398,23666,23666,22394,22397,f6a2bac7d46865b600e6572de34a2df514e8458713b2668a32ddbf9044588604,e290c45bc393dc7b5ebb347111f3bd559993ccef58b5366ccb5ae5d9bcaf9471,exhaustive
3735,descended,2960,2960,5960,60016,2960,0,True,True,True,22410,23678,23678,22410,22411,681cc4ee17d09aa455dc398a8fc2f9a1906bf8db4ab7eb5feb4d06ee815b4ebf,48a72fa382008d7054b46159b40352ef5b5f3d556e7f1c30b31056306150e7f3,exhaustive
3737,descended,3148,3148,6259,60048,3148,0,True,True,True,22422,23691,23691,22422,22421,05cf4ffba6d35a7264c8841a4325a064fa2ca53c99759b47dcee2de7e39e5759,d055e78ec1ff6c5ce3da00447bee22a29297115f07b9bb55cff9b5ade5b8936f,exhaustive
3739,descended,3105,3105,6192,60080,3105,0,True,True,True,22434,23704,23705,22433,22439,6986c067c9aba49d8569b1c10c1e56467e325293a45be6365030d3ea20ab7ea5,d7798afc5e6861e4366e7a8431a2082bc0fbdb6a8dce0802ffcb90c9a14ff459,exhaustive
3741,descended,3296,3296,6495,60112,3296,0,True,True,True,22446,23716,23720,22446,22433,50d2ec3dd839d68f15b34c8e9292d2ce2b7eaefaf97746c62b8bbdb47012042d,04fd331ffbdd73139fe772934132f8c15fe58c8b95e52ef2be42536640f920c1,exhaustive
3743,descended,3063,3063,6128,60144,3063,0,True,True,True,22458,23729,23729,22456,22459,d0d2b83d4577b45d9e6843411eba70815aa0c22f08ac1eb536117ec17710927e,f04072313ab778c4f8531b9353d3653d779c0d4f0810054b03dd94ce9c85a14f,exhaustive
3745,descended,3219,3219,6377,60176,3219,0,True,True,True,22470,23742,23742,22467,22467,40bb5d310a99e01dd5e601e18f38be5d31fc359dd6a22cbdd55f3cfd391cc25b,ac7fc4d86ee994a47c8759a6260877063057d8a9ba202d1e8df5fcc1be91dcea,exhaustive
3747,descended,3158,3158,6278,60208,3158,0,True,True,True,22482,23755,23755,22482,22489,fd7d9e7246dc6aca16aa4b511cab6265a309da6716fb54697de328993cce805c,662292efc6769c4f641dc598a982d671af44cbf95712feec18f5a575080ac373,exhaustive
3749,descended,3331,3331,6553,60240,3331,0,True,True,True,22494,23767,23767,22494,22494,feafa6d8b03b842d8a83c37931bbc39fd1cb9c8255aa54982bee531919c61a55,64d32e60821a4701d6e15154eb39f5d4df80fc10b52ea6d8182cc345e3808aff,exhaustive
3751,descended,3102,3102,6191,60272,3102,0,True,True,True,22506,23780,23780,22505,22515,a0575ebf4312402141b5c6d25ad8ea6bedea8af6d26085d44402fc7a9f14d580,893161455d64269bbe858e1254faabf1a5e206756e5f0d778b1817148770d768,exhaustive
3753,descended,3275,3275,6466,60304,3275,0,True,True,True,22518,23793,23793,22517,22520,2b55259181f1b64fdec1a3e24b1c8a7a410c16f2723d878ce23283770634a751,d0157a154c868dfd2ca990617f0cb1596a8a8738afa6ee583d635abdc7780d85,exhaustive
3755,descended,3262,3262,6450,60336,3262,0,True,True,True,22530,23805,23809,22525,22534,28d142043ff8c8ebcdcd61a3cfb22434d3016ebd4d3d08483a7fb2e8f4dda05b,083c9b0c0ee2d538508db6b2d0aa715a66a4def61e1b0de0bddef90c6933e822,exhaustive
3757,descended,3196,3196,6342,60368,3196,0,True,True,True,22542,23818,23818,22541,22540,5fa888f28964fcdac1615bcc2fcdda20c24da54aa6dcc72657205cd1044452fd,8cc9bf94f00ca84bc644fa88c6fb92ed9857215ad6adab48be7db09cc1f8a3b0,exhaustive
3759,descended,3142,3142,6257,60400,3142,0,True,True,True,22554,23831,23835,22554,22554,8a7aa6ae8580213b91538e448afb51089944e6fc2f77fc7e0ff6dd0f3a22fbde,eac3edcd05b550bff95f6a6015f754ab5fc9d4ba2f1d5a434e7bb955c1ce1254,exhaustive
3761,descended,3105,3105,6199,60432,3105,0,True,True,True,22566,23843,23843,22566,22566,24ab4907585235e946ac886158f5a5ac4979bee57dd43380158a0bce90a20ba4,ce641f8abb70616162c5b6c49d33de619db9c61d0b263d8edf0839ca5cf7cd41,exhaustive
3763,descended,3006,3006,6043,60464,3006,0,True,True,True,22578,23856,23856,22577,22579,df0bcc26d322d8af60eb06a3701cc0ccc565c4a9a4fecc104a0a30257523b2f9,1b0bb19d51f683b25adefe0861d7bd6c9562918f235b2e0021cab6d0c11c4260,exhaustive
3765,descended,2959,2959,5969,60496,2959,0,True,True,True,22590,23869,23869,22590,22588,74ae070cdc6848a8a25ccd4da663a8b2bef9eab617e4db4f46d4ceba84371d4b,d61063d5bb6e2cc129a41bd0950e966b5560790bc82402faecda16dd21110b29,exhaustive
3767,descended,3132,3132,6245,60528,3132,0,True,True,True,22602,23881,23883,22600,22605,82321a3614858035b4c03d9b74c1d54346293efdd0833c608d9ebc591238c17c,ee6478f9c50e5b60d43604b046739462b5b61c8618af2f4083ee9541c83953d7,exhaustive
3769,descended,3102,3102,6199,60560,3102,0,True,True,True,22614,23894,23894,22612,22614,b8453893ec12207e18e05da0dfd9f4b81540affd1d89a4bb06869460020a45c2,ebe832dbd685fe1c0219e1a91be547352531cf264f22957df23ec0d5b4bc6815,exhaustive
3771,descended,3073,3073,6153,60592,3073,0,True,True,True,22626,23907,23909,22624,22631,fa19664dd896076359281a378fbf727b2703306dc0ffaa20a619cffee57b9665,eeaeac77ff2f46201b89790b9e24f51fdaf90fdeaa1008d740cdc74d03261aa8,exhaustive
3773,descended,3231,3231,6403,60624,3231,0,True,True,True,22638,23919,23919,22637,22641,c8590ba1dfb9022081a02ae8c2f5eef5a27f6ae09bb1a9c2487a6e252a629bf0,753fdc927e5d874b4608614e8fed200e63485f3bf9d4b7f7fe9324b38d181d05,exhaustive
3775,descended,3034,3034,6092,60656,3034,0,True,True,True,22650,23932,23932,22649,22648,ba9ec4d14e53c40bca3ae09149c1b339fdab2c9b88e4f3f39604d2415fe09843,f8f0230c578cddd5fc4e11628a5add2704da3d502f2de54d26bdcb40f25397a6,exhaustive
3777,descended,3182,3182,6327,60688,3182,0,True,True,True,22662,23945,23946,22661,22660,6086eb96c212bbb95c18070b470a7accebd5633cbdcc8223d0fe8b77330c13af,0072ddfcdd77a301e74c4c0f5f83de28d5a33a98246fbd46ea5849c6ccb2c484,exhaustive
3779,descended,3163,3163,6301,60720,3163,0,True,True,True,22674,23957,23958,22670,22670,2f1cadb8ac23342886a4ae3f9bcd4fd9eda5365608e287584c65dd9e880514ed,095277fffc005c57f07c2fe1bd1edbdfeb5b495feb5bf0cfb5a64f5b730746c2,exhaustive
3781,descended,3140,3140,6262,60752,3140,0,True,True,True,22686,23970,23970,22685,22685,e0d84694d0bd09abca0e063994eba14b7707e8fca15e90a341b7a3836620a2c8,e24b379b009989ed8a02987148e3f2bac277b0b8741a75b5331904fddd6f0cdd,exhaustive
3783,descended,3094,3094,6189,60784,3094,0,True,True,True,22698,23983,23983,22698,22696,82f56807b26feae1537779ec73701f64276c77678ead784f1bd45f0b2d6bdf45,9ddd2e09658841a255665f1983dcc8df7f0a0d573487a654f0043c9addab2b3f,exhaustive
3785,descended,3155,3155,6287,60816,3155,0,True,True,True,22710,23995,23995,22709,22711,74812e570658a979c987d73334fb943ac149c1ca3322a146b1143e02c7dcffcc,cc3224506eb88bb26905d38ff02d3978da6f9f660cbc0f866b8909c020a32c05,exhaustive
3787,descended,3135,3135,6256,60848,3135,0,True,True,True,22722,24008,24009,22721,22723,70420965884d50db1c61656f2e906b979dc6dc9d2ed71c13acb32d8c5353373d,8ccb0c457316b96d97cdcd9aee930bb5c6daef22e3613ba56217fb16119d8438,exhaustive
3789,descended,3093,3093,6192,60880,3093,0,True,True,True,22734,24021,24021,22731,22736,dc5683e5d3042867af14de1969d10d07eba2201d7ad0fe6776975e23954b9154,750e1291aec367f20564e19600a0347f9bc6d9f3cebf543fa32a588252f49a5d,exhaustive
3791,descended,3061,3061,6141,60912,3061,0,True,True,True,22746,24033,24034,22744,22745,0907c22dc9ace6a0c95a92121476d05153a1a722c3cd71af778b2ee405f1c918,cf5395d1c9c58577e04c3e68b691f555281bc1803e322aa639fc3205cdaaa03a,exhaustive
3793,descended,3032,3032,6095,60944,3032,0,True,True,True,22758,24046,24046,22757,22757,e90a483e55bd62e6d86e99151a2616c2716a8a5fdb137bc230b49776094ad3ca,bc88d43b241d74706e8c371311f6e6d377a268bcfe16b8947e47b4202502e28d,exhaustive
3795,descended,2983,2983,6019,60976,2983,0,True,True,True,22770,24059,24059,22768,22770,8081270494d501309c5742a55c410ad74260eeff0ca416be8b66f09f074af91d,0c0f3aabf2a4b9587ba089f94ebd680d43fa9d8533bf7d387206c1f35d00abb6,exhaustive
3797,descended,2953,2953,5970,61008,2953,0,True,True,True,22782,24071,24071,22782,22780,53562a9dd5d92f384f9b9c6a0cd34b77e7cb54c92c64abbc46ba2600101f0391,2fff3637f437a5e4603ca2515ee7f7786722fc0adf747fa4a5449827566379c9,exhaustive
3799,descended,2899,2899,5886,61040,2899,0,True,True,True,22794,24084,24084,22793,22798,197cc48d1e104a2625beba269a06364a132245de2b75470836d673cecd0d1e12,d0ceb8cad39d76ae4c70d7a5bfeb0f1b5b0c1cd774819625a2f02cb4bd56b372,exhaustive
3801,descended,2881,2881,5858,61072,2881,0,True,True,True,22806,24097,24097,22805,22808,e6f8ae06b8f93be4bfff8fd689ec16879c313c71f6d5405ce9bdaceaf35da664,37de0a2988040934d66b13bcb5ce4f1f2f581de9efd04c056b0a22b2a76c0479,exhaustive
3803,descended,2837,2837,5791,61104,2837,0,True,True,True,22818,24110,24110,22815,22828,eecc493979e0a285bc165740fae6a01966e6336e416409bb34d66ca6541132ec,131628848479193f7078a2045dede2f06fce219ce8257aa349a43672a34e555a,exhaustive
3805,descended,3129,3129,6252,61136,3129,0,True,True,True,22830,24122,24123,22830,22832,43ffce7471230e456fd2c5450670ae2529066da4bd72179728bb20458cb4f6f4,e0e4864005b4f0728b8db75bebc7d4697b3c1443cd6b2e2f92c0cd30b96bc2b1,exhaustive
3807,descended,3099,3099,6207,61168,3099,0,True,True,True,22842,24135,24136,22840,22841,affdbe3bdb2c7ef4604b9236299e94274378eeb05009b2ae2b763ff378591365,6de1a7c17f6b5fd4e8542d0ba95fcb088cc37e9a6731eaa05d2190e003e10b1e,exhaustive
3809,descended,3064,3064,6151,61200,3064,0,True,True,True,22854,24148,24148,22853,22849,a5a356d2fcd9b671c8b065e6fbe4b352340aed3d923b59342ac3bb612c545b14,619873de8f977270918bed4dd3ad84c043d765e385728db8d7b87af15d30b4eb,exhaustive
3811,descended,3044,3044,6119,61232,3044,0,True,True,True,22866,24160,24160,22866,22867,6f43a41831ba1f135560a93b8b47c494ca62a2ed0f1ad20d81717693c1053c8e,92c346ec12419711b49eaf6a53c0d6b5d9a316b45675b0857fa744c870615232,exhaustive
3813,descended,3022,3022,6085,61264,3022,0,True,True,True,22878,24173,24173,22878,22872,c83e85af410477702a4f97c577d9a1b62bbb896da62a5b96826a18301eac7863,db4ef75c83845bf537515a044bd53ff21d2c1b675b6c688494284dc428e8de77,exhaustive
3815,descended,2994,2994,6042,61296,2994,0,True,True,True,22890,24186,24187,22889,22894,b31edc8ea0da37db3178ab97a9d04394cec077f0b549f72407920012489754bb,393347269ddbc567365b6882dc18a1733a56b848a143045bd98d819ce64426d0,exhaustive
3817,descended,3281,3281,6497,61328,3281,0,True,True,True,22902,24198,24200,22902,22903,df32751040daf4e1e8b3c391f36c1a33a30ba12c389a9f069b2e13103f2e969c,a6e410b1d01b8ff1053328e9415fdf3d1d0ee5a935aca50d8c20c191086562ec,exhaustive
3819,descended,2938,2938,5954,61360,2938,0,True,True,True,22914,24211,24213,22914,22911,f4d65c96cb09235f192cbdbd893d5c2ce3d6f1acabdb32598e3522b011076c7e,cd9250ff35ae1e690265bcc54acbbd601e4fda3ebd897c9cc18d6a4026c8e533,exhaustive
3821,descended,3234,3234,6426,61392,3234,0,True,True,True,22926,24224,24224,22923,22932,b4765ba3fb52811f96dfc683109c0c9a043d97f8036c7e3b744152ebd1d2c48c,c9ec2cb5332ac3778a0d0c5421c39e1ec35cc56981c2b3baa88fa52d611152ab,exhaustive
3823,descended,3213,3213,6393,61424,3213,0,True,True,True,22938,24236,24237,22936,22936,745b9e28082457791c6cc153f4ae4a9d9f5f5b1a427be15d7fb0f25293828b8d,5b78a2aaa7ac44c720f6f99c394306f75a9f12dd5e17de50430d8f41e9968e0c,exhaustive
3825,descended,3150,3150,6292,61456,3150,0,True,True,True,22950,24249,24249,22950,22947,9fe04be7d6c8607f5c1a7f569f3d158a4fc8c6bed36b7ccc46dec0519b7f474f,806e2ca5178f241444f86264111d045734588f04f1c890cff90e67d880690b6b,exhaustive
3827,descended,3221,3221,6409,61488,3221,0,True,True,True,22962,24262,24262,22958,22960,effa0f9ace7c4ace059bc74488e25c77546ffdf6b50394448f039e35e50505ff,5843c2e774361a7e2816b3f3bfd23630e87294964ef7bf2020354d17395daa02,exhaustive
3829,descended,3022,3022,6091,61520,3022,0,True,True,True,22974,24274,24274,22973,22973,41cac955ec5334ab975d3ef7148a458f5be4f7dc8b138526d714abd456f37c5f,bffd5bc8e30e71a17b0872893b4fcc7726e0ab6cc711ba39b7f803d4542328b5,exhaustive
3831,descended,3004,3004,6068,61552,3004,0,True,True,True,22986,24287,24287,22980,22990,b58f07a6532ca1d3793296e98783386b1f99603729589bdab9e760264e2cf3fe,afa599d87c8741dca7996969e7ce95e8c91eabf97f17db25a56f36867ea27e65,exhaustive
3833,descended,2982,2982,6029,61584,2982,0,True,True,True,22998,24300,24300,22997,23001,d72fe38fe33848b41317c1912d7d59b9a6028d8cc6d4949fa2cb51084ae6e806,33fada194ffec5ab86ade50283979f9a01226ddccb1b0bb540fbf1d38dec60eb,exhaustive
3835,descended,2960,2960,5994,61616,2960,0,True,True,True,23010,24312,24313,23010,23005,014e58878fc52b9482d52e566e09ac69747f78679066830ec164f03d01c9209c,17aed6a5daeadab1d3f1689a12baf4f433858ee6bffe1c461092c9cd8bc93d30,exhaustive
3837,descended,3365,3365,6641,61648,3365,0,True,True,True,23022,24325,24325,23017,23022,0218374511cfae3deb27d6a7d1c4009f26c554ceee9412af525b6167bd9c1127,3a7ab7f0f8a87e3bf96491e04c7cd1b4291a81b28efd05849df2aa410d9c4e70,exhaustive
3839,descended,3029,3029,6107,61680,3029,0,True,True,True,23034,24338,24338,23032,23036,c6ede0012a677a853f37f0c2eb06a8f739d31c1d2541c7bf4d6fedc7bd9acbf9,dd193e5c441f0d50b4e7cacf043e05e0344c3842e154a094e0a2ff74cd265871,exhaustive
3841,descended,2999,2999,6060,61712,2999,0,True,True,True,23046,24350,24350,23044,23046,fb58f5bc0635711045d0d91d84251e7ee067213e7ddb78cda2565fe168078183,1a7b5424eb15014d000b81a445fa9376130d906c5af1409f2d8a643fea38afa4,exhaustive
3843,descended,2943,2943,5970,61744,2943,0,True,True,True,23058,24363,24364,23058,23060,766ce7f40cf003bad1dd8b8f61c50ca9f3e3c547304f42d5932aa3a3831fc4ef,37ce328d2d9eeb252a85bac307b0dd6bc95b9440b2d83b9bd48151c3fdcfdd33,exhaustive
3845,descended,2867,2867,5851,61776,2867,0,True,True,True,23070,24376,24376,23069,23068,b4d3b52f214306b75b8f9b0a3cc7f98fe7572a9977776bae291a31943dd5e954,53743177d8a3ea3bb6d25bfd44efc97de34877fdbc932956001857f0a003767d,exhaustive
3847,descended,3340,3340,6602,61808,3340,0,True,True,True,23082,24388,24388,23080,23083,c01bf85c79d3d6e83c8d9ac27e7f467c321fe39d2376d0b09745becd310bbe20,9007fcbbef10976a4d85412836b8daa48da9d835d85ac2085e79076f9d347c67,exhaustive
3849,descended,3298,3298,6535,61840,3298,0,True,True,True,23094,24401,24401,23093,23092,4b8a033cd0597ab4816393f4cc743b230ec75b5c440f637f7d8c5aa880ca56ca,9436da7535d5f178db07a321ff3756381665aca2dafe1856dd0a6a76bebe09f2,exhaustive
3851,descended,3273,3273,6497,61872,3273,0,True,True,True,23106,24414,24415,23104,23107,f8fea2d8b9ff315dd2a273b6b36a5dd10dd5e49c83a048a614c344a8b6cf2fab,b78889801d9bd57757a2e5459dff700ae77d2330d574c37628b5d494c15ace88,exhaustive
3853,descended,3226,3226,6422,61904,3226,0,True,True,True,23118,24427,24427,23118,23114,78c895ea6b61100fd8e876c29c3e4305f902d5cbb8a71338dae077e9413a0c1c,2a3615134cba4f0d1c13cc4acd15f03740e91d8dc2f22c0eca00ac3f3c131c8d,exhaustive
3855,descended,3206,3206,6391,61936,3206,0,True,True,True,23130,24439,24439,23130,23130,778be5e2e6d3ff3641a55a30e0503094fa90b9a09d37fac5168d986af1bdefa4,2304da372089cef27df4c8be34940d6974b9735ba553593802a173c09c90395c,exhaustive
3857,descended,3072,3072,6179,61968,3072,0,True,True,True,23142,24452,24453,23142,23143,f408071f171b8ec48f9430880a08cfdf6203e6b288558d321bd45c7d23ce5df7,a393b632f2534d0b1f1d142aa5e84136f14597283f34d21c4df664a3d1dc5dae,exhaustive
3859,descended,3054,3054,6155,62000,3054,0,True,True,True,23154,24465,24465,23150,23153,7c583be0f4ebc405b00f337920419882a2a853d1bde92df1f4b11c62de1ff213,b8063a5e8aac34d637df1ce0ceb9b816fe83ce2c76bf9e76f046bc75187ede96,exhaustive
3861,descended,3430,3430,6748,62032,3430,0,True,True,True,23166,24477,24477,23166,23168,c88b83830fdd6a394054cbea8132244e79bd8e1cf4f4bed06df3831b22388653,7c741ca40d0413efdb139b40736b8c4a35c3ef6d6f6b366b66ec0716a963bff4,exhaustive
3863,descended,3409,3409,6718,62064,3409,0,True,True,True,23178,24490,24490,23175,23179,79dac59a5caaef5a2f056f3540c76c972a83d4b4b8c92e20106340bdeb437888,6bc12de13522ecb1d0ec64868e0f175d8ea180ee02dc013880e720595e7ace2f,exhaustive
3865,descended,3365,3365,6647,62096,3365,0,True,True,True,23190,24503,24503,23189,23189,be44f3cc55e1e8f22eb5524fb56374efa81e656688c269a4e3c4fb5a5d19dad8,783afb9c9329cb24ba52c29940af980ba51fba2cd1d8296618160341cf8d2469,exhaustive
3867,descended,3350,3350,6625,62128,3350,0,True,True,True,23202,24515,24516,23200,23203,9114fbfc93bff2a431ed745e194d06e1cbdebe053df3f77322391b4958146610,c20f945ca3f2d226fe85d35c7145b138871326d9ef57cffcf83784af5d8361f8,exhaustive
3869,descended,3316,3316,6570,62160,3316,0,True,True,True,23214,24528,24528,23214,23218,d5b89b788c16ab0ffbf01dc3351bce4da21713c0ca0b53d1b49e594067627ad3,0ecdd8f6940df094a384900207927b70296fdf125967e980f50d3b4199872819,exhaustive
3871,descended,3293,3293,6536,62192,3293,0,True,True,True,23226,24541,24541,23224,23231,0f22631377b1046f369ea6f22582b089899854dacc0b34f05bf8f167e9bf69d3,a929f801b107ce5e8dd9d4e9c38869d8b546449b4e36450666e646beec521c5a,exhaustive
3873,descended,3265,3265,6491,62224,3265,0,True,True,True,23238,24553,24553,23237,23237,2b27deea3d60f75177116665d5012c392e2a30d8dd077b2ccd04caf0a44537a8,4198a581f1d46fb29517220866b74a172a4a92850db5b9aa66172c7e5a3588fa,exhaustive
3875,descended,3186,3186,6368,62256,3186,0,True,True,True,23250,24566,24568,23248,23252,e9bd9a95bc1f354f29d57c45956ea7c9a8d9c205182270be6f549b50c2a40bab,ee2f7967a23514a732792a35722b9e3ef588e75d862cfea839b931f9e873928f,exhaustive
3877,descended,3142,3142,6297,62288,3142,0,True,True,True,23262,24579,24579,23262,23261,84e4c4bff6cf1a4c2e37d3b4fe54d551282d6b6aedf4ed17e3bad565e62174e8,81dd322b014db54bed710e1ca3ea96cbe5ae965b5c56e1c7cb43f3cd34f4a492,exhaustive
3879,descended,3083,3083,6205,62320,3083,0,True,True,True,23274,24591,24591,23273,23272,031aa498592ad24b492bdab8159a3e32b373896c95539d217a26c38fb211f482,47d86797b1ca5c71c4667acee5c505033be5c3a1b18a2ff25a26762af153ba22,exhaustive
3881,descended,3044,3044,6143,62352,3044,0,True,True,True,23286,24604,24604,23286,23287,90bb8aebf55db1b62addd94ba78e505e10dc91e5fca3edbba8b2a23772ffbb11,a10d2c9a4b1379959823bad1443f5c95159ae141f730e818d29cf5b7ab6df547,exhaustive
3883,descended,2997,2997,6069,62384,2997,0,True,True,True,23298,24617,24620,23298,23296,e141cb73dc82f32a1c0a75c402f80d06603856db3acad412c10af5f2f4200a30,ddf38ccb1ab6c1da4b84ad167a23a1b6ddad679a8aaba443a7660ea868a73af6,exhaustive
3885,descended,3032,3032,6126,62416,3032,0,True,True,True,23310,24629,24629,23309,23309,104bf7d6cca33f0d9ce738a9c0bb648fabee3dbe1a10f8acca7a1da97a8994cc,4d562532a77196af2cb3766ed6af863cf3a12b50b161fd5a9422a621af094bfa,exhaustive
3887,descended,3711,3711,7202,62448,3711,0,True,True,True,23322,24642,24646,23322,23325,1fd7d09fa8358aab6eb80d53205f7364ff26835d9bd51471b705afb93789ed6e,6a7d365ef791402d4b17ae62a842c084e9ff6e4a56e2b0182d325518d29e850c,exhaustive
3889,descended,3665,3665,7130,62480,3665,0,True,True,True,23334,24655,24659,23334,23331,6fe5c6527165a39fd6d3e521b8127405443cc627b4b7879bb7b52212a3fc16cd,c828e591acfb68159ef463896e7e3753f84e8e108161031a2e12d0d0b2239bf8,exhaustive
3891,descended,3639,3639,7091,62512,3639,0,True,True,True,23346,24667,24671,23344,23344,c1ab6ac5c0a197ecb550df00eedde62d20495f1e1ab1755fd18eb2f7b2585e83,7aefca76a44c5ee56afdb087052cb2c5f6ae36b9c8a14f07a56633d3d32d6ee0,exhaustive
3893,descended,3601,3601,7030,62544,3601,0,True,True,True,23358,24680,24680,23358,23354,900ad913904e009923475cf17606550bef802d2acdd15879b858132c8007f545,0fd43b17e8bcacaff1cdfa8812ac55b8aa9115e660a2228b288d4e2a2f7ab96a,exhaustive
3895,descended,3549,3549,6949,62576,3549,0,True,True,True,23370,24693,24693,23369,23368,fb4d5a038b8339442478f147776e2a15f31d8e9a43359479fa32722c83adccf3,1f84969d66cc0f8d2264dbf29ab7ac7d5fb394a44af6fe2de3a7f08109219d9e,exhaustive
3897,descended,3468,3468,6821,62608,3468,0,True,True,True,23382,24705,24705,23381,23382,0b17fabd48b9a991a68a6134b57fc216e0bfde1d4b038d322a1b2104d2b43100,b63f381f684cb215c57160374bd60b47bc73f12709a4deba501b7bf04888eeee,exhaustive
3899,descended,3402,3402,6720,62640,3402,0,True,True,True,23394,24718,24719,23390,23393,cd272b2aca55c8b3674c02a3977e8d139573024a7e82a330efa5b264743e0980,4c1016ce609cf962ca28cefb8297d3de19aa08dc4d12feeb892dee8930ad900b,exhaustive
3901,descended,3355,3355,6643,62672,3355,0,True,True,True,23406,24731,24731,23405,23406,750395f0231646234cf61ca1fae80dec5556e378a1cf80b0c3b07a4d53166893,7924f496c3a1a903291a71baece43573acc4ae2bba06a68527055a0f27958efa,exhaustive
3903,descended,3330,3330,6604,62704,3330,0,True,True,True,23418,24744,24744,23417,23416,d4dc6902e1b3ae8a85aa19e45bc5032237f92b05e2c416eba5a6cb386708cc9c,dfddc3e40da188293f451ba2d2deb778b47f344aafb29bbe410e6565391b10e2,exhaustive
3905,descended,3280,3280,6527,62736,3280,0,True,True,True,23430,24756,24757,23428,23435,de03f31a50440c6330c3e51bcb92b01d091e88925424fd31a9ed76d1034ae74d,b7d7f417c7d1dad662e66d1f31ca3592f462806761b54b4599453db5bb8a996a,exhaustive
3907,descended,3212,3212,6418,62768,3212,0,True,True,True,23442,24769,24770,23442,23441,25788465e4b2ca38cf8ea97dcce921fde7a89e859e7d22998bed2f220a5a3bba,b8e4781821490c0dcf899a21c56c7b1644ab379462f205388783054ae8e3b3b9,exhaustive
3909,descended,3384,3384,6692,62800,3384,0,True,True,True,23454,24782,24782,23453,23455,dd8b713f94c2315d8087890ff72bfc30bef59724286ec8c1e9d739fb6e1f6cad,756386db40b18c5beede56533c2139c5ff0127c85430739631614f35e4e7bdc7,exhaustive
3911,descended,3345,3345,6633,62832,3345,0,True,True,True,23466,24794,24794,23463,23464,54b31cbd611e16ca251c85d65189edb1c4050be1e1e94ad8ed38b51089ea1efb,543455c7025b421e2687d906aa97675209bf6025648472be225c7005c7ec508c,exhaustive
3913,descended,3332,3332,6615,62864,3332,0,True,True,True,23478,24807,24809,23473,23478,3c03fa3dd48cf73d128203b87e960a94722bc44655cc18620af25317cab872d2,ef0c9cb2a1cd94f8ac539c2a03ff90ed0f3e66a72e16dea0c8ecc436179d5bbd,exhaustive
3915,descended,3734,3734,7248,62896,3734,0,True,True,True,23490,24820,24821,23490,23488,73b43ad3f54114d0fe6cf2182677c5fd5f1daae019a7c0d1c48a33e6accbe2cc,fbd69cc5381965600a0b1698133c498c398adc541d586113771b976dd9ccd6a6,exhaustive
3917,descended,3235,3235,6458,62928,3235,0,True,True,True,23502,24832,24832,23502,23504,da42f5e8e449c1391d41040d61b191111a92c28525846256c85b582576ecb044,e0fcc770df5c2e00808864703d147e0a7c56b8a9baf16a9b401b7e6d95b99bd4,exhaustive
3919,descended,3692,3692,7183,62960,3692,0,True,True,True,23514,24845,24847,23514,23514,8d1eb314518cdfa9d109285dbfedc47636989da4ee704681ec6dbb19072a5b29,970871450bc4b3c1243f5cd0db64485623c310d1492b80fcd7c8dbe1e3834b42,exhaustive
3921,descended,3169,3169,6358,62992,3169,0,True,True,True,23526,24858,24861,23522,23526,1517023a522d097e7e22b972136fb352dcb04d26c6ea79e2484770f4ee5f11ee,9c3f9cda01c43df022222f5e23efb529a65102e3e1e0c7d33614fa6360ad9901,exhaustive
3923,descended,3545,3545,6952,63024,3545,0,True,True,True,23538,24870,24870,23537,23547,c73ec3852c550a69b8836d754c67a25e14253afed5fbd72325dad7517ffff3a0,edcf0bf7f3c18390dca3b5559f019f4abd3044fd071656645d72320a4da916f5,exhaustive
3925,descended,3485,3485,6857,63056,3485,0,True,True,True,23550,24883,24883,23550,23550,e2a7974b631d6b3b8d3c6858677a5a66463671b12af69f70bc417e0915861ae1,6c4f7ad8f3330f6405fd487d368765af5f146add616729fdc2e67edd0d68463d,exhaustive
3927,descended,3450,3450,6802,63088,3450,0,True,True,True,23562,24896,24896,23562,23562,745e3ddebdf11b32ed84dabc1f4298514cb61636db91b9dd9ddd89e0a7371f7c,7ba617c55276f4c4fddf53bb796c0490855caa1db5b366bf8eb76c4fa4ffb249,exhaustive
3929,descended,3433,3433,6776,63120,3433,0,True,True,True,23574,24908,24908,23574,23568,cbea4fed6b0af70250c777dad6bf0bccb32fd612413900203f13ad7d53f97a97,26cd98bae6d9ba4a178866e715aff0b52e96cc321c59121cd5ac294a1fdf354b,exhaustive
3931,descended,3412,3412,6746,63152,3412,0,True,True,True,23586,24921,24922,23583,23587,6bcf12455a452ac2184df8937516d118bde721dd6cfee8ee4a863aaf71e7dab1,8cfac1118868757de483b7f39c5548eb18b8c28c0bf8cb3bb7bacf16403e366d,exhaustive
3933,descended,3374,3374,6685,63184,3374,0,True,True,True,23598,24934,24934,23596,23594,a5ac2184825e039a9f78dc0f88fafbca6c0c7211bd6174caf097b1e539d237aa,b6ed9a478626a33897d7fad1b813cfd56f6b03c7fdad728ccf6c6ae6746b4069,exhaustive
3935,descended,3343,3343,6636,63216,3343,0,True,True,True,23610,24946,24947,23609,23608,fe5421fc547e6a0b666e76b6be44e3ce11c63374a4ec8b1c5419fd4222e6f212,5be56caa7929eee40fa8f3aba26d7a2933c93aaece66c4fde31ec41c4488cabd,exhaustive
3937,descended,3321,3321,6601,63248,3321,0,True,True,True,23622,24959,24959,23622,23619,59a0e041e507e2a49cf66ccc3350df37914c7fe4c1008f8cffa2258f6a354c50,1707d333eecdf7f6aa80832d68db97f7c37f07faf16eae82c11d1165fce448a6,exhaustive
3939,descended,3307,3307,6584,63280,3307,0,True,True,True,23634,24972,24972,23629,23633,0f2eee874930261bfe3b09932a132ec3456f932b427e67fa249d25399c7eb0ea,f628f7541160ea487c12f003557627d461402f9cac9478b79fdc6bdb05e4e7e8,exhaustive
3941,descended,3435,3435,6783,63312,3435,0,True,True,True,23646,24984,24984,23646,23648,5672962d901dc934a6c0fce5a1da6ec4f97500a445193719c65388388ebea787,d01234fae4068917a4d13e66c48cb513ba3f62527f9fea392e14b41a74834380,exhaustive
3943,descended,3424,3424,6767,63344,3424,0,True,True,True,23658,24997,24997,23657,23659,e4d72345aff7809313ff24f0574aa52e77ce59047537bd76255ca20371d9c6ed,d81914fb13fb344cdc097df4cd4bac652b054101765ca815a55c0a410063c07b,exhaustive
3945,descended,3395,3395,6721,63376,3395,0,True,True,True,23670,25010,25010,23670,23666,d00f90b0273c15b0280178ca42fefe053f537fba64a843c1d4ecadd8175ccfb5,97a3dbd3c2e4030fd0ac04539dcd0c799ea1853f77e948f4a3a417438742b89b,exhaustive
3947,descended,3357,3357,6665,63408,3357,0,True,True,True,23682,25022,25026,23678,23683,43d88df477fec875bca3f6d3636790e72c83b52bc21ceb94ce87c5d65bd4dde3,03a7864b406e69f6b9829419507478d16273f8ea6c316bba4038ee3c0ee7437d,exhaustive
3949,descended,3333,3333,6629,63440,3333,0,True,True,True,23694,25035,25035,23689,23692,b400cd5299adea3a63c59b18589d4f734a029e7e067c749c04b63b18d1550597,f58df3ef497518d177a543eaf35dd29c819fbbb0e14e0befb8f6dfd6791973c8,exhaustive
3951,descended,3345,3345,6646,63472,3345,0,True,True,True,23706,25048,25049,23704,23700,1ee473a1c4b0cd83a5233ce129377b990b0a312e24c0febabd9a0ed054903b9f,a62651346313fe85352dd4504cdbde0878ea717280745ae837ab6b0bedba9ed8,exhaustive
3953,descended,3304,3304,6580,63504,3304,0,True,True,True,23718,25061,25061,23717,23718,fee8901080146a1ccf447666e1e04482105da08b107a87bcfc33cf0fc541ea79,f80a6e374ac57aee1739be50d7dcedd8b5cf85936cde0e32bba1ee3df62bc7c6,exhaustive
3955,descended,3262,3262,6514,63536,3262,0,True,True,True,23730,25073,25075,23729,23735,312eda7cafc373e84588e0d4df90b9623c483aba75d638fadf7c141da207a264,e5bd21b5a5e27e6a45e1544429bf29ff3157f2481d35cb6b4f98317b12d2dfc0,exhaustive
3957,descended,3119,3119,6288,63568,3119,0,True,True,True,23742,25086,25086,23741,23742,1d9b79ab3d0536de35ea8c49f6fda68dbbf559138803bc5a26d788a5f1249d19,5153d2b76a399b9763c20585cb8d1ccd1d24f0db28bfc22b08c2576035f26935,exhaustive
3959,descended,3106,3106,6269,63600,3106,0,True,True,True,23754,25099,25099,23752,23755,91141626248b86dfb2fb57dab87904016500334228627a80e648e7eef7494e9f,3649268bdf1db6127a7ad4280b022c0575ac4b683d1e90ce575443801540fde4,exhaustive
3961,descended,3136,3136,6318,63632,3136,0,True,True,True,23766,25111,25111,23764,23767,c2be4f3a3015aa9d26d80d8810bee8798c4cdc6976b8b18f698837a7660e7de3,dda121890e90b373b12c5e65caa9e9ec88b0b548bd0a60a522b8dab7b8faa38a,exhaustive
3963,descended,3116,3116,6291,63664,3116,0,True,True,True,23778,25124,25125,23772,23775,eef6e0e534ecbb42802025a1487efe8b5890b8c0ac9cb06e582c58650a9499e7,d267d102e7eac79a0f0cb842c8c0cc105ca5095ffc70b925834d268f668bccd1,exhaustive
3965,descended,3419,3419,6770,63696,3419,0,True,True,True,23790,25137,25137,23786,23788,d93e30ce1469d56af42771db1bfc13fc8c967618e7f8e28478ddf4782da10063,6db44ecc1e26a34f55916a43749fb449b69f4fa954c0503b5363f10fce0ece45,exhaustive
3967,descended,3397,3397,6732,63728,3397,0,True,True,True,23802,25149,25149,23801,23799,625e3312ef23839f74d5d7ceb69c943444d8ca4336dd140c0eaa61f903da486a,b32b5efb2d288ce32ae23ca0e7fd5654c9c8e628977117c6aa5ad15e820a74be,exhaustive
3969,descended,3343,3343,6647,63760,3343,0,True,True,True,23814,25162,25162,23813,23811,ecd2c6d9bfc738be39e90d12b0a6aa9d5cb0b4d23ca447fc678a072f19d9c9d8,c7f588188c666709b4cc23af082f4dd83f0df0c554fc35a9dbd06f1d5b50df4b,exhaustive
3971,descended,3322,3322,6615,63792,3322,0,True,True,True,23826,25175,25177,23825,23824,477dada7ced2d15bb536b493f2706464ac52f371b1727ba81bd8750b8c9018f1,c4d8e2a67723977ca9517bf63133459969f6dac4f9d49b14bde3014ae840f16d,exhaustive
3973,descended,2984,2984,6079,63824,2984,0,True,True,True,23838,25187,25187,23838,23839,59f28bd3169eb2c475a9f67a3b24d7f1021bbcc0714ab2e2e3a391a29d64f188,cfa1376ebfe50b2f3ddd367805a5e068d3c7287f428c508bf94045e1da995139,exhaustive
3975,descended,2935,2935,6002,63856,2935,0,True,True,True,23850,25200,25200,23850,23851,4479c6dff879fac3e521462e0b355e095cb527348493c7cf766d35c0e9d169da,4c1096b68fc0b62ad2c1211ae57c02223a63dc19bbc5e35c611a2534e2dbda96,exhaustive
3977,descended,3196,3196,6419,63888,3196,0,True,True,True,23862,25213,25213,23859,23863,8e3b1dc68bc3129ada60d4a1352d6aa3bdc5dc139468062dbbc3647c04e4d4ba,982bc54eac1f86aa311adcfdc3df6a2d55a12ea44435d7eeb61a0a0d6316bb91,exhaustive
3979,descended,3164,3164,6367,63920,3164,0,True,True,True,23874,25225,25229,23873,23873,06a6988cff57caa1c59318f0a5ccda4f18ff73373619d667e3c2f43a3ee6bd57,67fcbc02cf69fec358281792286a758d0d0bf31df43adae2a8b02097221ea928,exhaustive
3981,descended,3054,3054,6193,63952,3054,0,True,True,True,23886,25238,25238,23886,23877,6d31c012405c9cf038aa540d98609b38b5f4d5f47373262638a36383a4718a2d,4a4c65710f7c504ff8d10bf20e01ebf5f09104dae098245b418289bdcac25745,exhaustive
3983,descended,3025,3025,6148,63984,3025,0,True,True,True,23898,25251,25251,23897,23898,84b9139f9ba20257feb0f6830144b6f6b08f2c37bbde387c3d9fabcfcd6b64ed,dc40f1bbd4488d8517a55c5f74ef6778dca2aeedaf1a91208ab363d8033129cc,exhaustive
3985,descended,3594,3594,7050,64016,3594,0,True,True,True,23910,25263,25265,23910,23909,4e183aa3018978b931517df51979b35700ba36b7cf2188c0a68cb79c549c4055,bb3f2e167ddb23b2dadf229af7402485a5d376c7c47323dbce305bd6c34d79b4,exhaustive
3987,descended,3377,3377,6707,64048,3377,0,True,True,True,23922,25276,25276,23921,23923,8b891630703312ad58b168a4224fdbf2ec69e3b5c768733cbf783359cb63de45,0f9f91f4bbda60d43698dc5ee2fd0137c22fdad99606761d9719c5e866c3e9b6,exhaustive
3989,descended,3356,3356,6677,64080,3356,0,True,True,True,23934,25289,25289,23931,23932,a8a48f451a60916a080ac2ca5980c1554d4bfbc642c411b99bd9bc88fd7aad4c,b05226f605971994a756c8167d171333816f54d75d31a3266341d2249b44490a,exhaustive
3991,descended,3341,3341,6656,64112,3341,0,True,True,True,23946,25301,25301,23941,23945,4d36fc95cdf57f4b2ec02a673a948cfe1bdd62e2f8a2dba5c7d04921b78a7477,35b4cc4c1f0b5233ca8b0ba89faa25c5f8701cb29e097785bf211d44b3013b12,exhaustive
3993,descended,3479,3479,6871,64144,3479,0,True,True,True,23958,25314,25315,23957,23957,87e378062a31af2eb0009af26d20c609a6632966d33eba24fbbb31cfc91970a2,514293b4feb4c75941ba160afaf17d83bd4ee3ca896d77ce4b6216ce8a43d7bb,exhaustive
3995,descended,3214,3214,6453,64176,3214,0,True,True,True,23970,25327,25328,23968,23969,9655a24aea901321b376b9f1f10846776233f595eb7ffd83a973e21b12159a6c,0dd57ad4d2a7008fc9eea14b284f7091145eaa039525b8cbbd788144a5ab45ea,exhaustive
3997,descended,3181,3181,6400,64208,3181,0,True,True,True,23982,25339,25340,23981,23982,6bc84daf22d92591c12f0cb6695a39cd0ca0d7cd374973831073167584be68a6,27baf170a7593365d7f89c81b7f892385f299dc48bb41fd191b5edd5ffdab93c,exhaustive
3999,descended,3143,3143,6341,64240,3143,0,True,True,True,23994,25352,25352,23993,23994,948b6f93fc6441132734cc88d2db195e626e8d509de926c23f07c137340a3ce0,605b9e6945d247dd94e8fc5f8aaa107051b7ada5d59cd9fd8c38a95c2c11e763,exhaustive
4001,descended,3401,3401,6752,64272,3401,0,True,True,True,24006,25365,25365,24003,24007,311a20c3bdbd3ae5a57bac59f73d530d1975b22cf60461c61f8232150a886e12,4e31be0415a1e0fbfc4f86524e7f09e54980cc139b565089a44324ba788b5997,exhaustive
4003,descended,3317,3317,6617,64304,3317,0,True,True,True,24018,25378,25379,24018,24016,1cea4f851de1a63737f06e864bc9b65c33ea6e54c6e480a7212891918c432c10,ec1cde6405b93adbdf92811871b2424589c3bb9165b13eb8c0dbd534620e692e,exhaustive
4005,descended,3358,3358,6683,64336,3358,0,True,True,True,24030,25390,25390,24029,24030,9f0377ca1bb67f3a6226b5cdf85d403a813f40e9a752bfbeb74910d47eb7c643,cb964cdee65be924c20e84320dc7c1917d6cc360071e507739710d4e6b97d900,exhaustive
4007,descended,3297,3297,6587,64368,3297,0,True,True,True,24042,25403,25403,24041,24045,ab279dd482028196a3fe11b8dce5499009e1178f922cb961292ce79089c258e5,c7ca9fd24d311eb4c8abc867d8bcfbd847982cdbb8bcae233a9122c2299cae9f,exhaustive
4009,descended,3276,3276,6555,64400,3276,0,True,True,True,24054,25416,25420,24053,24058,d8bfcd0a6676a2ea4fde955e87e76051082273cbf55729b169f11c0b3dfc528f,d90a2d011db15178bc00ac4bab13d9c187b80bee8ae4141549570a09a19cd290,exhaustive
4011,descended,3256,3256,6523,64432,3256,0,True,True,True,24066,25428,25431,24066,24067,03a778eceaefded8f58c6169bc3f6b0501e35218fa1ad6b420ab32ee5f3c34d7,131bb1f8adeddefac02feaeebb85227506df53eb149e2b5679f12716aebc8ead,exhaustive
4013,descended,3471,3471,6868,64464,3471,0,True,True,True,24078,25441,25443,24074,24078,ab3cfdc17a53e5a79979bd0bef8798a760787b2bab448ea0a97ff6678d7658c5,54541bf596b4358482b7ffa6b2bd7c4f0941048f94b34b048e7fd9bf8da3259a,exhaustive
4015,descended,3482,3482,6884,64496,3482,0,True,True,True,24090,25454,25455,24088,24093,2b1a4f69adf2ddb3da4bcea5313b24ce73cbc086aa2cafba886536260bbab67c,af1aa1d3acdaf207ec82d266b46e931c38700825fe484ba0ecd3cb6adbf40545,exhaustive
4017,descended,3389,3389,6738,64528,3389,0,True,True,True,24102,25466,25467,24100,24099,c68b878ed7afe21d62f11f1dfb3abebae5c2a8542ca1a3beead4c0ec09d64835,a851d1498b95e15e60ddd896795fed597589e1e7c469c5c7a59178967c3f813f,exhaustive
4019,descended,3350,3350,6675,64560,3350,0,True,True,True,24114,25479,25479,24114,24119,4e04b6f4b77118bef9aaa48cc07801f8cc6b9cdacb5c82f31acb7b71ef5851df,1dc8a1139bab1448fd0c4c84ccf39d154b61d811ef096dc65f41bd2cd8a7bde7,exhaustive
4021,descended,3107,3107,6297,64592,3107,0,True,True,True,24126,25492,25492,24119,24124,1dbefe4d0ade28f6e33ea0e59baeb14292140a57d595512560c4f7b9ed663835,71779b2112fbc2b28dcb2bceb22f38fb507fc91fffbc8ed1e19c88143e4f7810,exhaustive
4023,descended,3382,3382,6730,64624,3382,0,True,True,True,24138,25504,25504,24135,24142,622a10e0496d7baa395970d69de3607d0ab03712e6ddba7607e3141e50eb4b0c,30967615cf842bca0f4d960f845a434a4791f92655c449ec23f446561ccf9f10,exhaustive
4025,descended,3365,3365,6703,64656,3365,0,True,True,True,24150,25517,25517,24147,24150,9b3cb1dc4e26a3890c5717b6e4ed4c7c5ac048f72d4f5064e3b13deda357efce,d42acae818959aee4226e4b2fce871f096fef1ae8c7a33d24651b25728ef44ca,exhaustive
4027,descended,3342,3342,6666,64688,3342,0,True,True,True,24162,25530,25531,24161,24166,0e81e0547de70d9d1377997687f5563fcf00ff8b1adc3f7450f50a06d98d9f9e,de5139e97e12d9ab90ba790f1448b2fcf167081c504bc5fb23837cb5a23b1846,exhaustive
4029,descended,3516,3516,6945,64720,3516,0,True,True,True,24174,25542,25542,24170,24179,972eb998d4d57bfe63f7ce5a3668af5fd24ac70008d4ea028d279687fe8f4ec4,951b0c0170d970a6b2b251a3acdb488b93e5201bc9404e1b46fee661f808b455,exhaustive
4031,descended,3495,3495,6909,64752,3495,0,True,True,True,24186,25555,25555,24185,24188,bc82bff69a8c6915bb2f18e61c2a9101cf715c592e65f873d5d47df5260e8ed9,de18b67ba29d8470123a7f51a225d84f2618448566c026ed868f149482387966,exhaustive
4033,descended,3258,3258,6537,64784,3258,0,True,True,True,24198,25568,25569,24195,24190,09dcf1dba4a1a4d8914fd932855541314532263cb5cbbfaba39faa81c97e114a,24d0c08091a6f48a914063c2ab9a1193cb3b8b28cfb86c2ac908754e67eae3dc,exhaustive
4035,descended,3205,3205,6451,64816,3205,0,True,True,True,24210,25580,25581,24209,24206,81e1a8d9012d21b1665fa0ec288ab715c7b92e9658864fdb82163b9c2df58534,e729700df5fb46c43144a6bd22efadb39704537ab58fbaccbc6cc4130d07f3d7,exhaustive
4037,descended,3181,3181,6416,64848,3181,0,True,True,True,24222,25593,25593,24219,24220,4b825681b45b1f66cbd35943c1dd192411bcb785932410204a37cc3fa57f969b,585a0b7fd9f9a8b3846cc63b53a18dd4107273e32cdd259ed4f55a1fe150c710,exhaustive
4039,descended,3132,3132,6336,64880,3132,0,True,True,True,24234,25606,25606,24234,24236,acc595a237f179e59ffb0cbea7d7ff632969ba2277ef0fd8f42a3f71614d1c55,2e887de5caed400ba557e547e4f52b7f1d67280a4db8b894fece1c8bae998e0a,exhaustive
4041,descended,3325,3325,6646,64912,3325,0,True,True,True,24246,25618,25618,24242,24248,c93c52096906f1f3d4e11039524bc8e147ce211da9e59e800f7f982d0a4498c5,252304a11d8376f814a1a95f58d647525cc8f67449fe4b7ebc25f5df3d908f46,exhaustive
4043,descended,3087,3087,6266,64944,3087,0,True,True,True,24258,25631,25632,24258,24259,5141a2f31364e4e703bd30a0cc736b007013fe64f7a662de1d88e452b23c6890,d82cbc93998579d439689d7f70d7527b09d13c3ab04a4bb72b8e7eb23e401cb3,exhaustive
4045,descended,3451,3451,6847,64976,3451,0,True,True,True,24270,25644,25644,24266,24270,1881d19924e1f5db07a92898d1fe1665d09b6421650862b98c28002a8322b574,5accaf9b22acc4a5311e2c1b6b42eab1964fa997b612201daf32a301cdd5a7d8,exhaustive
4047,descended,3433,3433,6820,65008,3433,0,True,True,True,24282,25656,25657,24278,24282,1dc5ad82c654c473785675cd30e58c722bc9d5d8afc5284d29c8fe58f2da5831,992f2a65fa5d2c7d7a349f03ad6a055d798433f4271d0061be264230458d32a7,exhaustive
4049,descended,3411,3411,6783,65040,3411,0,True,True,True,24294,25669,25669,24292,24297,58fcd160bbe24f63c609532e02e00ba8e2c7e87bd54e32d7b97d66d7fb403eb8,11030c399486760556bccf21f44551004edfe665fa3288e856ed47ec2eb92258,exhaustive
4051,descended,3354,3354,6695,65072,3354,0,True,True,True,24306,25682,25682,24303,24304,94b6f11df93055574888b338bff05e04b3fa06fbc939ae1a2e39d9818d64ce76,b432541f1941b9ebdafbaf95509088ebb10c616b7c089775c7eb99d29a5a34a4,exhaustive
4053,descended,3317,3317,6639,65104,3317,0,True,True,True,24318,25694,25694,24313,24316,40bb791fdc6d401a13153d984c5b7a18d1047352a7af7ebafdfbbf1ce480ed7b,5a5b53c5c4ef55d56c66107db6c9caa1925f415a9de684efeaf5ff56bc1b4057,exhaustive
4055,descended,3293,3293,6597,65136,3293,0,True,True,True,24330,25707,25707,24329,24327,348528161ba601774a8a4081a2565619b4a7acd7c3d731780ae6ab702d9a7811,ed093b92dcb0806bcbfa75b0a4434816c663333271d11caaded45e4905064020,exhaustive
4057,descended,3484,3484,6901,65168,3484,0,True,True,True,24342,25720,25722,24341,24347,411a088b60143a534c2110fad265469fa0d538dc3668379a33248c33f2ecaade,1435b864cd4661a647df48ddcd98a092f4df2c5388e554275af37db85ef629b4,exhaustive
4059,descended,3198,3198,6450,65200,3198,0,True,True,True,24354,25733,25734,24351,24353,21c7d3e4e61f68577d949473d9a5606336e564389d12b91634cbe169ce195974,f58d5af8289799218ae4b8deb01ceda2a456ead5a2a7010add89c2d79fe010e5,exhaustive
4061,descended,3439,3439,6830,65232,3439,0,True,True,True,24366,25745,25745,24366,24367,ecb8ec454b665c6ed38f486f0d5e2335f009fcd287352b3cb521ec424f2c56bd,71b54d8bfd5d0c6691233ef634247bcf22ac058e20c38dfd7cd79a1fd070de93,exhaustive
4063,descended,3384,3384,6745,65264,3384,0,True,True,True,24378,25758,25760,24376,24378,98b9056321a8488de4b2a80175660db02564f51be5f0bd76944f626c469015f6,fb362d7e442571ac0f30009eb6a727895ec1714c6509eb56e51c82ea1b1225a3,exhaustive
4065,descended,3349,3349,6690,65296,3349,0,True,True,True,24390,25771,25771,24389,24391,8fe7b22c5c1d84eb9b0bb53f94ff70780b92c97a5bbaecbaf83321b3b70489c1,364623d70a764b477f394ed3199cc8b2e05c3978af366a0697fe8b229717890c,exhaustive
4067,descended,3326,3326,6655,65328,3326,0,True,True,True,24402,25783,25783,24400,24401,56341c55e967dbb0ea6caba4830499fde956dbcfa4198f68da9ff444052e0f40,bafa24721f1ae0bdd34f748cc80203309dd8ea121052cb57d3248411cba79265,exhaustive
4069,descended,3309,3309,6628,65360,3309,0,True,True,True,24414,25796,25796,24413,24417,7b18ae27abc17af8bbae691b3e2b20105a87dbfe2df8a12a1da48d7a66d343ee,571e2d321797fd8d2de226d2b391b7466c0982198dff0353139b46c8f00cc1c9,exhaustive
4071,descended,3284,3284,6588,65392,3284,0,True,True,True,24426,25809,25809,24426,24425,046078aa7e2ca5d5571597f99c21f425e8ead9f7c09ee8db56dc853e7c7bab7b,5086cfa104aebb44ae74d77340480ba87d0e564da352465ed00393db595efa99,exhaustive
4073,descended,3249,3249,6533,65424,3249,0,True,True,True,24438,25821,25821,24438,24439,0b64328f95e6f8648c545a285b948d6c6f1b6491d4117f2f6feb14c05b471f65,29c5f04c762704556cf84bdee9008130b9145f19c3f765c2d349256cae90a7e4,exhaustive
4075,descended,3226,3226,6500,65456,3226,0,True,True,True,24450,25834,25836,24447,24452,b8de8ec7f28394be01f57ea15495bb878ac2caadb855689fbb7d1c42144a41d0,0ae17e0228724c236696f0729d0e972933a906ac7f71729d54770c4fb43c5ccf,exhaustive
4077,descended,3178,3178,6422,65488,3178,0,True,True,True,24462,25847,25847,24462,24461,02e43575702a1f88d9162f0b11fa3c99d767727d1003322877e3bde3bbb99a05,38c8ff82f6bd62655edad9a436aa3356bae8357f53b455aa19d08f87debff3b5,exhaustive
4079,descended,3578,3578,7057,65520,3578,0,True,True,True,24474,25859,25860,24473,24475,166f1bbd22c8a687038a5842725d2fe293fdb428a45eca20f7bd24b0a3044beb,03b8746cbdec2a52131299ad7e3213e8063d3a29b26adafea753bc8cb7dcb777,exhaustive
4081,descended,3539,3539,6996,65552,3539,0,True,True,True,24486,25872,25872,24485,24489,eee707ed5d9ccf55384acc6b4c319eff3450a75969a6673dffbb5753dbff5428,e0e8302dfec8f9d137e4517efa6924e6ce8bfa090bcdbdd2f958b68d6731492d,exhaustive
4083,descended,3189,3189,6443,65584,3189,0,True,True,True,24498,25885,25885,24496,24501,ffb8a5dd1c89e0640e6c9025fb6c87d8436a11c85ca020f9daf48b6ee997c864,59074250dec4455a8348c60ad46aa28edc6faaf4bb3a09e8a5962fa287df76fd,exhaustive
4085,descended,3155,3155,6392,65616,3155,0,True,True,True,24510,25897,25897,24506,24508,7deb0392e0ce3732f62aa71b660bd825a8f10e016d5b393d27cccedc4e049600,3120027e75fe082c22b0b7fc3decfbdc39b9048200bbdb684fa546bdfe7ddd34,exhaustive
4087,descended,3419,3419,6810,65648,3419,0,True,True,True,24522,25910,25910,24519,24524,99cda43fe3e21a46048f279e3161fa5b2d797693726a141d50dbbc2f0a4c205e,d78b3d936812d9e4d46fb9ca50cc6a1a56c879e2bb4aa1b96bfb4a7a9a90d17f,exhaustive
4089,descended,3078,3078,6268,65680,3078,0,True,True,True,24534,25923,25923,24533,24533,e819a46abe6d4709046984ab26af63d62102ab0a21bd33b85622ab406bd7b9f1,846ba3e5e395a8b6dda95db1bfa9d3615880310ca35c978adf2bf1127be671f4,exhaustive
4091,descended,3380,3380,6747,65712,3380,0,True,True,True,24546,25935,25936,24546,24545,3c1c9c52c0cbd74fbfaad31cd505e34d971fdafd2b3ae3fe7fb5a5755426026c,2b827ff45bfeaf2a005c699bc54d0ce3713ba0d5296c2bd23dbb1ca9edcb0746,exhaustive
4093,descended,3678,3678,7222,65744,3678,0,True,True,True,24558,25948,25948,24556,24558,a873b8511af9733ded21d8bd8d0f9eacf29f0f88210988fdd4783b80ae7cddca,4f57ef2001f3a5bc2d0fd0ae54c6e219c6cc0c331440977b801a69608d2b145c,exhaustive
4095,descended,3653,3653,7182,65776,3653,0,True,True,True,24570,25961,25961,24569,24569,f589182e8394ff68f1ae90a6f353a2d49e4e50aeef678f3c12b3342837c77465,e0f5ee8a175d5fe5821671f44b65efa26777be5b3db29ddbb8390c5de7b92ce0,exhaustive|power_of_two_neighbor
4097,descended,3608,3608,7112,65808,3608,0,True,True,True,24582,25973,25973,24580,24583,69b9b81f481c0c6619b1216fa441c836c75de005e1953791e5de277b3aaec173,bc7478bfe26886cdb98228b92d1f6933d7029037f7841f64d69c6498ad1550bf,exhaustive|power_of_two_neighbor
4099,descended,3588,3588,7080,65840,3588,0,True,True,True,24594,25986,25987,24593,24598,316fa3eb9219a90e5f8043c423b82d1471d64e0a2671617ac23f781220215578,99dc0ac2facf8392da35cbf270262706190d047d6db6b880a8e08f2297c53b15,exhaustive
4101,descended,3554,3554,7026,65872,3554,0,True,True,True,24606,25999,25999,24606,24608,8fb82c2f010eda08e780c62e9baaa83e83b965b1edeccb861712ac5be3184ed9,868a708f88b8e167f4ecbf6c10ed86185a102af07b990489ad200b4e9b369a12,exhaustive
4103,descended,3528,3528,6986,65904,3528,0,True,True,True,24618,26011,26011,24617,24617,380083ac8f0b84eb130b8ef1cc94a74ef269c12cb7a5bf95694e681363836e4c,508be1bf39910ca7775f6a6ad1d01c24fcb6505c12314416d8e73177029c7a69,exhaustive
4105,descended,3454,3454,6870,65936,3454,0,True,True,True,24630,26024,26024,24629,24631,47ed3709e43bfa04e6cdcc0bae93d51e2853d14d7a0ef217e30a86d4c625c39d,aa1717154a1dc24ed56f5f71c53e572656878db577d59c5aa15b76526fa4835e,exhaustive
4107,descended,3429,3429,6830,65968,3429,0,True,True,True,24642,26037,26039,24642,24642,2003be9385184fa1522f6bcdd2c530d1e0cae9a714c4ae041393a3cfa597ce4f,bfcc42474a6b4d288ddd8dd46b7da6f7bd642e4ffe8b146d76d21642eb431abf,exhaustive
4109,descended,3393,3393,6774,66000,3393,0,True,True,True,24654,26050,26050,24653,24649,54314395ea1e883e62a538d7f35c419ece8b49ca9e666cbf55fe4f7cb13aa506,da99c429bd449923273dcf3dae834c820fa378129e30ba440b2a659383a0f6f2,exhaustive
4111,descended,3345,3345,6698,66032,3345,0,True,True,True,24666,26062,26065,24666,24664,c69569cc4282c8c06964eddb4049f5c6c4c82ca6cbf8ccd2b56601d71d72c216,a5099020e045c7112a536dcab453c4b1670483c802fe833c72c1bf386f1e22b7,exhaustive
4113,descended,3311,3311,6647,66064,3311,0,True,True,True,24678,26075,26078,24676,24675,4d2a88995a685c2c684247e4a0e1147550c15150b8efba02f796ff32b8d9c565,efc3bb00d3da1e6520fd7b430fd2a6cf9a3c91832822de86bd718bfb98f2c2dd,exhaustive
4115,descended,3282,3282,6600,66096,3282,0,True,True,True,24690,26088,26088,24689,24691,95b621907e9999bbb74e9fb5f50d173df1039a44bf176616add9049469aa190f,0fe328e98e90358596702ed3cbaaa0c789ce607afd8b2cb19347acf48947132f,exhaustive
4117,descended,3258,3258,6563,66128,3258,0,True,True,True,24702,26100,26100,24701,24701,a6ac718e0ed5a07c16b39104bd330c81b95a0c6185656c1f73e5681cf454278e,62145fa20b6960b65dd84278369f948125ab8cdf2d2f5a9439ad334e5fe4b638,exhaustive
4119,descended,3245,3245,6548,66160,3245,0,True,True,True,24714,26113,26113,24708,24717,a1042fdaec257d58613efb7e418ab325abaf57463775cfaf9417a8bd5843572a,d1f9432d9accc32023d1285237d6bb73dd84fc645cb5c336e1612d06f8d564ed,exhaustive
4121,descended,3363,3363,6730,66192,3363,0,True,True,True,24726,26126,26126,24726,24726,7e5c88403660c3b360126bb4824608bcd2e8a52af192c46748bf9d23f227b0f0,262b9fe20512ce07cdd4c4e45758ff45463220e596b66caa5541390c993085f3,exhaustive
4123,descended,3338,3338,6691,66224,3338,0,True,True,True,24738,26138,26139,24738,24736,34bf4bfb8061ef3db8e8b0c328f062e290ff31ac022713f8cdd495e95a65bd8d,273b8975be2db80d4190e4ad7480105c83551fa59363826c9c281d4b6cfa2ffe,exhaustive
4125,descended,3263,3263,6574,66256,3263,0,True,True,True,24750,26151,26151,24749,24747,d81a8c3778ef559e72ae5c78e4ff54ede7cf6a9bcddd365d320c7ffcc889c755,08f0195c902eccc29b56407437313085fbabff210b285e076e35a111917df1ba,exhaustive
4127,descended,3243,3243,6546,66288,3243,0,True,True,True,24762,26164,26164,24758,24759,841537c610d804fb6810a21188c1e66b08a056ef3346fbf44ee8449ad8346b33,a49cd02fe119fae7dff9666fff11d6b99a38c43aeab1031853cf86bc1edbac14,exhaustive
4129,descended,3207,3207,6486,66320,3207,0,True,True,True,24774,26176,26176,24773,24771,4c2cf795f86bb5eb5af7aeee1996686fe572ab89f02b1ea90f5fdc0f5c3cede8,42993137d380baab3cc3ffa5b1b2e92c61d09b2ac98a027b05c33b5037a311c1,exhaustive
4131,descended,3170,3170,6428,66352,3170,0,True,True,True,24786,26189,26189,24785,24786,58897bed151a1da883d96ce4393703c6db08b7d15c4b9490ec560eb8ad960431,5c5df5e69f379c02176ccb0caf476fb286b3e4310947408ba8bbc83ad8d9f871,exhaustive
4133,descended,3132,3132,6368,66384,3132,0,True,True,True,24798,26202,26202,24798,24798,84803f6142f853ed14c93cd8903565388c1057d9bd0f48c68268bb9a6c06abb3,9ab0ba30b95292d5b68cf0b3602e7e2ff4b4d313283a45b2d13c269f886c7345,exhaustive
4135,descended,3094,3094,6310,66416,3094,0,True,True,True,24810,26214,26214,24808,24810,0f09a64cdf2478bd1847d8bd90762a3118cd10573af1de050bf56aeb47ef33fa,7156e6ce8d46cfcd033a058b1d5cf392a764f6b0baeebdba5cd7671f2cc45e47,exhaustive
4137,descended,3062,3062,6261,66448,3062,0,True,True,True,24822,26227,26230,24819,24824,8d23fb5f60881bf141824b6ee1885944ad55b1d70d726a5d9fa998fcbe9d70a1,dd0970442d0bfd388ee88ac0a94aca39a591173be509d4f89afd4570dfdb626f,exhaustive
4139,descended,3027,3027,6204,66480,3027,0,True,True,True,24834,26240,26243,24833,24835,0aa2a2d33ed244ae0691bdcb5c12d924225835054e00308eefaeeb91fb1d0e07,c38e61f008bb2de610087c08435d153eada70c029008849eeea7e9e5ad20f091,exhaustive
4141,descended,2986,2986,6140,66512,2986,0,True,True,True,24846,26252,26252,24845,24854,dba4b2ebfd545d1fa800b84a568ec75e51e744dbc53bab69cc63898a3e32a335,d1ebb75c069f40bd3a6a5d70cd00cff8fc20ad389ba9bdd2b790b4165658b8ff,exhaustive
4143,descended,2977,2977,6130,66544,2977,0,True,True,True,24858,26265,26266,24854,24862,7d1cfe17d7c3183c725f4d4cdbfa2c9a783f1690420af3e48178b87ea3d602a6,fbdbd2973e9300bde6a444a0b52666ddf571673e8c4d9933592020ab0248020d,exhaustive
4145,descended,3303,3303,6643,66576,3303,0,True,True,True,24870,26278,26278,24870,24870,0f03bb93dd65997b30bbdab406475f7c1c5bfdc052ce681c25e1d3b4cd502a3b,8dcf76b15032b0789f4539ee19bf8cd045d83fbd0bc529377f6056300f70b341,exhaustive
4147,descended,3251,3251,6564,66608,3251,0,True,True,True,24882,26290,26293,24879,24881,77adfc636c6a3f422e036e83566449832d233f1b98805c7cd3164099fad6ab05,d35e99fdef5e8cc95d51661cb09e14a1900068648c42f910045bd6edd8a6849d,exhaustive
4149,descended,3213,3213,6503,66640,3213,0,True,True,True,24894,26303,26303,24893,24894,3f4de6861c77631e263d06ff36e77aae92a11df010096d7bfe4768dbadc82972,a8551e30278ca5358f06949c2cb44c0e7482e742676f4546ca6842d913b05be3,exhaustive
4151,descended,3490,3490,6943,66672,3490,0,True,True,True,24906,26316,26316,24904,24908,d1ea46b03072c8373d503bcf7b96496925ef50f5536da7cf53cfaf397c4c305b,0322ad4aad5389c17d40f9a5c2de39c3a65ec68e00a43d0565414eb6db26c407,exhaustive
4153,descended,3431,3431,6849,66704,3431,0,True,True,True,24918,26328,26328,24917,24918,9f06662d12711ed6e10587b6dda533becc7bc1cafd4ae620773bfe1b518794ef,7a63becb28af7d6fa83a111c36e90384d13bca896e2dbe2a49fe1c8bfd748720,exhaustive
4155,descended,3379,3379,6768,66736,3379,0,True,True,True,24930,26341,26342,24929,24935,364b35900b05df741de5670e7c9f51ed6cf31ed1655de1576e89fd01b7bc539a,08dd3e61378d834b9b769d4dc354118bcecbe41fde9abc5ab4fef0bc4be71ed5,exhaustive
4157,descended,3363,3363,6743,66768,3363,0,True,True,True,24942,26354,26354,24941,24943,eb23430a740e601feb0dbea0ce5d484efbf32b566a0f59749f23e97a84f418af,7c12fbd95d2102cffeb2d6f2f4dcd032b38eea41f39047f8232d6b2a3f064e74,exhaustive
4159,descended,3310,3310,6659,66800,3310,0,True,True,True,24954,26367,26367,24954,24959,753280422e3dbc563fb7961b772ab8ef3d58ff9b85d71740a25753e3d024674a,c3847a0dfaa4ea8df127286bda5e3e7ccac327a1598da71bb7036a7478d8b12c,exhaustive
4161,descended,3259,3259,6581,66832,3259,0,True,True,True,24966,26379,26380,24964,24965,4828b4e55d0aaa594f6ba035505dc4d271787be32eb7f3b13b086b98d087a614,7c39fdf3f571acb0bc3b1baf335b6d247c0ef31525a00a15ccffd5feafc6051f,exhaustive
4163,descended,3722,3722,7314,66864,3722,0,True,True,True,24978,26392,26392,24977,24978,73483b9fe715996c55b67a0328d727bb5ccfbf8d88df64cf75e96f72df8ced45,18ec3c39c14eb292d0543b738e4c2f376dee8402f5172a5dd35807eaaecc25b7,exhaustive
4165,descended,3263,3263,6589,66896,3263,0,True,True,True,24990,26405,26405,24987,24989,6e6f692727a35bca2e83fdf72f92fc82b52387b588cd629d6e009dc7bba1f3e7,bab2a97bf773e58566307925cd3de49582298902fbd2896d4848f88ceb136823,exhaustive
4167,descended,3211,3211,6506,66928,3211,0,True,True,True,25002,26417,26417,25001,24997,f2a0785c6edb5a7507bbc29dc9f82e7fd007080ae59e7808f12e794db2d7382f,5e96d91fa8424f527d945cc3e097eb550c948c4a0200ac7c192fde60b5b28b45,exhaustive
4169,descended,3174,3174,6447,66960,3174,0,True,True,True,25014,26430,26430,25014,25018,47e3a7f6d684fe58ae8af47b2b7e1017fe77c430c63e90fc77a121458a22f852,cfe8374191a9b860b91c269e16d431fd6d237d160b9968ffbeccf45ea362cacc,exhaustive
4171,descended,3143,3143,6401,66992,3143,0,True,True,True,25026,26443,26445,25023,25028,54a9352cdfaeb3d76bb1e70ab7f1b7cdcad4d95238b9d8c79c0793f48cb881f2,6380517b70bc0249568bdfe15b387a33d9c2db800807019a05d167e4d45b476d,exhaustive
4173,descended,3128,3128,6380,67024,3128,0,True,True,True,25038,26455,26455,25033,25039,5a6feb225c3b0c547cb376f3475a09a25f4f30bced8609518626bcaa6063835d,18683065643a4cc762f7fe85173c23da9b594a0ebe9618911cd076ec7c48803a,exhaustive
4175,descended,3509,3509,6982,67056,3509,0,True,True,True,25050,26468,26468,25048,25053,967b68ff899cfc22c36f21048c6b82e3aba3d7237484f3a88026428307a1ea3a,1e86540f807f0c08be8f44c08a81c78c07de2d00e04f11f2ef1579551cae649b,exhaustive
4177,descended,3487,3487,6950,67088,3487,0,True,True,True,25062,26481,26483,25057,25065,057b7323de4fd24a3cdb5683cdd4b3ce96a7f53996523fed295a8226eac8abb8,50696c32dc0be4f4ce4078ac24616f2aef33004d177c1b1e8a38b81422b63f08,exhaustive
4179,descended,3219,3219,6522,67120,3219,0,True,True,True,25074,26493,26493,25073,25074,62fd9563b8158d44614692097b133ed231b9f427fc362e2105a8d6958cf40e4b,f57dec1e305fdcd321f232b16ae03e144fbab1f4f58fbaa225e9327cefa9375a,exhaustive
4181,descended,3398,3398,6807,67152,3398,0,True,True,True,25086,26506,26506,25085,25086,f113c57e923857c8c366677b5f9730c8af8ca2e994826c58c8de77f54663dfff,3150074813eaa7e6d87491af738400834f624481c9fe793da6071a23bbe7986b,exhaustive
4183,descended,3168,3168,6443,67184,3168,0,True,True,True,25098,26519,26519,25097,25099,67259093667e8b67a8b438ca4f33f3e37134ec3bfc6a80f736be6f103958af69,cb7297c9d4a96ffe10af0eb15d95552f5988be9b7fc6223887f3d9dfc4d6b73c,exhaustive
4185,descended,3153,3153,6423,67216,3153,0,True,True,True,25110,26531,26531,25106,25107,af91273b14df3460206e4d46050d38cdd8ac559c23278368955a3dbadf114868,23729566b2bef40df6044c8877c6dc57065a04a1f2d34f84a785023a48865ea1,exhaustive
4187,descended,3097,3097,6331,67248,3097,0,True,True,True,25122,26544,26545,25122,25119,abe664d56ae6d478832b001d622f52f3a3e5f451c0eac72596241312e50d7bf8,cb4e8200ef5f2e47134e7cf2fe2939ce4af9e8b998718b88f7fe5262571bedf2,exhaustive
4189,descended,3322,3322,6689,67280,3322,0,True,True,True,25134,26557,26557,25133,25133,b180f08b31bc29cae93b27d8d688a9383db8fff41e92939d658ebf5cc52227ec,6447517789eac76794138ce423b0e1bc1759bdd9f29aca93fe8b8dfa0e2eae37,exhaustive
4191,descended,3282,3282,6627,67312,3282,0,True,True,True,25146,26569,26571,25144,25146,70d5265308b8f84b93d2e63fb17cefa2681701fb156837de6198f7154bbaeccb,e264322538d70bc1ced725ad2953c7d3c2bb26657db87df7a3bb9f70975dbd37,exhaustive
4193,descended,3271,3271,6611,67344,3271,0,True,True,True,25158,26582,26582,25155,25159,e772a8d1cf190e2bab76622a469aec5fd7baa0301000999039e9974b057bc8da,e509ea593aeb67c0d1cfa5d1fc9091d6952d24275d9e56d79643be2c18b723b9,exhaustive
4195,descended,3220,3220,6529,67376,3220,0,True,True,True,25170,26595,26595,25169,25173,5dfb711d60e34b5ea7f0abe011e2efa1bbce7af316eb86ee28767698481813da,e9e0e80aa5f1f8cf5b78efe1ad7a9e5bdafd5dec0446946e58dba9e25258de73,exhaustive
4197,descended,3199,3199,6496,67408,3199,0,True,True,True,25182,26607,26607,25182,25179,9f4b5393c28c41dc864f81054a179484f470416e5315315e0123e05b4ed19782,f3290b2572859df8885d7212bdf34484d09e09ff97fa368e39bcf57ae490da02,exhaustive
4199,descended,3459,3459,6909,67440,3459,0,True,True,True,25194,26620,26620,25194,25182,c0519be1b93e899fdd8a5ed2728b221ad0eabd30cce4bfbeffdc16d3954c1eb7,19d6a844ba68ad719e33fb909deb28e08410c219470b067b5f692274031611ee,exhaustive
4201,descended,3132,3132,6394,67472,3132,0,True,True,True,25206,26633,26633,25203,25209,b8f63ebcb6760b2971bc7399e9428d45abc7adb4b7f1a1e00e431d495a703531,5c8997bcbe251741a3e43a260f650bbd49a560dfd31d6e47f72b1e05f4a2744a,exhaustive
4203,descended,3373,3373,6774,67504,3373,0,True,True,True,25218,26645,26647,25218,25213,87a9c1b8cccde465cfaff97b5ec1c6e8f0205429f1cfe25cac5b3977dee65aad,fc3028d5d10bacb5fd072c6f5ecff7ce6b6ef7e033430490b7f079d26ca0c846,exhaustive
4205,descended,3636,3636,7192,67536,3636,0,True,True,True,25230,26658,26658,25229,25231,59a16b6d9353362bf099c3ed53cd227c7732a35c1635ee981dcb3b4853651281,5cda67770bbcaa0273332f703a751a464ac55be35398bb17dbb5fa81ad308d2b,exhaustive
4207,descended,3623,3623,7177,67568,3623,0,True,True,True,25242,26671,26671,25236,25241,b81763947a9476500383c22c106d37ae41a169562403e3441ceb4d6d82e386a2,ff232a9f5ecfe182ffc7c042d2ae96c9c10ddd630cbf4625a6d3d9edc66926f3,exhaustive
4209,descended,3594,3594,7128,67600,3594,0,True,True,True,25254,26684,26684,25252,25255,d773e400e9b11392ab8452c9e2b1d3a8c6fd74332c03b6758e95477e79b78043,021f76a9b37a5973fbf362dcefe108fdb8ce9c793c2599dc9535845a2002d741,exhaustive
4211,descended,3565,3565,7081,67632,3565,0,True,True,True,25266,26696,26698,25266,25262,d11ef0c92a205d20df4c10f4b276cee4773f3248f4d3f3c5bc49a9c1953e5691,c1584b56e18ada25fa758bdb276c2cbd01b0d9388e28e35249516fe399b2b667,exhaustive
4213,descended,3543,3543,7049,67664,3543,0,True,True,True,25278,26709,26709,25275,25278,d66417077ef86a711b0ce7d74d5596423a2fade525efdd90d161cf029cf5ff76,0d73ade33f5e126650246bde3ba2c7ffa5eb92ea342d2ac6c16e8760c4a6a6d9,exhaustive
4215,descended,3522,3522,7014,67696,3522,0,True,True,True,25290,26722,26722,25290,25290,67d201c50344bea945bd2e4df4f9212d9abea25d7c04c32c511a018cfa3bb48a,564c87950ce9db2453d3f002d09dda6f4df24ed3a8ea35bb6c10a29d41f91112,exhaustive
4217,descended,3488,3488,6966,67728,3488,0,True,True,True,25302,26734,26734,25297,25298,bba0191dff7beca81b080e80e1be999d750d08ae0f25ccf6be0c9c64a8c06d01,bc1f1b5d3a237d5336812894c410b9b14b289b449605f48fa62a542af312ecce,exhaustive
4219,descended,3447,3447,6899,67760,3447,0,True,True,True,25314,26747,26748,25311,25313,192c2d8c0c24db90d361630a179cf23e90419455f661f788480a497ac3c13d2e,4c26d7e6287314272c67fa298a92285ac453927333f3ca9323ea112cd49872ae,exhaustive
4221,descended,3423,3423,6860,67792,3423,0,True,True,True,25326,26760,26760,25325,25330,0a21ca0891b7d66000bb7b5fe0399f258f1165ce596886b2d68231a99cd44e3b,6df87c03887562bd1a507dca90bdd60238c793c2be6a4ff74a542e98c13cca7c,exhaustive
4223,descended,3403,3403,6831,67824,3403,0,True,True,True,25338,26772,26772,25335,25338,32f4c9875bc00ccafdd3f38ab76aa4f2a1a4ddbce05e3dad3b781dc1f46ca2e7,0e2b237856b8a219007f00c685d315ae69f2a970f81586985fed4dd48ac78648,exhaustive
4225,descended,3351,3351,6748,67856,3351,0,True,True,True,25350,26785,26785,25348,25346,34e08d3e81f87766e95a0bcb3b8a1ab62e7f7a84cb12a62a2b3342fbe64bb950,b678bb90b17b07326cae095f710786829e56465bafa9ffba16f1f65b9afe73c9,exhaustive
4227,descended,3655,3655,7229,67888,3655,0,True,True,True,25362,26798,26801,25362,25362,b7cdc7f220d18c308ed551aa4ae79f0ea895e4e52f40ec553f32245faace3edb,30da21973f1837e5082637dc1a9ad93eb1b63e1d9ff4a8bd75d2ec0abf9df44e,exhaustive
4229,descended,3610,3610,7159,67920,3610,0,True,True,True,25374,26810,26810,25373,25373,4c954ae94cc394c298ef13f7a7bd627e19e386925afb543a0b5dc881e000e4ad,51d6e1a471348b149c7328876bc2ab1f72086ecda7de3ce193c7c321e3e69252,exhaustive
4231,descended,3583,3583,7116,67952,3583,0,True,True,True,25386,26823,26823,25386,25382,95e09c19814e85c2f698011bea7c9848875374ab048228a3f722ba3ca1265a16,7c9e5518e51e495686db9d624cb0095c192f04b62fcf903769d69c81365709b4,exhaustive
4233,descended,3549,3549,7063,67984,3549,0,True,True,True,25398,26836,26836,25398,25398,92b367051f992ec4861e18262569f136a0f9319435390fef132430b4a6835eb1,79a9383b8ae2608e84f688fd943a62f041c1ee2bc8a88202433c70fe1ea992cb,exhaustive
4235,descended,3522,3522,7021,68016,3522,0,True,True,True,25410,26848,26850,25410,25410,546abe45f7da1d3b043bfbef06c9d489af1ab29a62ec81f0851618798087f830,de83861bcf03b2187a1f3ce10f4f2ce06cfb444d2e9a766caa8b10d5d9d70361,exhaustive
4237,descended,3461,3461,6926,68048,3461,0,True,True,True,25422,26861,26861,25421,25425,863b8c2106ff10882ff46d1398832790b7edba9f927cd967809610bb2e86ae30,4e0dee325944320e55deb52529c45b70c0551b6c5e2e4ddbe21781a5b7be4cdf,exhaustive
4239,descended,3641,3641,7211,68080,3641,0,True,True,True,25434,26874,26874,25434,25432,f637799e85df131aa68170068cc5630d5331bbe3a278422cc0614b5e9372089d,daabd5c14cdb503e453835a47e1c0e330abbd1b81fed16253d83fef407790c81,exhaustive
4241,descended,3754,3754,7391,68112,3754,0,True,True,True,25446,26886,26898,25445,25447,6a249b54189152ca0b65fb862fedb28358e8bfb90b6a07340ab930f36b9c06ec,d2295e283ee811ee4948249040860ee947829df6f49f74d8f8e6e982864ccb20,exhaustive
4243,descended,3591,3591,7133,68144,3591,0,True,True,True,25458,26899,26899,25458,25460,451fb845f84a74317754b3da039200f03fc283a9d68c1fb9700b08ab913cd3b3,02ad6138f7902fb640fc1fe296e2c7e97e4964cdeb1a37c7811b2d9b91ed6d60,exhaustive
4245,descended,3704,3704,7315,68176,3704,0,True,True,True,25470,26912,26912,25467,25471,f46288edf927cce5744beaec2e7c9fbadeb27cc39ad48a9de467751b22363ec8,6a19bc540a0d6a8c6eb877adb42a12398d42d88d461b8d3af7c35859f9c3c47c,exhaustive
4247,descended,3666,3666,7253,68208,3666,0,True,True,True,25482,26924,26924,25482,25485,ef00db564aa5bfbf574160b4407fa5932ed98f26dc1b06e7e82bd2b3101d471a,dd09a7f840065b31f7eadbab925a221d4fe3f62bdfac78a9f51f78d0ab4d41ab,exhaustive
4249,descended,3647,3647,7224,68240,3647,0,True,True,True,25494,26937,26937,25493,25495,a7cf651ee10b4955d7972a1345554556bf20f1bfc1d0726ddfd390a130fd9fce,259c9205b6af124dbb3e72675122e0859127c4443c28214677e3b3b2bb9724a1,exhaustive
4251,descended,3450,3450,6914,68272,3450,0,True,True,True,25506,26950,26951,25504,25504,7f7ab84807e201dd36e82172a9de56c71cb2aafd7cec55cd3597845f47252f9f,f1674766d3d5d1596d0d8373cde5580a29073d0669409b622bf8dd633fd9d717,exhaustive
4253,descended,3594,3594,7141,68304,3594,0,True,True,True,25518,26962,26962,25518,25519,79bef90661b9569a13a3ef88b5a208c97810afd2ca2c4bd8bda7c69c6e67f673,28aafb8297a26580087e1b3147da901e1c752714495e94b8469eacf59872c93c,exhaustive
4255,descended,3438,3438,6895,68336,3438,0,True,True,True,25530,26975,26975,25529,25531,520f491a17fb19b91bab51f6f374830587987f464da27c649d33ffa5d0b73fc1,ea144da4d6612acb8aaf5ea54bc4085c909fdd0a12adadb7518033647f73bd5c,exhaustive
4257,descended,3408,3408,6850,68368,3408,0,True,True,True,25542,26988,26988,25539,25542,7ef42d628354b7569825d65485a82881029e38c3162d4e280b6bb94a665b88ca,0c26609fb3c5cdb02578a5c392bc2a9ecc6f795b4f1cef43477d72a0d004c014,exhaustive
4259,descended,3389,3389,6819,68400,3389,0,True,True,True,25554,27001,27001,25553,25552,9bcb2bb345094d6b8284d561227e6331697a99f00a73fdcc47fd36b60343f850,7c15beb0dab960a11af1cc0c8bf17a1c09d752405be27845629d4babb3676950,exhaustive
4261,descended,3354,3354,6764,68432,3354,0,True,True,True,25566,27013,27013,25565,25567,8053fea0d3d0970f581be1395d8361379284b00d78f1ad367f2bc7c345a507a8,2f80c1ff227c60aef26117775947ee5909483d877b976807bc62f0c5772f5a78,exhaustive
4263,descended,3312,3312,6701,68464,3312,0,True,True,True,25578,27026,27026,25574,25579,5dcfe2b43b0a9591b7413d5d157e0791ee0fa2600130d9facd41ba363d881629,1339bfbb784a059253a1b926b736f3edc6e4a5031a2bd9e4cd6e0d456affbf5d,exhaustive
4265,descended,3292,3292,6668,68496,3292,0,True,True,True,25590,27039,27039,25588,25591,25dfc1d352319147875a3a778d7571a6f98caa8aa32894d00af7326f9f40daef,188fc5240b457c8598b553b8ba76baacc69bbcf13c21d8cd70572f42b23f5e6f,exhaustive
4267,descended,3279,3279,6648,68528,3279,0,True,True,True,25602,27051,27054,25600,25603,28c2d4a13933c41aa2283d6fbf58598dc2f9879ae4f2dd73f16930647d9db971,d95b633fdf388ae2bcedd1ce613cc1dd4dd46ab17a1588aadbc772ddf7f4a180,exhaustive
4269,descended,3249,3249,6600,68560,3249,0,True,True,True,25614,27064,27064,25613,25614,21e25c90b7c77a0e26a154a32a39b3b182d753f5b4e6c2686cb8ed3a466ba3ce,1ab897cf673d02b10b44bb8b7b5289aaaa3d6663acfae185c3798a8c22784d55,exhaustive
4271,descended,3224,3224,6561,68592,3224,0,True,True,True,25626,27077,27079,25626,25627,07866beb5f0ed8fae208a89e5d4bd68494e507ee618f6244899692043ec095cb,cdbf11aae5bafda990b45b75afe301604e8ac1c3745176526ed4fde8fb749f3a,exhaustive
4273,descended,3196,3196,6517,68624,3196,0,True,True,True,25638,27089,27091,25638,25635,f7dc5e417327bb9d660d2a2f991754bd1e25816cf811c804c7744eb3214eaa59,062454154c8fca6b659e7a9340aa57f121351e006d4834bb8f035e69fb5e501d,exhaustive
4275,descended,3551,3551,7081,68656,3551,0,True,True,True,25650,27102,27102,25649,25649,6a6c18a99d75b63318c8b8bbe1f5cb45ccf1924c50cc3c06f577ce8a9bf762dc,3ec48474a6c9e17d4e7eabdcc26b4381e49e7da209e12c61323d6ae214983e56,exhaustive
4277,descended,3517,3517,7028,68688,3517,0,True,True,True,25662,27115,27116,25661,25663,95107d6a50ef2fb547ac225934c1495e3673f4704921847a3e634a8d804f1ff0,f0f776c567eaa1e7c441a7cfdf951f900eae00c40cd8b86ffa1827b5819a226f,exhaustive
4279,descended,3446,3446,6917,68720,3446,0,True,True,True,25674,27127,27129,25672,25675,8de164c0167867427a01df47bf80e694f6beb748fa3db324334fc459cdfc7d69,0852aa139b7f6780e78a897f1099d3a2b901f67ce52950bfb859cbdf51f2ba3d,exhaustive
4281,descended,3430,3430,6891,68752,3430,0,True,True,True,25686,27140,27140,25685,25686,ffdbf658d79b11a94ca1e299b9800c916efbf2a19b48379a2d66fe9c5ce7a2a8,3d723d47ae003bde7295b1ed7ae6903d374713cc951e83a9d257f9e1a2185d70,exhaustive
4283,descended,3589,3589,7144,68784,3589,0,True,True,True,25698,27153,27156,25697,25697,6308cd609c7cf96177ce839ac2c5b6897d23054b975bb57807429aa97a7d5fc5,2ef016b057748cbdbd3a20994aaa9102e930fa7e571eadb74b6530135acc6050,exhaustive
4285,descended,3362,3362,6786,68816,3362,0,True,True,True,25710,27165,27165,25708,25712,024709c81262234e500784c87d55785a68b3f0fd65848098d0fb93ff544498fb,611160ce5e0c027d1b969481a85d4ce3352d736be55f05242df5b047582d6d04,exhaustive
4287,descended,3498,3498,7001,68848,3498,0,True,True,True,25722,27178,27178,25721,25722,a0f98f013929669567c73c96ad06bfa12b34ce066f26578f787ffc5e7cb64fbb,7be126d1801c11e04ebd511b91574bffcfefe84c25b8187e8802233e5ce83048,exhaustive
4289,descended,3473,3473,6972,68880,3473,0,True,True,True,25734,27191,27191,25723,25736,721c5d08c87892f4b24f5525e51e8f38beb4eeebe2b2e59c99a16ddd5d40e907,3978dcd607e6fe74f4dbfb51b788a08544aaa6ba0f94c4ef87546891770e9027,exhaustive
4291,descended,3455,3455,6940,68912,3455,0,True,True,True,25746,27203,27204,25739,25747,d764e4bc13037eee92d49d57ac550d405445b057578793e16503d91eb8363c8e,4fb226bfdcd9006bfacc730b0573a101f512900bee0c585e8c474ab3a908f9ac,exhaustive
4293,descended,3834,3834,7536,68944,3834,0,True,True,True,25758,27216,27216,25757,25757,68d41d5623c850b1e529600af19b414a3221c335a6b3e773bb2be23f1ebe0f14,8a46cb5750439642a00ba7550e9c50a2d37b4dc8e6c61dbef09dd7eb7ed24776,exhaustive
4295,descended,3345,3345,6761,68976,3345,0,True,True,True,25770,27229,27229,25769,25770,06d41e8f7532d0a34c4751ed7175b514d49cb5633d4e9e52f5ca76de8c3591e3,308cf2f886d98e270d760ee6117376917ee93293048d9d5ea96cb69bd1a1c2b2,exhaustive
4297,descended,3748,3748,7400,69008,3748,0,True,True,True,25782,27241,27241,25782,25779,1e241627dbf51db5ff8b1cce56fdf9b7fa4323e0cd37a0717d49ffd4d2bcc752,397c0e8058b63f096df18e90090e11bb9bd3daf9ed8a94ad53889fc6e2669e6a,exhaustive
4299,descended,3712,3712,7347,69040,3712,0,True,True,True,25794,27254,27255,25790,25795,6a0d92408c2e1081ff02f7eda42f7722e9e7337c86e65c1fc312f81a95e223e5,23f9942100fa7f940247b4afaaf4dcf784201f9e3785ff333803927ce767df23,exhaustive
4301,descended,3685,3685,7303,69072,3685,0,True,True,True,25806,27267,27267,25804,25807,74512bf2c58bd6f58538215a9300dcafca44b817aacfdc6367f1a649985cbc2f,c6f3344a02a52e18e5c1cde1a969dd3a87e325235542f81490805d4277c76a73,exhaustive
4303,descended,3587,3587,7150,69104,3587,0,True,True,True,25818,27279,27279,25815,25821,3153d004b2748488f0479f9f28b115657ebfd2320740efbfce8d0fb3a40abf17,194f5adf6f2a410108f42e8c0ed92f9bb07fbb70e47fb4c92c604c7d9ea624b8,exhaustive
4305,descended,3567,3567,7117,69136,3567,0,True,True,True,25830,27292,27293,25829,25829,b3c99389775f3783b5368d8f3313c04c38fc8ac7859aaf87be3aef3c76d3d260,5bffbdc57c7532f52ef37864262249c05e46de3c6df306545b7336b1a7f0aeff,exhaustive
4307,descended,3540,3540,7074,69168,3540,0,True,True,True,25842,27305,27305,25842,25841,5b02c09dcf7e67472d8ab5424298757f2bd93535a3481d39646d34113387042f,9c43a79a8313bb92893733451105f0963b156af53189135f0465c0a36772206a,exhaustive
4309,descended,3732,3732,7382,69200,3732,0,True,True,True,25854,27317,27317,25851,25850,ca2b20fa2a670f0814de60b53f9113d55f41355b0b5c0a2734b11b21c3d522ec,2446569998233f1aa060bd8ef75a0bdef0589028ebd12e28bf911082ad794ad4,exhaustive
4311,descended,3690,3690,7317,69232,3690,0,True,True,True,25866,27330,27330,25862,25865,327db7738c5e4e164260a35cff84b537ea5a1bdee587fdcdda2d53702b82cfad,1346cf499361c06b231f4d3b35a908dd010a21b0d165e79ab3be5306e137f9ff,exhaustive
4313,descended,3648,3648,7250,69264,3648,0,True,True,True,25878,27343,27343,25875,25875,e931696cead2363c8316736659a1690f2af1bd5282a35034609be8908985265a,36a3ac551a3f837e769e866fd90af1c6d613bd39330760d3096beec4a68b0799,exhaustive
4315,descended,3619,3619,7203,69296,3619,0,True,True,True,25890,27356,27356,25889,25888,3613897d2e350ef78bb05a01e5eb317a37548c1633a6b9cf82d411ea5327dc77,b43b9756492908c4d56d9e60eeeea03a81202e9d4d6706fd5404cd1d077ce94d,exhaustive
4317,descended,3729,3729,7380,69328,3729,0,True,True,True,25902,27368,27368,25899,25897,e2781263c6d47c1acbda2352312472e20b5539e7b4e07cb9c14322d6dd94b2c8,79c424cf2534f4f319d93bc8267f8a87d749411c8f2d03c6d47a45859fd2ba82,exhaustive
4319,descended,3700,3700,7332,69360,3700,0,True,True,True,25914,27381,27381,25913,25913,d91a4f4876f66245528ea7ebd58f1356fe16ea9dd3428ee5f2fbcbaeeb7e2a62,a274675f02334b0291b09b0dbb525bc62473c24bd9900a9266dd1870665d30e0,exhaustive
4321,descended,3668,3668,7288,69392,3668,0,True,True,True,25926,27394,27394,25919,25925,9d667b67fb8ee97cbfc0b89a678cd2a7be7e65c8c74bca4e89f1d0fb9bbb0111,0aa836587e1c6ca94177791359fe9941f9d0f5503718b3785e7c77e09a9ab348,exhaustive
4323,descended,3645,3645,7248,69424,3645,0,True,True,True,25938,27406,27406,25935,25939,3870daa40a42173c2b37ed10ed812f054abad74a9d3568882ba59bea3c9d3dc9,2cf9ef1e10c4e38fe6e942262c2b5f81b4bc0135a2c99a6469a940be65788182,exhaustive
4325,descended,3599,3599,7174,69456,3599,0,True,True,True,25950,27419,27419,25949,25953,710768d233d4e620adc8d309dfb9191a4e43cf45a102d0b49783a22dcad2d3a3,a36ada1f74598c30713e88b378c26ad144f6e0c24ff3a3ca2c73a76ce9d208d5,exhaustive
4327,descended,3571,3571,7135,69488,3571,0,True,True,True,25962,27432,27432,25957,25965,a90c082b144ecb14feb68ad10ae3b7782845152abb8f01c906d6c022ecd949af,367c9e69dad1ab55c17eda1646c5cb076c8cce1f0dfbd45477132921318e764a,exhaustive
4329,descended,3554,3554,7104,69520,3554,0,True,True,True,25974,27444,27444,25973,25975,69ee18641ad8a029d7c33a94c650e7e88d6fd04f1e967b9ae3d1578be80d1032,bec25380e6fdd663395d1a8196d4f8f1c5c61a1ec68f47e79ce4d0bc4a9ab0b0,exhaustive
4331,descended,3747,3747,7411,69552,3747,0,True,True,True,25986,27457,27460,25985,25987,7bac2fe007a504498fd410c0902b6bf7d0eb8d4466450574c5f2b1d398c15660,754636621f8357e5664fa74509bbb76d8d00253fa954bbcecdd10dc0a7a80beb,exhaustive
4333,descended,3472,3472,6976,69584,3472,0,True,True,True,25998,27470,27470,25997,25995,54828d1faddb8b67d435260db917e7dff6caf4c44dede4708be6a3c5992b8fd7,4c75a61e97b5c1890c86df21349e0f083b70253687b74860c99b08292e132793,exhaustive
4335,descended,3686,3686,7315,69616,3686,0,True,True,True,26010,27482,27483,26010,26012,7bef7fa18041404fbc682cd75dc78e1fb7780630c8f5baf81da680f48fa28dfe,3859a3856035ff5c278789ab02830283cc6f8e892d7d9b45f035cc0fd27ad715,exhaustive
4337,descended,3675,3675,7299,69648,3675,0,True,True,True,26022,27495,27495,26021,26024,e92ef5cde0d8eebd2962fffb364c39fd0b5ff958e16443b0b394c7e45f236332,b68cf4f039ee3f28cc9b0056fd4cf1a9ba3c65359cde32b781757bf17aa8b2aa,exhaustive
4339,descended,3626,3626,7221,69680,3626,0,True,True,True,26034,27508,27508,26034,26034,6ab8e70cd502c4707de90f3b8e1f78c7d140341c7720f20ca536322d7b2d6392,68202116bbbc9edbaae0935959b5a812c171122e7381f718e0f81c30b49a6cd9,exhaustive
4341,descended,3660,3660,7277,69712,3660,0,True,True,True,26046,27520,27520,26044,26046,d09cb5b2460f14e5f31e33f466dc5ab2fd323638794bcb580e5201079770cbeb,1fdf4c82c13625d6eaf1a23c28f4b9a833f52300e552585299ce61c986b0edd7,exhaustive
4343,descended,3747,3747,7414,69744,3747,0,True,True,True,26058,27533,27533,26058,26061,fba7b6c739f99116c90452ff4e0965bc5307233ff45ce5879e57d06f9222fc48,b6258b4592b310416b99a191525c64664fca242861b85282f164c6b92e0d6c9b,exhaustive
4345,descended,3617,3617,7211,69776,3617,0,True,True,True,26070,27546,27546,26068,26072,b00210281ae4022ca3e18c005eae6160da09015aeead8618a654f6cd51e2cfd5,bc6e2778735ea60486439be930b0802728260b3400dec55e34015322f868b049,exhaustive
4347,descended,3577,3577,7146,69808,3577,0,True,True,True,26082,27558,27559,26082,26084,37484abc2f949055284344b0c2f462d57b1703f09056fe7c93ed435b99fb4951,0526169ed82ad5c04c62c5cfdfc0b997ec541639925fbfd44ca7d55a57d03571,exhaustive
4349,descended,3526,3526,7068,69840,3526,0,True,True,True,26094,27571,27571,26092,26091,6f7006082b77c4518f0fd67722cc8b3c5a9dee80e03c7eb6f5a8b8106f8bb531,3294ab2dc5022db276d31ef0f3c74c317a558de7da54219a4385082aa3472e8c,exhaustive
4351,descended,3499,3499,7024,69872,3499,0,True,True,True,26106,27584,27584,26106,26101,b20251d694d10e47c9cec7481369e0eea22ad067dc24312c9b4d3df0c5cc25c9,31e40c8f08dd0c6e628f3d3f72a34052953a205f0dfa74031a76f64445775db5,exhaustive
4353,descended,3592,3592,7172,69904,3592,0,True,True,True,26118,27596,27596,26118,26115,7ee3e2e5e7aff3b60dee3fb7afe269178bbe04f26f84bc486256e4f92dc27d92,e207aed6bb7c2a2e4f9946f43fca77b36ec264169fffc098df5cabffa6c22086,exhaustive
4355,descended,3562,3562,7125,69936,3562,0,True,True,True,26130,27609,27610,26130,26132,e34c92bb3a16bc7a4d9aa099356b4023869cc6779e057f2e3845be50980f591a,948193a8318525955ecb7c1d97225ec924dbe6fd9c962b5b7ef905aaf869a993,exhaustive
4357,descended,3538,3538,7090,69968,3538,0,True,True,True,26142,27622,27622,26139,26144,941ec82b475db311c1bd33525e4dd924fe073a4f6e12ad5d8dc07bf854497858,7de7744fa777172db550cfd063f369b59b72762b071211cbb1f3c7fe13a86062,exhaustive
4359,descended,3522,3522,7063,70000,3522,0,True,True,True,26154,27634,27634,26154,26153,066391d5bd7db9e13e8472922bee6686be5f253c34373b974c187b041ea415c1,06ea96753fb329160a0203e515e7b19c517e0e8c4c024ba3bfe5fff3d193cd6d,exhaustive
4361,descended,3765,3765,7452,70032,3765,0,True,True,True,26166,27647,27647,26163,26165,e5aca9593416c3c1af84a5b5a2434186eed33164d479ecc08d9251f686778aaa,0b7f5148315582695b073e3b2347f24171a9fa6e1fe0c39660448b12a2317292,exhaustive
4363,descended,3706,3706,7357,70064,3706,0,True,True,True,26178,27660,27661,26177,26179,5d5f2d5f23a42e016241fd967cb1f5da952a7875966c538dd5aad07e110c5e49,970191bf69d8a4afc62a67acd0bb242487a7d80b40ca2ff768eedc2f90f8bec5,exhaustive
4365,descended,3433,3433,6926,70096,3433,0,True,True,True,26190,27673,27673,26188,26191,ad0ed2f434575a0541ce514f895ccd780033f16e2de9332ca9951f25768846b8,996a566991b448fbc25f09de2e13f96f329c5d2e75c5400cecc0fd639273250a,exhaustive
4367,descended,3651,3651,7270,70128,3651,0,True,True,True,26202,27685,27685,26202,26204,95db8d09474949b11a3fbd7b834b99797ef3fa32d1716a40262ca30255487d94,c82b23668b604c3a08154f286c49fb961243747485390054343ee1d0d988c68d,exhaustive
4369,descended,3625,3625,7230,70160,3625,0,True,True,True,26214,27698,27699,26213,26218,18e32f843ebf59f9c95034eae226943b4cbf23d93c9614b15bc5ab4dc9dbfde0,42c5fee4fa7084e25b1c9ce3c708150723089a3169e3c0b4cfdb8ae771279d0a,exhaustive
4371,descended,3591,3591,7178,70192,3591,0,True,True,True,26226,27711,27711,26224,26227,28df826d4b0641c8d41fd6bd3ba992e98a0212b314731107e51d44348522dace,04cec5380bbc15a387e04599eb346e01c1bc469ac5165807805e59ca0e9e51f6,exhaustive
4373,descended,3555,3555,7121,70224,3555,0,True,True,True,26238,27723,27723,26237,26236,d531cf9ca3a9813dc157ce3887b1bea86322d0ae11e2515211ced246448f77e4,0f3355ded0825dbe1e3372ee4aa44ecff5b2be0ba30ac78f65c485150f42af94,exhaustive
4375,descended,3515,3515,7058,70256,3515,0,True,True,True,26250,27736,27736,26249,26248,ef16fb95afc7e3af2745c2a085f4dce3b35e5458799e6615f60a00eca178e3dc,e28d6769cd58d7f483e1d48fbca22c072f308b84e53dcd26c1592ce2d18a68c1,exhaustive
4377,descended,3454,3454,6962,70288,3454,0,True,True,True,26262,27749,27749,26261,26261,f9b9752650249d226733e5bd73f23d4ccaa4475abe51f727c9ab8d5b1535dc7b,7d718cec94a1e340f1d1830a3d71cff3e3233546ec3dd96db72a12bb5f19c5a3,exhaustive
4379,descended,3438,3438,6938,70320,3438,0,True,True,True,26274,27761,27762,26272,26273,8a1690fbaece376272cc28be948e460c20064806cac45545d47bfbfd174fcdd1,f85a316318e93d4a765a549da78f4068e4bf8195b1cc248a51ec86bcc34d7c4a,exhaustive
4381,descended,3736,3736,7411,70352,3736,0,True,True,True,26286,27774,27774,26284,26286,35c4adb794e7fa1b503f2113a6966ea89fe3dd2a639d985eda20f564ae2d4039,b5662f552f4be86e22d27a08b2adbcd208baea58ad5e8612fc8e5457e9a4f7da,exhaustive
4383,descended,3693,3693,7343,70384,3693,0,True,True,True,26298,27787,27787,26297,26295,72b8b699345983ab09eb1931e229a9526d0695d8b0ecc124437a4ceda866a5c5,ad39c59b85b2249c98eb212e4e0aad8f5343546b669a2a06c9462613c41830c4,exhaustive
4385,descended,3627,3627,7241,70416,3627,0,True,True,True,26310,27799,27800,26307,26314,96db6042040f1318e5449a4aafa5a1a653d3d9aebf445b55f7ad7ea3d736da3d,16ed71d0c10c3712732aa117e5bea1a668e19c086f21e054556eae364115afb4,exhaustive
4387,descended,3578,3578,7164,70448,3578,0,True,True,True,26322,27812,27812,26319,26321,a0d09f9e91258de6158bceedcbe934da89236b46f5733d7474b67d27accaa982,67d26e255b4bd569a02f3acf49f35df1a1a84290e0774c2995140be32704d5d0,exhaustive
4389,descended,3538,3538,7101,70480,3538,0,True,True,True,26334,27825,27825,26331,26333,5315ec36d565be991d783cd83bc6bf3a4e41fae1aaa6c13b519cfa9797e2e161,c3919abc03a93335e04ac66f1b6b984ca530e9d04a65f4219b2cf26849a0162a,exhaustive
4391,descended,3503,3503,7045,70512,3503,0,True,True,True,26346,27837,27837,26344,26344,b88a83ad10df1e5ea5cabfa9f0816b80bb5cce5b4132cfe4b1c25d4d394c1f51,99a3944bc2da0351778085681b09cb794346851f728bd6bc377ed84bd0a3343f,exhaustive
4393,descended,3463,3463,6981,70544,3463,0,True,True,True,26358,27850,27850,26358,26356,1aa72ea8783854ca34f1696e034887274e426c7abdb952a1858e3b8947d3dc21,3119302ff1303c044301fab32e35b046c41c43651094d648ab51e6d52c844d23,exhaustive
4395,descended,3392,3392,6870,70576,3392,0,True,True,True,26370,27863,27868,26369,26370,d749b6dd58848e7c23e5f2cf7ac04dce42d76dddcf86ef5caaf1856397583282,5d80d6b0dbcc989a513fa30eb6bbe121b09a8c98901762fb8b8d0958821279e5,exhaustive|prescribed_growth_prefix
4397,descended,3346,3346,6797,70608,3346,0,True,True,True,26382,27875,27875,26382,26379,f0100a63afc6469acfcef4dd789210562c1b55d10ef8c8733ec1447d6450c1b8,742f4f77065f66a51965d8412c30ff4193910e397b216d1bfa397c0160db7464,exhaustive
4399,descended,3315,3315,6750,70640,3315,0,True,True,True,26394,27888,27889,26392,26397,e7115892934a67a6bf663ed46218e403b8f220afc559897b02c0893be32a0f2b,29a53a447500a24cc0170e753e9bb9384be24a3e8f1d7c91ae502ce8b0d6bb0c,exhaustive
4401,descended,3568,3568,7152,70672,3568,0,True,True,True,26406,27901,27902,26404,26407,7b08f52d23ebb73c08c0d06bba5a181448a5bad78a49153900e07ace767ef066,9973fba5db2ab03200ac086f5b16d493808c1d6c91e80f4b8b44546647228fd2,exhaustive
4403,descended,3804,3804,7526,70704,3804,0,True,True,True,26418,27913,27914,26417,26413,5ea9b5fd333c19535e4b27e2cbbac3ebf14661f6561a6c74e444dbf68ae6dc8d,531d31ac62c0eb5ff0bef3ebc382a4253250e8e4c80eded7fdd9e125b08f821c,exhaustive
4405,descended,3535,3535,7102,70736,3535,0,True,True,True,26430,27926,27926,26427,26431,96cd6118c687332d45af9c736749ece5f56da7ac22b5e94929ec41403fbc5626,bd6ef7011b3a722035a57fb09a959fadea03b4bc7d318e8f9e017e1502e24af9,exhaustive
4407,descended,3713,3713,7382,70768,3713,0,True,True,True,26442,27939,27939,26442,26443,4b7870190fb6423f83ca1753aaeb80d505d6cede958a097cfa1ae2be8096f754,53597da4759df05b33efe49c3c7baf81420abb19c85aa8e2c9ccb0383536588a,exhaustive
4409,descended,3696,3696,7358,70800,3696,0,True,True,True,26454,27951,27951,26452,26452,eb1307f7d287b40bbad7a5f7a882bf547d47c882f6d41a38df8f691270e270a3,d96d9b85dc75d26353d099b83a6a89b386333840088580dac603a07e394d02e1,exhaustive
4411,descended,3628,3628,7251,70832,3628,0,True,True,True,26466,27964,27965,26463,26467,bb174f5c62a4b0519847a0f79f5cb17f0b0e5171b934988046318c6a93de3435,4cd1887c1216a4585c1df1da9844ac12200f01aa6f46451eaa6ed7ce9477cd6f,exhaustive
4413,descended,3479,3479,7014,70864,3479,0,True,True,True,26478,27977,27977,26477,26474,c1e14470415de8a9895c2c608c9fbce3920edf3a95c31985abcb03e66a4e0ae2,fd570dc777999090f2b1c6fbe00ec6dd82648d988b70e4a6f21a3d4380e41c56,exhaustive
4415,descended,3517,3517,7074,70896,3517,0,True,True,True,26490,27990,27990,26490,26489,045c816e2926684c8ff4bcd3380921cd3d80a8be5dea611ff5dd0df2a961c359,f0c1f69ba44e4b01c3917c4ae159984783c997631b180155d08aad80ae2c7214,exhaustive
4417,descended,3698,3698,7364,70928,3698,0,True,True,True,26502,28002,28003,26499,26505,5b24437aaab144cc6e9e863979f6253f201bd957ce2797bf5030bad8e35bc184,f920a59b136fe3a685b04b737e06195ceb807a269edc902e9afdc3a431aef346,exhaustive
4419,descended,3338,3338,6792,70960,3338,0,True,True,True,26514,28015,28017,26513,26514,448eb1f26ae2f147d916048bc8c4ba409c061a76dc60ce52c7ce0df05cac5934,327d171404d2e1941676487221125ca962b7ffeabce6a1f41e566b5447dc4f7d,exhaustive
4421,descended,3621,3621,7242,70992,3621,0,True,True,True,26526,28028,28028,26525,26523,37d923f34a906d2e2b24a688ee943cda1ced0223469b203810d7c037fc2bc8a5,23c37f6e24ca8b4a6d6abe41b9dd43717b55e7ca34133bb415ca9c1cad6e0f8a,exhaustive
4423,descended,3227,3227,6619,71024,3227,0,True,True,True,26538,28040,28040,26536,26540,4ae6c6a6a4109b7e7f88aee0afc0e586c4192a50cd4eaf908a388cc1eb2e6fc1,e48ff5e6d87c175145220db1660867b4617cceaac858430eb3cf0892df032b44,exhaustive
4425,descended,3890,3890,7669,71056,3890,0,True,True,True,26550,28053,28053,26549,26553,190a159dd7840f1a214a4ead382645cecba409cd55c696db1151575538fa1f37,65b3648ea1b0ca69fba6e2e32365373ec941248a108608faa4c41a599aba01af,exhaustive
4427,descended,3520,3520,7085,71088,3520,0,True,True,True,26562,28066,28067,26560,26564,8d5165e42c95d8f372b28eaa872b491e41df35ea89ea325d5d89733ae4fd3ed1,61067bf8952743a373ae42279f73c7e49bc6ddb7b6e7997c8ff6ca00fe414dac,exhaustive
4429,descended,3813,3813,7551,71120,3813,0,True,True,True,26574,28078,28078,26571,26571,10c9709f8160736ee119e07eb30cf568f4e59083df8a81f06749e5724245373c,0ecb051a8be41413d7f5f6d2a7d89b26b005a41c64008af761e06e1471b0ba99,exhaustive
4431,descended,3788,3788,7509,71152,3788,0,True,True,True,26586,28091,28091,26586,26584,43246d58bc858495bf7b8d18e3e356847aa13cc1aac64077613c047d9d921805,5fac828964bceb43291421b3ecb0808561e6acd166ff3a64d80161042680792d,exhaustive
4433,descended,3733,3733,7423,71184,3733,0,True,True,True,26598,28104,28104,26597,26600,6206f6ccb9896d751bbf7b64fd1e2979453d50f3924e0e47bbcd3fe50ee2161c,03efe59876fc56eb1e4d6edac551bbcd594f3add48c0744ff6ddd9623b60c424,exhaustive
4435,descended,3716,3716,7397,71216,3716,0,True,True,True,26610,28116,28116,26609,26612,835a2a15981aeb8ac813e9dc11d83f1b05cf07da6e3623da493030714c9a03d4,2326adb6d448752faffc664e91de48136cf4fb04f5ac9ca8d611b03f3c600e50,exhaustive
4437,descended,3662,3662,7312,71248,3662,0,True,True,True,26622,28129,28129,26621,26621,7d2ed2975fb98370bfcc5bb59159889f5c49e015bc97fa2ab930fb37961b2148,b919dbfc270f80b8e850562bc028f3adfe8398ca1acd9d58ac7c8cb1a105c2dd,exhaustive
4439,descended,3637,3637,7273,71280,3637,0,True,True,True,26634,28142,28142,26633,26633,4e63d8c0068aca0c47ef33c71060a3eb9840c4a7246fa8d30f022d0231263b0d,893a67accd7ba1af02facae8dcb89fb4fa9f1c578c1c5ee72ff49c24ed695805,exhaustive
4441,descended,3609,3609,7230,71312,3609,0,True,True,True,26646,28154,28154,26644,26650,7cc30be903db8bd44bccb5249fef0581d748688a24d447f164572ed8d1470ce3,e8ff7792bd6a1148d091fe44f8f7a4647912094ed9d8bad5bc04056c2b1e73b6,exhaustive
4443,descended,4192,4192,8154,71344,4192,0,True,True,True,26658,28167,28168,26657,26658,4987fcbb671c00f197131446c648af963dd8d30ace240f91d58951d66d36c150,d1aca08f669e3c78ef1eb4cc016d4db3bf364c2bcca9f74c911b5bca5e42efbe,exhaustive
4445,descended,3601,3601,7218,71376,3601,0,True,True,True,26670,28180,28180,26669,26670,737638bd6c5095ca9470af4d144f36dd0cac840652c7d923e6cd07df92838679,b5dc755baa0b643505cc4a3251102dfb048cd4ac563c10d866d85bdefb0beffa,exhaustive
4447,descended,3548,3548,7135,71408,3548,0,True,True,True,26682,28192,28193,26681,26681,a88c9ff6fc3d91da821757329fe7d0e6cf318def825e4c2f4f43f21ec935526f,8b7a4bbb278c8d0d1e861c5b0b1b4b7fd2c8b191f8dd22646a4ebfaf766c5ef8,exhaustive
4449,descended,3528,3528,7104,71440,3528,0,True,True,True,26694,28205,28205,26693,26692,e2a5acc474b24f44982c22a2facb13e5a64f76dbe99d6e264958bc64ee01940e,98c53abf88720c451ebca05217b23734ea974cae1896ca6970b07af8793c5c3b,exhaustive
4451,descended,3486,3486,7038,71472,3486,0,True,True,True,26706,28218,28218,26705,26706,a083012e9a071dbba38a0323ae553433826a5661201f8f1a3f53628195453dd8,a2a150398c58b08c5b5b2e3e0afd5da8bf4e2d6b7a1f966b09fd22c81c5f4fda,exhaustive
4453,descended,3752,3752,7460,71504,3752,0,True,True,True,26718,28230,28230,26717,26718,22a98607f967a49ea9a5dff4ed1f1e7fab374c0b80c8683fbf302283e32e9904,30189743843bb30c25069c820b484d5b29ae0b3bfca2c073ecb7b113963aaeff,exhaustive
4455,descended,3728,3728,7425,71536,3728,0,True,True,True,26730,28243,28243,26727,26731,43fc2c5d6580f1821a0d75aa75e54dcb9b8c539bfaa744adedb8aa17235b0482,24cd65a9e06c4c37e01054882eeaf94e33dec5be44de926140c320378d1c8f12,exhaustive
4457,descended,3367,3367,6852,71568,3367,0,True,True,True,26742,28256,28256,26740,26741,cad1b152fb4476a4800f184434c3a0f675a3a70e7f4b9335444a8fc2f3b90490,94430adf275638151dc4d4cf4395c4a72686ff35859a9ecee2fd1fcf372d5ea0,exhaustive
4459,descended,3650,3650,7300,71600,3650,0,True,True,True,26754,28268,28274,26754,26754,8197be5e4c1d1ec261113541b9c723aea04a5fa515e2b716d127b8d8e06f4936,a038c2e3a95c10eecb40cf6602fc575c19175c40a9d517efd95455259140502f,exhaustive
4461,descended,3614,3614,7246,71632,3614,0,True,True,True,26766,28281,28281,26763,26767,d171c462b0085728e5e577041a2918e88295b9a2ed4e671bc74aeffd5d8d70ee,f4688a162effdbce7968a60a22e24fb7201d9ccbe05346cc082248e691523879,exhaustive
4463,descended,3593,3593,7211,71664,3593,0,True,True,True,26778,28294,28296,26778,26776,391c1c3c747afd9ea06d9a67b85a5e182c0327ac1455e94920275f05cc02c40d,b52664748b4a7ffb2d9bfdc7fa4be9fd0250314e36ce3d3714b2ffa48862a9ec,exhaustive
4465,descended,3547,3547,7139,71696,3547,0,True,True,True,26790,28307,28307,26789,26790,de3567bc1be3911beae10c9cce44d8feb74144cb2debf6804f5633f0081b73f5,e13bcfe5e6875148914edc9b8d2fb6918e56a5606de764065bb7d631858864b2,exhaustive
4467,descended,3408,3408,6920,71728,3408,0,True,True,True,26802,28319,28319,26801,26799,a169985ec484e5905505dbc0a4aa3ca3472890bc8c6ebf7e491df998302dd45c,d86b292a5620368e6f1541d6e02fd2c413ade04df40ed8f3cea035c4f84b0b5a,exhaustive
4469,descended,3797,3797,7537,71760,3797,0,True,True,True,26814,28332,28332,26813,26816,7a0338a97cd662e5656f810e1c716ec6bf947700e70c558e7d9bf1b466542c8f,e39ee0f8c3992c0930dc21ddec6f73dfab754582366414a7bd2dfc201730f922,exhaustive
4471,descended,3437,3437,6970,71792,3437,0,True,True,True,26826,28345,28345,26822,26825,fa90f1c6f640652e1eda7b6c207155d24a5f50fb9d5aad1314b65ebe8873f477,1071a167898d0cfad354bad097ddce18aa278bbc236933aa1f0228a53ff06527,exhaustive
4473,descended,3406,3406,6918,71824,3406,0,True,True,True,26838,28357,28357,26838,26834,912d5a7c4b99a58712227eeff71948eb8fb1c52618244e0ce64b2f739b5c909b,189383b4a2c5ab71cb52290f5edb28f8996c3d456738fd4d6a695df5fa7373b3,exhaustive
4475,descended,3672,3672,7340,71856,3672,0,True,True,True,26850,28370,28375,26850,26845,13351cd3138ac983ceb0b4f43292d4b2531a806ec80154a130f1125c3f087883,933cbd71c58e65ec6e3b3801a6e35683c2158bf361ba4e1a266afb5c7faabf94,exhaustive
4477,descended,3635,3635,7285,71888,3635,0,True,True,True,26862,28383,28383,26859,26860,1aab3546fabfde72122e55bc35eb4bb4691e47ecf7948fb1283ab86477c523a6,f6ab06d9360b1cd683e2a5b42456979f1c6bc650a6f91cba910e4280b8db16d0,exhaustive
4479,descended,3847,3847,7621,71920,3847,0,True,True,True,26874,28395,28395,26872,26870,476df0f9233e471a3b469d20b0f1ad2695a63e9df419f4bf36d1d95aa984ecba,a717b2dc1fa03eda295e4d514a79599addf27521517a19b23ddb0868b8d8113b,exhaustive
4481,descended,3573,3573,7187,71952,3573,0,True,True,True,26886,28408,28408,26884,26885,8baeedc95ae1ebef841031254ac5d472b53e7b66e371e146a5865388e24f39d4,5d5944d7fe98870ba37392b7cce1871ada3516ea7218fb658e879b678d704b6d,exhaustive
4483,descended,4082,4082,7993,71984,4082,0,True,True,True,26898,28421,28422,26897,26898,87f2c785ca04b971b342888d7872b2f6298e32564ae6983bd7ecb8cfc2667793,9f494766c13c76e7255ae40c49075655c6459d6b14613959682dc6af02167aea,exhaustive
4485,descended,3745,3745,7460,72016,3745,0,True,True,True,26910,28433,28433,26909,26914,bb5fa61217a9e4dd7aaccbb90f5d1f4295cbbfc58154cba802e6529ad096a54d,84dc9f6f81b5b818e9827b17ef42e7ff4eac36ee29b623782dfb0699735be4a4,exhaustive
4487,descended,4041,4041,7932,72048,4041,0,True,True,True,26922,28446,28446,26919,26921,a205d4afa9eb16512b7531b6eccaef72126695aac9cee2dfd17bde99a2fc46ac,e174e2289f8ea6b40df27c4691ff6d573517422906b080a6848a1fcad87150f5,exhaustive
4489,descended,3980,3980,7834,72080,3980,0,True,True,True,26934,28459,28459,26933,26932,3a4e47f0301e2b4bad62954ee37a37f67b5ca324404f8db211609751401d8d2a,140af5b8e85372b4d1e0469e43eb9111fef91ff171ebd880e1a02610c075143e,exhaustive
4491,descended,3928,3928,7752,72112,3928,0,True,True,True,26946,28471,28473,26945,26945,16f9bbf2b872257ceb2505675f18afc778f3e135bd3410de5bfeab81f1f09d1a,87bae4e5b58e32929b2ddd2bd7bc80a1fd6b543a60f5f3a3f26bef396b67069b,exhaustive
4493,descended,3881,3881,7678,72144,3881,0,True,True,True,26958,28484,28484,26957,26955,26b5f31c057622f619c76b29b21688cff221d375dc97ecf2462e5abd98e25f63,67e174d3fd160a771449055ec127c195eb4fb6817888b496b5498ae837bbb26f,exhaustive
4495,descended,3824,3824,7589,72176,3824,0,True,True,True,26970,28497,28497,26969,26966,29842da5bdae6a64a57424739470ae85925b96a95550bfe0f67ae0750829c3d7,ab31c79ea3e23e067429f6f99077da584e02154a17e65383ac9930a7a92f805d,exhaustive
4497,descended,3990,3990,7852,72208,3990,0,True,True,True,26982,28509,28511,26981,26982,cda263cadb1217ba6b2fa24785aedb824f58701f16d5e29294d6e9f8299cacfe,8a9a71fca27c7019d7aaa1fb5e57771ac0c8aca61900d4ed0311413760b54dc2,exhaustive
4499,descended,3971,3971,7827,72240,3971,0,True,True,True,26994,28522,28522,26989,26998,41408d5cc2f2470d737375ff9a315ccd313633a9cd748c437373dfa6ebb845c0,32d64081a9ce213bcf3bb9a11bef504cde5d51441ec83cedc96b5ad5e796d4e7,exhaustive
4501,descended,3947,3947,7786,72272,3947,0,True,True,True,27006,28535,28535,27005,27002,3ef7ff715ed4a267497e6afadd45972797d8fe2ed4da8b282767b4e2a70bc0cf,2aa8e5efb5b9a259f942f4537f03e17b8818ddf5b19611d4f5fb4f8b607ee192,exhaustive
4503,descended,3909,3909,7726,72304,3909,0,True,True,True,27018,28547,28547,27017,27019,564444619e8621049ead6eff8c82f0f24cf5dc8ba3e78a515dcdd7871460f1ce,e3472c385db926321858cb3a31c686260c95049687798b389842547162f0ceda,exhaustive
4505,descended,3884,3884,7687,72336,3884,0,True,True,True,27030,28560,28566,27029,27029,ecde2f8d05bd0d8545da176e9346325df06fdfdf731da5cd2e492ccaeb4d82d0,a368444862ff42cd20402d96cb7bca26021d914dbc528f3742346561d6cbd0c1,exhaustive
4507,descended,3793,3793,7543,72368,3793,0,True,True,True,27042,28573,28574,27042,27043,dc7c4df9803ef40e1765d079c54034f697f9e4aba88770d93b943eb56b85d8a3,ee901f3634afe8343e8b44b6ba4e2649bdc5deff8521592f75bf085fb67c930e,exhaustive
4509,descended,4094,4094,8022,72400,4094,0,True,True,True,27054,28585,28588,27052,27051,7c53d849029b7cf9e498a8caad62c34af1e5960d1120d90963e89814c4a5c1ea,fb963dfdbe414938d7e0e8a3847dd1bf2be642c3fe1538c87c1233361293bd13,exhaustive
4511,descended,4020,4020,7904,72432,4020,0,True,True,True,27066,28598,28598,27066,27066,e4b0837d6f475a2710f155e7d434871b83ba34b7e1d09208ed0cb0b89657e7b3,38461196a8e15576f7ddddfdb7780b9e7936aede3d5b4f426e844b978deb4202,exhaustive
4513,descended,3685,3685,7376,72464,3685,0,True,True,True,27078,28611,28611,27075,27079,dd2c02b920337d258d78fd42f8f1cb1a03f2fde03f5fb74664170c7d34eead8a,c5d45992c5dda5f5d057eff2e9ba5150c318a676cacd09ce4c96ac2c56f70295,exhaustive
4515,descended,3862,3862,7655,72496,3862,0,True,True,True,27090,28624,28627,27090,27091,ee732f6b91ecd3c325ab6e7ad2c1b7261f296e26bc2945fab0aebc6fa4308eeb,f6643aadf8b4c642b78535ce0a38628dbf0a893b51627b8861887b705b58dd2d,exhaustive
4517,descended,3827,3827,7600,72528,3827,0,True,True,True,27102,28636,28636,27102,27101,60f066fddda4f86a8f73723dd2182673f9e43940e7019b5a64b6fa0581c462b9,5e868049bf072879c79240fc0a6ed9a15f0d48d90eee97add714c0883a009ec0,exhaustive
4519,descended,3851,3851,7639,72560,3851,0,True,True,True,27114,28649,28649,27114,27109,bf3ddcd8b30b76e83f8dba5c35a19c3e7e67eaa572b1f588f12b771a327690ef,0b968f8262c9da9cd06927e5840b3976e93b9c03baca33821c48930599d89882,exhaustive
4521,descended,3817,3817,7586,72592,3817,0,True,True,True,27126,28662,28662,27125,27126,0b457a3a73c19f55fa8b483c7d0a18fcd2995218361adeb8ba0690db29da04a7,1c4e89609f441badb47fdc97c2bd480cf8dfb35c1294073e4a15ba93e83e2e95,exhaustive
4523,descended,3757,3757,7492,72624,3757,0,True,True,True,27138,28674,28677,27137,27139,f751051afa3f867dae2dab2e22cbc5a31df8f02c9a33733e199455de0cd69a2d,c2b3990efc9d968c4e20f556fec470b7bcba4f03d7f7f1a5cb97a8c52a4c7f92,exhaustive
4525,descended,3728,3728,7447,72656,3728,0,True,True,True,27150,28687,28687,27149,27152,9c6bbd4f95f0214304d7e68b72b533d0179a167d54db676ccc9cede518b19c7a,8e49206b059fa0bc9587fc903de6361869a867702526bab2638b331c3d08191e,exhaustive
4527,descended,3675,3675,7363,72688,3675,0,True,True,True,27162,28700,28703,27161,27164,a4febccc1c6886a0dee39ecd8e299ec7e74fbb89207d827ab63a046e15a402b5,6d66bb703a87cdd3450c7dc2e523c4ecf3fa77042c662e88cef05295a3212100,exhaustive
4529,descended,3629,3629,7291,72720,3629,0,True,True,True,27174,28712,28715,27173,27170,62aaf372cbd205016d45fa23c6c645473806c2b2e5319dbe439b99b716a96bc2,65c11a20e156948c9018e4a21fa6899567a3869f81433177168b46a8bc4e09bf,exhaustive
4531,descended,3600,3600,7246,72752,3600,0,True,True,True,27186,28725,28725,27185,27186,630fb03ba057fa97cba47fe352a43474896b757b06503671e4161657cc143c70,b2729f12ae2b0dd1c96ba0d3e77e581101336a7b4161cb9e8cd7d8e7964ec4b3,exhaustive
4533,descended,3666,3666,7352,72784,3666,0,True,True,True,27198,28738,28738,27196,27201,0521b10fd580f30ee10857001afa81f519ed240f65aab0f29c7bff824ada1f25,be255a9044617f4c98ee245e3a5c1c3195f18fa8ab17710b192c6d72c3714f49,exhaustive
4535,descended,3648,3648,7324,72816,3648,0,True,True,True,27210,28750,28750,27208,27213,109e1a9243fa8638940d0087d0e003b879077708e99be715ea6a16155aa5f845,cb0e86ecc70bfc46d0413152ab4793ee1d647a4026eba06a2915112521a891a8,exhaustive
4537,descended,3613,3613,7268,72848,3613,0,True,True,True,27222,28763,28763,27221,27223,4764d9d689b9f673159d1bd681514c90af81913712c37f21736128005ff00bf0,0143d49731ad5309b478383dcec8b6c9ad943dc4875e66c789fdb58f3276c795,exhaustive
4539,descended,3582,3582,7221,72880,3582,0,True,True,True,27234,28776,28779,27232,27233,6e99c0e7f94d8b4662eef240bdab1674daf8d292d8a763dad494c94e2c4ec849,e04149165fef39683063c7cc4d6dc4543d8a682974e755bfae1315d1aa914905,exhaustive
4541,descended,3553,3553,7177,72912,3553,0,True,True,True,27246,28788,28788,27243,27249,3b1d3dbf20cd1167e1f60b21187076f94a08c31a877c1680f72f5104ad67c96a,90438cc00a91b75a58efcfd11d7b6f63c616eca5dad5a551692daf2497c06d7e,exhaustive
4543,descended,3520,3520,7124,72944,3520,0,True,True,True,27258,28801,28801,27256,27262,43e20d6bb03f46f436554ba38dece234a7daf5347c63c741a04b4e9f8715839b,177717257b9b123d491db90fb7c07e13a24b521c42c5570dd0633bdba7f9959a,exhaustive
4545,descended,3505,3505,7101,72976,3505,0,True,True,True,27270,28814,28814,27268,27267,5c42a87d6275523e75199ea6e9b05ff8a4e77cd9847a97e2cb409ece5e0d1c7a,278fe122b938bbd571c5ae2277be86ffeecbe7c6f3e88d114afbf201d82ff24c,exhaustive
4547,descended,4251,4251,8284,73008,4251,0,True,True,True,27282,28826,28827,27280,27283,a52e839145b2e11dac1c8e8bda3208931a2111a581de18bb7daaecd67bc008fd,72b068df52bed5a7224c0792d59e869cdf1b63e48c1aa63c3d4cf705f38df4d4,exhaustive
4549,descended,3388,3388,6917,73040,3388,0,True,True,True,27294,28839,28839,27292,27295,13122f765071a60b5e07457c96b3615293db6be14839c2dbc9676af2db9dd1bf,57edb8e9f636254c29d9497525df0e938fd553440a648b53319011552b93f6a3,exhaustive
4551,descended,4192,4192,8190,73072,4192,0,True,True,True,27306,28852,28852,27306,27307,0e775802a2f70d45b36539252a5060f3e189b579c645e5d31526a1657a869180,99d53632d1c21ecb6ca57e2abe3bd72a2a061861bfd9080c4bf5706fa3ae9e3a,exhaustive
4553,descended,4136,4136,8102,73104,4136,0,True,True,True,27318,28864,28864,27318,27317,bb63e931d3a99da239d2d68e3d06badce7f83400a2210e45563a87a3299b93b5,1ab0499ceaaf5de93c4f44d07e251b83cf2758690aeaf33efff5ffa1c0dd6358,exhaustive
4555,descended,4097,4097,8042,73136,4097,0,True,True,True,27330,28877,28879,27329,27327,5d56ef43d4c0f1fccc80d37e89eb57071302c89be00456c6d6a05f14e02669b2,639a8d9efca9a1eebfb7d5addff84260d6c75c7cc90806aaeb2a1575021b6c46,exhaustive
4557,descended,4058,4058,7984,73168,4058,0,True,True,True,27342,28890,28890,27338,27343,98bdc91359907f591ca270731dd1c8988e02b0c076285b85aed27abb8d51c42c,50cf049f79be6670dcbee2cc36aa08178c6132415b4329f6244f088469e847f9,exhaustive
4559,descended,4036,4036,7947,73200,4036,0,True,True,True,27354,28902,28905,27352,27352,f8e608caf806f57a455335f14dec1be9d403f60db3f2afe8427fe8e5c7e779bd,32ad529061eb5b9a62caa267dc37119f43786e52391482fd796d0edb02922c3a,exhaustive
4561,descended,3989,3989,7874,73232,3989,0,True,True,True,27366,28915,28915,27364,27369,d185cb558db82d1921f602be75837d04a5386e1111125bca3f6935a557e40ddd,d4f6d3126189db1b8720603426bb93e0ff811d82c10325af74b483df29175fcd,exhaustive
4563,descended,3970,3970,7843,73264,3970,0,True,True,True,27378,28928,28928,27377,27377,2a37d699f18e89e7a0380cf01088523ff00c0e9f4d4262bcf619c93ce50bcd1e,8949fc25589d035d26e506d671a1f91e89c3a94bcdbd0c744b99f6a363734ff0,exhaustive
4565,descended,3946,3946,7805,73296,3946,0,True,True,True,27390,28941,28941,27390,27388,46952340f039509c9e34c0db3b5cff41cd4de3afc5e4764283f2324083756f1e,59da01083bb8380fd372ca8ee5a87c0f4175c2c115f3fef8a7e1f98b1e69272b,exhaustive
4567,descended,4078,4078,8017,73328,4078,0,True,True,True,27402,28953,28953,27400,27401,f8e09e8d137bd60a420f55c1e87d6a22b09f28bc07aaa3ab0ab0881e544b4c83,a8d80321d0af58e597a6875ada72bac56d15874feca2b832f0980bc2e76451c4,exhaustive
4569,descended,3872,3872,7691,73360,3872,0,True,True,True,27414,28966,28966,27412,27415,9d6cab327515f0bb64b40e0d778f3de69705725271b081b1b50df4dd36c8ea15,865cc593c3c7bbad9320943548a4cafc70a26d056af90f8616b924e461e9f9d2,exhaustive
4571,descended,3821,3821,7610,73392,3821,0,True,True,True,27426,28979,28979,27425,27430,03ff34b501477f21fde6a16a9503fb09df15302b415b52acfd0de532cb16c439,715b3aea20cbd350bcce1cbb95c78aef43150d33857b65291d113d17e2dda616,exhaustive
4573,descended,3741,3741,7485,73424,3741,0,True,True,True,27438,28991,28992,27436,27440,6b9e870c754948238a10d9bfea1bdb7d57647e916902ebdc34968767657eddf6,540ff1e6acbbbf07da7ca9cc352e8e6c322870329015b942108f78bcb4c993dd,exhaustive
4575,descended,3911,3911,7754,73456,3911,0,True,True,True,27450,29004,29004,27449,27448,d837e8ac15e998ab42f983af48c152e21a658b16fdb069868751b30353233daa,67ec3f65eedf3f3c9509e32278832d2a934dabd9345443157c1ba9898620741c,exhaustive
4577,descended,3850,3850,7657,73488,3850,0,True,True,True,27462,29017,29017,27462,27462,0d4c7ad3aab827c124a606021a19c6ba058276883e92c99a9759b7673f4c1d5f,151a163c7ac2f8c3994267c30cea78e0ffd3ab12fda668cb72c70ceecf9e7e5c,exhaustive
4579,descended,3787,3787,7559,73520,3787,0,True,True,True,27474,29029,29030,27473,27477,37e764a72f8b6a22a5935290cb5b61a9bc72640da46e99134178ab0f153576e6,0e2fdd684fb0f3fe4e5acc689fd9ac69cb12783b050d43fcb13c44e2717bd626,exhaustive
4581,descended,3763,3763,7521,73552,3763,0,True,True,True,27486,29042,29042,27485,27484,62ed11f48540a68798f5b0164d710e63edba6cb453172fb698623f560633624a,11c996e64cae768cbe2a81dd73b479b42b6d4712724bcc6b00ad772b2ab9bf76,exhaustive
4583,descended,3721,3721,7455,73584,3721,0,True,True,True,27498,29055,29055,27497,27497,795ac55ac747459f844ab27fcbe67ad6c3148e6fed2d39f7f98f2397117b8dff,186000f471945f9834b5433372aab1a4c3dc7fcafc195ab8f4be60076716d928,exhaustive
4585,descended,3691,3691,7409,73616,3691,0,True,True,True,27510,29067,29067,27508,27508,e4d7f56ce2c931f230fbc3f545eaf3bf50ef05377b95a06e4011718bdb3cca5d,000e815ff7122d79e183e9224b70d532f2d0d8283544f822becb58f2ac0bb0e3,exhaustive
4587,descended,3635,3635,7320,73648,3635,0,True,True,True,27522,29080,29082,27521,27525,57af858c952709f7514c14dccdcc1a03fe00eea10f6212b9cc37f78f7a4aa7c9,5a8091a1d08f0a02719d9a5cd37e787eaec6fa5bcea668fadf5aef6b867b3ea7,exhaustive
4589,descended,3607,3607,7276,73680,3607,0,True,True,True,27534,29093,29093,27534,27538,0b632fcf94763ea49d74e3e1327176e549e26e3cb660698b9833cf575a6576b2,152525aac6dfd0a0caf376f46606dc02a280b3f6aaf5b4d3f9a72366d536ba95,exhaustive
4591,descended,3511,3511,7126,73712,3511,0,True,True,True,27546,29105,29106,27544,27545,02c65c14f37029b9bc59d9bcf7a9cfc00103ef4085c45846e9c3b312367a7af1,60aa62aef5b60726b9f6e45ca2eca43bd64926733d293b18c3702e10c8bbb2aa,exhaustive
4593,descended,3796,3796,7583,73744,3796,0,True,True,True,27558,29118,29118,27552,27553,361a1590a8c340ae64117f38203009ce590836c826770ce051ecdd313d0f9c60,6abc075230a2fbf07d34b58a9968ae1d562feabdf8edf3c7174050f37b7c0530,exhaustive
4595,descended,3777,3777,7548,73776,3777,0,True,True,True,27570,29131,29131,27569,27568,b6b05f5b670fd4a5ba55711966693e5b9ae733372ab006f0d800848a954d2134,42df3e7c48e48645d5bd007785bdc9becc60c5c0fffda55d7994b0ffcaa36c09,exhaustive
4597,descended,3740,3740,7492,73808,3740,0,True,True,True,27582,29143,29143,27579,27577,3486ca1a02fb15fa24f05c7ac1c9cb278f51291ab335eae39cd9dc98f6f07e91,f4c112413ac9348fc29be47585e8cdce08890f486d65e2ccf8c8f10999a75cb7,exhaustive
4599,descended,3714,3714,7449,73840,3714,0,True,True,True,27594,29156,29156,27594,27595,ada4e1bff94773b7755254744e094733638924a68c95f363f2ac68e1aacd3cee,92d5b095dc3840824c27abfc24db86ef1c0daf277f1ff0345459ff672dca036f,exhaustive
4601,descended,3656,3656,7359,73872,3656,0,True,True,True,27606,29169,29169,27604,27607,b0dddf48302330d619f2aa76543d56a3d19b0dc12fa59b1ebbf2b799f413e2ca,bd51f75d049e98db5150fe98ecea0dcca9811b8bd936dffecee5d39f252622ab,exhaustive
4603,descended,3589,3589,7253,73904,3589,0,True,True,True,27618,29181,29182,27617,27617,75bc1adba128963892892ddadd5092c41f8a5b3e6ef3232d82858ceffdb47671,9709cc5fb3b2b396fc5689fbda9a15b9c0b83cbd89f5f4d357e11b3fadb3c191,exhaustive
4605,descended,3555,3555,7200,73936,3555,0,True,True,True,27630,29194,29194,27629,27629,63fb8bcc089db846444f6bfca75aa406607114ec9a221cf9f4d85fc3d9be0053,8df90ed13c50594e362ce808df4f040c4309165880f7e2d2adfee879818dd35a,exhaustive
4607,descended,3713,3713,7451,73968,3713,0,True,True,True,27642,29207,29207,27641,27644,78574ad609f98d1fb3c18ab1a7bb8d9c8bb1df8ab4eacecff3e34d620f0c808d,914e67b0b810752edd7e4ac5d89aea5f2ddcfbe2dcef94d3ed5671e73ed35ae2,exhaustive
4609,descended,3671,3671,7384,74000,3671,0,True,True,True,27654,29219,29219,27654,27655,30b340dc6e1690dfa446ae094d23e354a5521dfb42580bb755d212bf6db727a8,115f0a621f5868f2d41f4d4f350d58b34a7c4b350c568227a452a000ab9e10f5,exhaustive
4611,descended,3479,3479,7081,74032,3479,0,True,True,True,27666,29232,29233,27665,27664,07bcf399109e892b237560904d11fec33db3e00c8aa9e02c0e34098ae43fafe2,97a1d93cd70501cc04975c56116aa89750223e2ad860cfb54d6d7ae36488f508,exhaustive
4613,descended,3427,3427,6999,74064,3427,0,True,True,True,27678,29245,29245,27677,27677,a668e5de93dc25e1a47c606d7719040fcd3ec8cd776bcb2cfa74128134142abb,28dd7988ad1cc875e156b200e8e2ba40e741b4741e5995f6a70572a7c3787e0d,exhaustive
4615,descended,3604,3604,7282,74096,3604,0,True,True,True,27690,29257,29257,27688,27690,4bab4ef48c91789d7207475031c58fc888ce0e876925d737f9f746d93b5bd345,a98c28ff1bd3388c30155de6d8445f08f4c8c5acc8abeb4f24e59dcf164628a4,exhaustive
4617,descended,3561,3561,7214,74128,3561,0,True,True,True,27702,29270,29270,27700,27706,cfa65e5d8803f2f4a3fa716a30c1f3b293374c5dd8a278e10ec4b0743b04a432,7b18ead759c43f052610ccf2e388daf5108c339330cfbc735fc6cc77a97df906,exhaustive
4619,descended,3530,3530,7164,74160,3530,0,True,True,True,27714,29283,29285,27714,27712,1ea1528289a68e3fb858262dc781af921b9f3e96a125930403673c582b80e0f8,4f2c7b392799231606a49728bb8302024325d1c9c52be44ae7748f6cf8505237,exhaustive
4621,descended,3545,3545,7190,74192,3545,0,True,True,True,27726,29296,29296,27724,27726,ff79c395cd3d325dd71ce27f97091543423a249a34f33595db8c655d17116dbd,66bf69b0399866636d90acf0233ed833a84ee42922e46f351e78ae5e3864283c,exhaustive
4623,descended,4014,4014,7937,74224,4014,0,True,True,True,27738,29308,29308,27733,27740,7629895dc0f0a1cb04ae546fd0aadcf3b3913d6bf6f7754f1ca8528995423b62,aafbff811b6a21cd7c11f47d8ccecf5ca9d5865ce9c1e734d2ce125e223e79d3,exhaustive
4625,descended,3490,3490,7103,74256,3490,0,True,True,True,27750,29321,29322,27749,27751,25b385f6eb9b26ab8ff4768760c26059caf2393f481b5de2905d7060201e8ba3,5112384ff549bd4947ad484f961608ee29cfee364f55c90ba2e520124d46f8ac,exhaustive
4627,descended,3937,3937,7812,74288,3937,0,True,True,True,27762,29334,29334,27762,27767,79f4505b6494a824630aabc83db71db4fb6091ce5cd744ee11d2b5e54e733bf0,da619786abc94c75456fb1661c9d931233e6672a5869cf67678b6aad56926e80,exhaustive
4629,descended,3926,3926,7797,74320,3926,0,True,True,True,27774,29346,29346,27772,27777,cfe80693026f885de300b382336e826da1a5cd96e02cc633d9c65ee3272bdd9f,4bb5883668354d227628bb87d7587c1c06b841c0b5e8a5fe0453a9bcd114fe49,exhaustive
4631,descended,3851,3851,7679,74352,3851,0,True,True,True,27786,29359,29359,27784,27786,db5a5146842951342a8f8dcc02a742d3070fc95af24b0cf12f19f41588ff5e15,86cb7b6e286d578a7c7fad71a18c1956f3e0170329e1cefdf40cddf490bee372,exhaustive
4633,descended,3852,3852,7679,74384,3852,0,True,True,True,27798,29372,29372,27798,27796,36b0f7eddd258d4cf36f6055e0244447ed82708b649ae26cce7d040f984c462b,01d102d324f2555f019f7dc80f7ef54d6ce1d206057b1fcb752394c89d115c90,exhaustive
4635,descended,3828,3828,7643,74416,3828,0,True,True,True,27810,29384,29385,27809,27804,9d98e3a5318bc2258a4aaaa2bdb0d6fdc357be749d7600a28e408c7b2050f57f,0c0a9600e46178c4f2457fd1bfb6df22581f69846808e7f3d176f612fac2dbb1,exhaustive
4637,descended,3795,3795,7591,74448,3795,0,True,True,True,27822,29397,29397,27821,27819,324829745b2160c2418b7937512e73f017db0fcb115755b86d6bc8861a397712,4b73df661a586e97ef30cc8fc0a79e9c0c39814b344f59760a07faca5f756aa2,exhaustive
4639,descended,3758,3758,7533,74480,3758,0,True,True,True,27834,29410,29410,27833,27835,4745c2886128b990dd7c38f99a1d50439565726da84796736f60c18eb4ab8f6c,e5e04b3c80731863cbf7659ef4f7c1de5c347d002fd251ac9f17f3fba506b985,exhaustive
4641,descended,3737,3737,7503,74512,3737,0,True,True,True,27846,29422,29422,27842,27849,81f1a4ec1f2ec1a1fa07632b91e344314f628782a448e699294df6c769711916,f110c5787520fd656139ea655289446d9581f36c79880b50019ae57627df0eb3,exhaustive
4643,descended,3631,3631,7333,74544,3631,0,True,True,True,27858,29435,29435,27857,27856,3b5380a6c4afaed2e819de000409e713413a06f33ba43e7ca0f9f4f62e537774,60b1695821b55291edb763bb3a9d9d09552347a6f557c4801ef578a318852d02,exhaustive
4645,descended,4248,4248,8312,74576,4248,0,True,True,True,27870,29448,29448,27869,27870,7f20337428aea2e086b261a262134cb9d7affc6c042150a6151ee1f1006face6,2bb7afaf86f3924e40fce78dfa56d9c3a1c71a4dbf0b17a51921b93463c5ae77,exhaustive
4647,descended,3568,3568,7238,74608,3568,0,True,True,True,27882,29460,29460,27878,27882,74f750f9677a7dd9d530f2bc83fbde272248f5c9e839bdf53725550a509904eb,ccd259b2389d8d4bca47bf53ae74989771189229932bd7186d55988827ee8e3c,exhaustive
4649,descended,4179,4179,8203,74640,4179,0,True,True,True,27894,29473,29473,27894,27893,87c2a1b5075b03287ab383d88396080b784e1dc069418a94ac741db03484a3d6,0cf7a1d68a013680b8c80fba572f8c4d00f18686b5d4010c6c595ad8abafcc13,exhaustive
4651,descended,4154,4154,8164,74672,4154,0,True,True,True,27906,29486,29489,27906,27903,3c8c06c54b3815d0545b941462fff1db5a3cb92a3b3ae975b6f635cd72698aa7,f5c3d67366a6d6728432e2b18f4136c4d033ca5af724af2e5e31bb896d752513,exhaustive
4653,descended,4129,4129,8127,74704,4129,0,True,True,True,27918,29498,29498,27916,27915,6f1612f9cff11f1c2406b40a606482ee5435fc42cae8662fa31b689db85f8ff4,e70b80caa41e1c72ac23a57c68f8b9bafa3376f7c287f5dbaf81c9c09fe0ac70,exhaustive
4655,descended,4093,4093,8070,74736,4093,0,True,True,True,27930,29511,29513,27928,27930,f24b55befb7036a1e4c6b95f144ac854642d5ffd6c3be4c942c4c18d0abc512e,4a9ef978bcc8c5dafe9ce256b3ce7b6dc32ad46bf989b74ea6005ec65f6a21c0,exhaustive
4657,descended,3995,3995,7916,74768,3995,0,True,True,True,27942,29524,29524,27940,27942,96fe2dff9179b814200b91eff52bcc9261e63c15cca76a059255bac3d5c0890e,014a346e4fe92f4d976b370285e816e1134009add0a921cd7a81a6568e3a392a,exhaustive
4659,descended,3980,3980,7898,74800,3980,0,True,True,True,27954,29536,29537,27947,27954,a3c39c9b88b499baa745f951cad7115501c1a4438da861f05037717703f01314,569bcfb631f1f526710c6b5ebb5a89e46b485b73ae5d70aea88dc02e6ede5b91,exhaustive
4661,descended,3937,3937,7824,74832,3937,0,True,True,True,27966,29549,29549,27965,27968,b331f7425dc24678d068f88e4847d617fa0d3c08cce9dbe1a98133e0c2118615,65a62981c84d14777b3d90de4dd8401a5a6c6a4c3d4503bd1686fa24ddfdcdbd,exhaustive
4663,descended,3900,3900,7768,74864,3900,0,True,True,True,27978,29562,29562,27975,27978,dcc2124bb7192c8076f36c2701c93114c86cb1ef70801933b974bbef989f070f,f9178e32324dcd01873b35fc79eab38ec705f18bd41e510e20f1445cec69d85a,exhaustive
4665,descended,3842,3842,7674,74896,3842,0,True,True,True,27990,29574,29574,27990,27999,25492b5bf81a5ac27d8533a6a5da0fed80929a3b3fc4df690f4a43cd1980aeb8,ae0f52c34d8036bb226c2a3dbaa1369ff9c426fe7291085cbdb453c6838d3654,exhaustive
4667,descended,3816,3816,7634,74928,3816,0,True,True,True,28002,29587,29591,28001,28005,5fcdcb792156697250db6458b2f1f4d0252ba615f498b4a2c5a1660022d3c393,02bf39a688b291868ad40fb0a124b8d5a35ea99c119a8ccbd2a784ecb4502f8c,exhaustive
4669,descended,3950,3950,7852,74960,3950,0,True,True,True,28014,29600,29600,28008,28015,24d1fb25226ca39add88b3196c55ae5a9cf240ffac92a610b6504db066e57e67,aedcafacccf18dbfec35e88d08daadc4e675576bb224d4f8488c16e6a81d8553,exhaustive
4671,descended,3649,3649,7371,74992,3649,0,True,True,True,28026,29613,29613,28025,28027,1ba456d97596781e6134bad627bd57b8210040537956b4462251df24ee6dc254,0ed30cc756e54b1c25551e0dfcde7dec62728539a914f11f246418b40ce03dca,exhaustive
4673,descended,3856,3856,7700,75024,3856,0,True,True,True,28038,29625,29625,28037,28040,b0881fe4211ee16e9954b2b850759d9afad18a78f9c8352bc9b972776f6719d7,bfb3938e111db82fbd196e875c3a43976d1792568095ab2bdff1ef0eaf8bd144,exhaustive
4675,descended,3805,3805,7619,75056,3805,0,True,True,True,28050,29638,29638,28050,28048,1948bc70519de77fa5359353fde3f8073e489e8c9933673bfbadb321e6a8f164,38dbe3a86126e8c36ddb78caaed82c9951c1f3fc0791b60098f55cb47f1610bf,exhaustive
4677,descended,3840,3840,7677,75088,3840,0,True,True,True,28062,29651,29651,28060,28062,268af87d91e1bb5479f8291957a74e5833e072acfda70540dcfe447d281c109b,9944a7f89a171529bdbe4a81da89f58afe805d5f81d5bf8228403d51bd76027b,exhaustive
4679,descended,3802,3802,7617,75120,3802,0,True,True,True,28074,29663,29663,28072,28073,f8cbe8865ce4de1245ffcdb34fda875e60a12fff95e4b7a0cf34446b919e1057,bfbc7fcbf277c99ce9a97944adddc983f38b1d77d920246ab1ffe072f4360815,exhaustive
4681,descended,3759,3759,7548,75152,3759,0,True,True,True,28086,29676,29676,28086,28084,c9389d06a2ca461b714d1e00ee7e482436bd0a63385958f5f44a0f97f3b94cc7,e7919652d87306244be5a3b08a341052146c23b08e708aed8de0b68d54542b68,exhaustive
4683,descended,3722,3722,7490,75184,3722,0,True,True,True,28098,29689,29690,28098,28097,f4702d6b5479dab1c88a9ad69b7eeb785397250781c010d6189e781e16ceb8a2,38c2204fceb5e5c5aa5b00afa94a6d868b66672bf5a0bb1e100856d4fbbc47a6,exhaustive
4685,descended,3693,3693,7449,75216,3693,0,True,True,True,28110,29701,29701,28106,28111,3348c358a09dc3402d937befc91ae7a4094e5d2e0a009673942c5806b53f629a,eb4309bc82918828303930b18a31a88758e19ef7bf84ae0bcd6e1b14761e05d6,exhaustive
4687,descended,3634,3634,7352,75248,3634,0,True,True,True,28122,29714,29714,28122,28122,cf0a03e3024117487ee329a8f6501e0752c2f1a9e7d571ce7c887b901d04439a,ba4a727d67034157e239988da5505eaff1334999c1f369a2214a3a9a86a10a5b,exhaustive
4689,descended,3600,3600,7301,75280,3600,0,True,True,True,28134,29727,29727,28132,28126,f754dd2d5db49a422b4e6d306d001c6298c2326a7bbc1be04ddc7d909e915d12,bdb62402497364c3e423da9b509cf457f1942f4ac924eba937da856da6ad855b,exhaustive
4691,descended,3514,3514,7164,75312,3514,0,True,True,True,28146,29739,29739,28145,28149,c010332f58d68efc6a1e9abb5bc4d0fd69703fd49d2b8a62a5acab60780ff3c7,b3c61f84c1f2fe486f375ae55fdce687ed9baa549ba8ed897f555faedfd0f82c,exhaustive
4693,descended,4296,4296,8404,75344,4296,0,True,True,True,28158,29752,29752,28157,28158,331d12987c4c991b20a9fda623e8028bf1659624a44c207268da975624e0c5c6,6faa20242098e7fbdd8c39a85ac0d753c87e0d1a76820c3edf24ff5d678d1a5f,exhaustive
4695,descended,3898,3898,7775,75376,3898,0,True,True,True,28170,29765,29765,28168,28171,6620be3b45c42d67e3b3d13b7563837e671aa178e12ea0e39ba0d8625f8e73d7,8f8663ae46577fc3ac6f51653a29a703c7a2857999454a5d3063e1e6017cbee6,exhaustive
4697,descended,3874,3874,7737,75408,3874,0,True,True,True,28182,29777,29777,28181,28184,3afa16a4a957328e386c67117e14acd09021f7a9e4b49067f2b71a7a175d3b70,6bb40aa4741d96efa97091356ddedd7fbd401f6ec5f9a8b9356b3b6ddd4044f9,exhaustive
4699,descended,3817,3817,7648,75440,3817,0,True,True,True,28194,29790,29791,28192,28192,6e30facddc510a221b3a3c0d6c9303a0f3c704957a171883b9e4aa9709d8255e,966cd74c7d1f0842eeb4c08dd896705b9388cf938214aadc46d031fc64e9a055,exhaustive
4701,descended,3785,3785,7596,75472,3785,0,True,True,True,28206,29803,29803,28206,28204,b98d9d7d75aac409b813992baec92b07786e2d0c6baf4b3f1a80bfbf28a9a3ff,80eb22d1ca433aaed79092ce9b497b06730313ac55eb46aa07782bd34860d40d,exhaustive
4703,descended,4154,4154,8186,75504,4154,0,True,True,True,28218,29815,29815,28213,28220,7f945d5fc5b68b3035c4975b498d2b921ce6bdc3797826270bc5fc045b6b0e37,af1cef4dfca9040c3cd0ea22da220a81c77460d18727b1a7d2e3c39c8b10e4a9,exhaustive
4705,descended,4131,4131,8148,75536,4131,0,True,True,True,28230,29828,29828,28228,28229,a75dd066dbebf5a11ba9f46b954a3c2d808e1870f84d884833220f217ab64083,0588cbf60d5a216858eca82b451c1977b7447c9b4988dcbe6488b4524bdf3262,exhaustive
4707,descended,4099,4099,8097,75568,4099,0,True,True,True,28242,29841,29841,28241,28231,ecd8b206542d8e47e702e9c62f343de71cead9ac8fff55eb5f0182f6050422d2,4f676db593d6db041925e1a4024509b2e8844520fe12546d7d138e1bb3e7900d,exhaustive
4709,descended,4050,4050,8019,75600,4050,0,True,True,True,28254,29853,29853,28254,28252,83a461bd0c75164809ea0535e59a06051f894812d678130a4c50b73f473c80db,f835a40bba871c28e0fb81add93d18b35ac741de216f296ea2fb6c16e67c255e,exhaustive
4711,descended,3991,3991,7927,75632,3991,0,True,True,True,28266,29866,29866,28265,28263,af89f69a24619bfd6f269430739795aaaca69ced7723efa40458fb988d7d7e69,c6348b673c97e4528d9a1d85f794d39f32445f2743f930c58be00039a6d2165c,exhaustive
4713,descended,3969,3969,7898,75664,3969,0,True,True,True,28278,29879,29879,28272,28280,9f438fc8f62273dc5d82a5ad1a9de1de7a3e26baf6b9777c2dfa1cd09a1c4dd9,d83dd9ae68df6c058ec5526be31db02e5c0ade39977c595f0aad0e91925138a4,exhaustive
4715,descended,3948,3948,7859,75696,3948,0,True,True,True,28290,29891,29893,28290,28288,9b8acd95d8603a28567f675e339d9a9d1dfd40870c47e1a9376ec52b436049d0,de0298150f4c959b82fbb601a26d19136bed9b7798ff391ac971e40576a53be6,exhaustive
4717,descended,3925,3925,7827,75728,3925,0,True,True,True,28302,29904,29904,28298,28301,9dc062c1753c39c6bd5834041468a8c6e4d9c9ae19f412583c5459f25f336b51,cbf8e23ee8a536d83ff607a4f0cc5a9ed1cb70ae073161948d5a5665d3bb5f05,exhaustive
4719,descended,3896,3896,7779,75760,3896,0,True,True,True,28314,29917,29917,28313,28316,a0e68c75fd1d0ce4caa6cef664caf8badefe9ed2fc46e4636ea17c8c38c41728,efd40c2d9da9878c5b34bb999829487495a07d5a25d4b6c32053ef9ec533e972,exhaustive
4721,descended,3867,3867,7733,75792,3867,0,True,True,True,28326,29930,29930,28326,28326,aa1f4a32791211a0d469c7a842fd20fd05d435d1e0e1e5e482740fd41ecbe5ab,48a08a2eb6fb064d87184fa86e58a609abd323ebbba3114cae31cefa50cd7e44,exhaustive
4723,descended,3815,3815,7654,75824,3815,0,True,True,True,28338,29942,29942,28335,28339,f4edad961b20821258bd5ad86c9968bda86c2a408dca20127416931e0f0f96c0,d4c81bda7f6abd0f6ea4757b43864f1ad5ad7dc9e7c86cc57fb8f6e2b0f73bb8,exhaustive
4725,descended,3782,3782,7600,75856,3782,0,True,True,True,28350,29955,29955,28349,28348,9bfe8b58853015c203b47723106a68f6143ae36b7f1b83fdd7df9603386b8246,15c53a2a1822c28c68bdeb8334f6211a3c1ae02f0fdd2317be5cb281ecfbda79,exhaustive
4727,descended,3876,3876,7749,75888,3876,0,True,True,True,28362,29968,29968,28362,28361,45fef5f0b2ab585595f5186caa8d6c3fb3a403b41e5287a5a9336ea6b59d5ade,7e5c7d6a5a25c323d3c34582f173f905f4c9d0db30af1035280fb1701a0acaee,exhaustive
4729,descended,3842,3842,7696,75920,3842,0,True,True,True,28374,29980,29980,28374,28372,196d5ae691a785e16edf5b7acc1a2d82e88445f83deab1d11b930abb952289cc,c8c24e8db69755908e531c31cdd27e1d2a38cec7031ec0c9dcfcc342843145af,exhaustive
4731,descended,3629,3629,7359,75952,3629,0,True,True,True,28386,29993,29994,28386,28386,4c3fd33d3c7c31c184717190df1d4c5038a453003cb8cf62bccd180776095bcc,1c14956e282c749c439ab277fa2cdf62cae0b46c88980826ca990c68f4d66866,exhaustive
4733,descended,3777,3777,7595,75984,3777,0,True,True,True,28398,30006,30006,28397,28399,e49726551e94cbe15ddf3b6dc51b7ecaa603c64492a9dd2d9b7d437adde6b9ae,0c12a436a9e564f5b350bbf4ee68fb461f2bb8bd9868436580346450b7a04275,exhaustive
4735,descended,3754,3754,7563,76016,3754,0,True,True,True,28410,30018,30018,28405,28414,9836a110411a3731363c72e3f9d080470fff775bf66a562a04a1feae585cc95c,5aa1046da93cbc46c974b89c4f6b2596c7e1c6fd7a83ee1f624601043b5879a1,exhaustive
4737,descended,4053,4053,8035,76048,4053,0,True,True,True,28422,30031,30031,28420,28422,b085c0a8b8eff458193e0aa9f2a5f754148a619ea299d7f00af9f9ba9d735864,f722fd7049a47507c76548489ddb20503e85a3aed3ace49938dcb698271b3e72,exhaustive
4739,descended,3691,3691,7462,76080,3691,0,True,True,True,28434,30044,30046,28432,28431,937679b38f8712b80a2538a1a643bbd7218adc876ed067ab4a72fd356be69e27,3562078ab2e29b42bd14defdf9102d318081b4a8eced6155489425eeae0ca667,exhaustive
4741,descended,3986,3986,7929,76112,3986,0,True,True,True,28446,30056,30056,28445,28445,a866eaf84d6676a47df64cbe59dc88eccb9d7e9771f25d8dc4607a933b3b697d,bb27c1e9d29d2abcfd6cb96697f1cd749a7ba04ab0c0491bb93bc344c8945176,exhaustive
4743,descended,3617,3617,7345,76144,3617,0,True,True,True,28458,30069,30069,28457,28456,1de3c62cc23b902386f398a88f3b8a7d2377c2ff1fbbc670a7214376a2fe1abe,51c0c4cb21fbefcdb7a3348e65e7b4da467a5698c235fd29c4426ec096608a67,exhaustive
4745,descended,3914,3914,7817,76176,3914,0,True,True,True,28470,30082,30082,28468,28470,f5a4852228060b0ba6b90664c2188dc30aca236811ff17290808ca4065bf18ee,ade32b7cefd2bb523cee1aebdc237c0836ab2489dff906e20bcade474d85afe3,exhaustive
4747,descended,3578,3578,7284,76208,3578,0,True,True,True,28482,30094,30096,28481,28481,f929ff520a2abd59d705e581cb706a904b19024f0ee797ba335281181b9d2c28,78f72573dcafb70cb3dccf2ddeb8499d4a935937178e6776c068142ef57327d0,exhaustive
4749,descended,3533,3533,7213,76240,3533,0,True,True,True,28494,30107,30107,28494,28491,ebc822b580e7e109e18ac80daa9329af179e50fca0c30cf87db473b05afcb26c,2cb3055e86182f7835604e55a7a6ffbb7554f0cff3a61c2037a87b5b76578ddf,exhaustive
4751,descended,3829,3829,7684,76272,3829,0,True,True,True,28506,30120,30120,28505,28506,815e7555952ede5fd709f2bf6ec870c9badf2b42274b80b56850653f645d8975,36a9572fc269fb579888477b295e9474625c773924c4fa36a352aef94ff56787,exhaustive
4753,descended,3793,3793,7627,76304,3793,0,True,True,True,28518,30132,30136,28517,28517,0affe9521bc05232f8527dbce9e47f655f6383c0bcc0619790ff8224eb04b5b7,904011700ae8a12406401997f48111e0ccf76e786f5cdc9770708ff3ba1f49b3,exhaustive
4755,descended,3773,3773,7597,76336,3773,0,True,True,True,28530,30145,30145,28528,28528,f64584d30406d0bc682d0250696d6d30aabe9454ae069cb37ae61c0e2ea14f07,21985a6aa0b03c62f184a04d2f86c4481e638fb56207d6f8eedcaf7ea56bd814,exhaustive
4757,descended,3710,3710,7497,76368,3710,0,True,True,True,28542,30158,30158,28541,28540,3e5371422e72dfaeddfcfa55d051cc07bed494b06f6326c95fe6c6254e090135,381ec7f503c9c55628bf8b3dc9f9bad8a69650f608c04e1b6a7a8933f819fb6a,exhaustive
4759,descended,3678,3678,7448,76400,3678,0,True,True,True,28554,30170,30170,28552,28553,f0ebe738278136d6c72f67fcd09831617e70f7ec97f02bac72827d6f01c7ced9,d9b2683412f77ac71865a82273c718de4c2ef5d58da81144583ca3c53843c94e,exhaustive
4761,descended,3892,3892,7786,76432,3892,0,True,True,True,28566,30183,30184,28566,28566,6bb8b6650c6a5c48c61bb5a25d230ab18ab06c139a0b78047c7440f60c6335fb,008d163c4a5794e91f8db5131524ebd13e6cd6e0f255b17959b014b2149158e1,exhaustive
4763,descended,3877,3877,7763,76464,3877,0,True,True,True,28578,30196,30197,28578,28575,7c0a19fbc13be01d608d818d718b7bb61509a8faf08a0be2d526bdc6bc7045d1,b449aeb59efb8e1e10f8efb58fdefdcbfc6fc640238133ff1969aaf211bd1589,exhaustive
4765,descended,3806,3806,7651,76496,3806,0,True,True,True,28590,30208,30209,28590,28591,5e395090632988f62068e4a39de3c7eae5d763087d0529b1bf4cefed9cbfc381,ebdad285b2f69854dbf5993fbffc7da52a9cc72cee3a79f47cd34d54825dee0c,exhaustive
4767,descended,3859,3859,7738,76528,3859,0,True,True,True,28602,30221,30222,28600,28604,f7a3528ce956dfc432b21648c152c1aae708fd1480d6d557b7986105c6496d55,a62b476eb70030899c285a4380ee1d315e666d393cbfa50293e94b0707440ae6,exhaustive
4769,descended,3834,3834,7697,76560,3834,0,True,True,True,28614,30234,30234,28614,28614,438e642132ec87041fa5a3517c264efd67fb0e00194b356ce5b3a2d81bc4584d,76c5d5e4509ad94d99851a87686853cbad10854739552ccea0a8e00a5c45f11b,exhaustive
4771,descended,3819,3819,7677,76592,3819,0,True,True,True,28626,30247,30247,28622,28629,df188bad02708390d99e473a682e9e7631a18015fcd05db3a731aca714e33d0a,0cb972729aa68ffb167d0b998e4e0985700d45249634c556d015838acd2884b5,exhaustive
4773,descended,3800,3800,7645,76624,3800,0,True,True,True,28638,30259,30259,28637,28639,42f88f169dc701cd01102729f594bfedbb766613b8d645837d4bec6786e8083d,0d5039bf9c5c5af5a761497e3c1d39e49bab2a565f6114a5371872b9a6de795a,exhaustive
4775,descended,3759,3759,7584,76656,3759,0,True,True,True,28650,30272,30272,28646,28650,7c074a77c53166aab72d0b2e9f9e34ed14a3065ce850a9ea613a48fb03a4b464,b0bbd45413fac44adfaac6bb810d61b001b89fad64a7568a09715188bc671624,exhaustive
4777,descended,3714,3714,7510,76688,3714,0,True,True,True,28662,30285,30285,28661,28663,0088580ec1da035153565dc621a9ee32383a994de6ba46d5ac34ec3def5fe4ad,bd8cb6b7e25f5151ec432525a43571f56bb78fa664d36042216169928c3e3b31,exhaustive
4779,descended,4556,4556,8847,76720,4556,0,True,True,True,28674,30297,30300,28671,28677,1a984fef554929f0b4e8ea711a8b2e91e0f7b125e828b629198c3c1715c0c832,640f9ec7dc6382da51710adeff1827a54f5397f05d09047bb713ea08a2e8bc6c,exhaustive
4781,descended,4536,4536,8814,76752,4536,0,True,True,True,28686,30310,30310,28685,28687,f857539c1b55b267ba2f1b7e49b4447079ac8176f0b0b3ba8980a8af0db76918,bcc21b2b0ffbe6c341ec898f094e469cd55f334a3144b2f5c6de8130ca04ba71,exhaustive
4783,descended,4505,4505,8766,76784,4505,0,True,True,True,28698,30323,30328,28697,28696,fd635d1df8442d7ea736c0606f82f0de3fe5b445e5c9c931e8ec233472ff6f1c,8695741339d8e2fc49dc4ac88ed3787012f438be3f633b0ef040959e268d9e85,exhaustive
4785,descended,4481,4481,8728,76816,4481,0,True,True,True,28710,30335,30335,28709,28711,c780e7ef9ec249b4a7c7fcef1c1482fae30712a476a13bdf48b1c02ce2b12a63,6b31ed8014374ae84d7d3f788630483db9039ae2d7c16a9e515de33775e3f032,exhaustive
4787,descended,4461,4461,8700,76848,4461,0,True,True,True,28722,30348,30349,28718,28726,7c07b34bcf1ef947b9ac576e9940de63606166af40980ce1568fb77eecf73689,173373f77e1244e641febe7725c5038b8f59e1768ee62dafeed4114c9a075db9,exhaustive
4789,descended,4429,4429,8648,76880,4429,0,True,True,True,28734,30361,30364,28732,28735,31ef9d0aa8cb5f62ffdc7e139587001e03e9f086b5f987d82ce7fab1dde4555b,bc9f398b6ee3d55474a653bd87407dd2e2e6339014cdcaaa214b29968249dbd5,exhaustive
4791,descended,4167,4167,8234,76912,4167,0,True,True,True,28746,30373,30377,28744,28744,383fe2b6bbdd3a13b5e812f51fb1442396abe7a5dff7feb9877373992c51c7c5,60d8e959f23e8466092046a3b38383eab39944090b62bec21c433ff06aa5508c,exhaustive
4793,descended,4388,4388,8583,76944,4388,0,True,True,True,28758,30386,30386,28758,28756,d04a69d6f2f4ab680768fb65e4062bda7aff0f1f84851d434ff5582f32e47d21,bbd9306d6c85de5df71984c5bf8faa00aed712f85f133c60e4275410a7a12f01,exhaustive
4795,descended,4345,4345,8516,76976,4345,0,True,True,True,28770,30399,30401,28769,28770,ab63553c061b5576e16f060dacea60ea97f9549a98c13508e8251246188aca0d,dab7125028725780a7e49b9150409cfe982ea330d6a4c9915a33eb1449cf02b8,exhaustive
4797,descended,4326,4326,8486,77008,4326,0,True,True,True,28782,30411,30412,28782,28786,a2a586cee178c94e266dd4a29774db05b3e0efda891117f1bf11434f41684ea7,b84f47808f3fe86217ab4ae856a0d0e89d95fb15a35c6dc8a2081427237c9447,exhaustive
4799,descended,4280,4280,8414,77040,4280,0,True,True,True,28794,30424,30425,28794,28791,2ef6e119a33c5713bbb6324918f30fc9f44e6e119a26e87b3b1ab14d40d3df92,12ab6ae2dae000f50aaad77ddb3a90870821cebfa5bc77540280562a37947225,exhaustive
4801,descended,4253,4253,8379,77072,4253,0,True,True,True,28806,30437,30437,28799,28811,ffc4ce1cbe3d4f08f8467638f8f5683209f98afed3210a502033d45508bf5ee9,9e3e2f42c0f3c618f3b4b7a2300cabb730512b519346c2260e5e0d63c1499f79,exhaustive
4803,descended,4211,4211,8307,77104,4211,0,True,True,True,28818,30449,30451,28817,28818,a2e73f8c57154c772f77c9d03844d89c2f55028bceb3ae94a8a6c82b0bd289ea,275d74d678c392b6ab89e201c822d3f18a38b15f9e11f2ff531d95895fb40bf8,exhaustive
4805,descended,4138,4138,8191,77136,4138,0,True,True,True,28830,30462,30462,28830,28826,166961c1e2b7d7aa09da62ee2af4f458fc50a7953ab8aa7ccddbf43666b3b29c,f50979bab5cc7bc4026aa565dbe16f5a612fa8f7f7fc343fb44f0ec17e2d1da0,exhaustive
4807,descended,4301,4301,8450,77168,4301,0,True,True,True,28842,30475,30476,28842,28839,36244d3d860a1f54f695d24fa91f6ae29c3d64980d8b06540a95ad7f63239903,61a92ea953763817ad73506d67146095ea37d464e2271b10561b29aeff4648c0,exhaustive
4809,descended,4254,4254,8377,77200,4254,0,True,True,True,28854,30487,30487,28853,28855,3c9ba5097b059d3142c466204d61fd4728c17895d234117d178cba42112d6b7b,971d6bde0fa5510b91a5d7c22a43d4ba98c65f4ea48c805ed198d1636eb3e3d0,exhaustive
4811,descended,4226,4226,8334,77232,4226,0,True,True,True,28866,30500,30501,28864,28867,8f9ae11b100082c3716d44b02d6836d2ea985b4237f9de66b3d22ff6de9f5721,4f16a9b63119586429f01cdfe28bdbbeda78bfb99d6cff8913acc682befc483f,exhaustive
4813,descended,4193,4193,8282,77264,4193,0,True,True,True,28878,30513,30513,28877,28880,e500eb402c3834fd94b6a963412a3091d1ecbd6acaa8848570322f54ba6e1013,ef3dab597fc5ada529d898fa9f35f519f3819cf89a140d545ab8d4439f663b8e,exhaustive
4815,descended,4155,4155,8222,77296,4155,0,True,True,True,28890,30525,30525,28889,28893,a6761222dd633309a7d9013e2a968baa1a08b23e90bca7b121c0232cf51b53fb,86ee5bb395bbc62e1d929edf8d8358dc483da42e758939a0a1eccdad2fe383e1,exhaustive
4817,descended,4119,4119,8167,77328,4119,0,True,True,True,28902,30538,30541,28900,28901,74c412e2e06c17f5c1bc7e50508aa4f46264074b1ff43e1e36f3ab5a32400168,296578bbbe6dd240ed37872ced8863fdd9ff24ed933d9e1bd3f786380296c4df,exhaustive
4819,descended,4084,4084,8111,77360,4084,0,True,True,True,28914,30551,30551,28913,28917,c88469a2fe988c1ecc99d281e134a6ce37a7101a251b51593ebf03c8e954b590,03882191c2dc032e172599813b7c7c5c3d69bf702a17dadb5124f467e7af2287,exhaustive
4821,descended,4064,4064,8083,77392,4064,0,True,True,True,28926,30564,30564,28922,28926,e3d798c8f9b1c5a46feef067347916bdfcc165d09c2cf0ecbb93f382b3492470,4f1f950c36954c8b3b358cfcaa25844230b327291c83181b92633140180f8bdd,exhaustive
4823,descended,3974,3974,7937,77424,3974,0,True,True,True,28938,30576,30577,28938,28941,cda422c0cbda2afa0452daea43fc8015ac6672a6ca7b656593dfaa73ee46a4e0,0b36a56fc71caa71a530e62a3e1509467e1e077d5fd759875f55957ff0c16dd0,exhaustive
4825,descended,3948,3948,7897,77456,3948,0,True,True,True,28950,30589,30589,28949,28949,3b8406104b9e5fee344c840d245f6fb2fa339f5f1614cb87653090ddf463cb94,1770331d6df90a609a6b21c2eb75fd17f2e5bab487ac72e3e85515793109695d,exhaustive
4827,descended,3931,3931,7873,77488,3931,0,True,True,True,28962,30602,30602,28959,28962,f1f8912fbdaab30cb2302a2cd1b86d61f5e83a4fbff77b2f271ed2650852a315,622331c700710076036d43cf4ae1c24122dce485203ef1b9576b0437e97d2e4b,exhaustive
4829,descended,4260,4260,8393,77520,4260,0,True,True,True,28974,30614,30614,28973,28976,b7c3603c474ad781b68c61cbf29d7ced2f44c9b7a75bb273cf5272552268f326,e9b9bd386df107aabecfa7c43e9b5b70a5e4eb4c95a3ae4ff092332fa158e705,exhaustive
4831,descended,4179,4179,8266,77552,4179,0,True,True,True,28986,30627,30627,28984,28986,ab23f96076fe9b8295b2fa11fabbe81a44e8ba4c47378980aaa96ec59c5d5291,bbd6cdb62457ae99d33132af532eac796e5abe65d12369c49ff58f6af7d87c56,exhaustive
4833,descended,4141,4141,8205,77584,4141,0,True,True,True,28998,30640,30640,28998,28998,f19b5c8152ab015d70be40d34f88b90b80b4e46e0bb19dd315cf0af767cb25a4,98c5c0da4db7a33cdb63f63d68ef2fd0921eae8d4ab941559600c176ec58b61d,exhaustive
4835,descended,4119,4119,8176,77616,4119,0,True,True,True,29010,30652,30652,29005,29010,814148a79e388f02f7f06cc9698c619b955632b98e4d333757317bda44fbeb43,c9164b4af5f7d5e8b57e6870eb21927834347140e53d166ad468a7906d53327c,exhaustive
4837,descended,4065,4065,8086,77648,4065,0,True,True,True,29022,30665,30665,29022,29020,8afff36353f64529d1e7405612de35ed4732683244700731a28aaa1eb9a1aa28,efd126fda499cf44102e14835f444d96d3b68367fbe5a31975f960c8d37a3115,exhaustive
4839,descended,4004,4004,7990,77680,4004,0,True,True,True,29034,30678,30678,29034,29034,d7cdf1146888cfccf183e547df00d9da108d3719e5b47a47f26c8207105e5d92,000d7155b1c4d9e295e50b65af0df47d64ab96d8c127294efa2de639ee7990b6,exhaustive
4841,descended,3975,3975,7948,77712,3975,0,True,True,True,29046,30690,30690,29043,29040,4a46bb412f5373e04458ad9db2394f82d2445026ff4f7e63fa3cb56c78bef0b2,beb41f0e48efca07d2cb08aeaa17310f0412f6eea2c43a463227e2f8783f5f99,exhaustive
4843,descended,3953,3953,7912,77744,3953,0,True,True,True,29058,30703,30705,29056,29061,1f8fe13f653d45c07e55dd1b59bab0ab24214d42ca931563b8f0b6c1a81f74a5,af83296251c4ab0ecadf931d1ff5e51032c93ace0c68cd7443980e8bf605159c,exhaustive
4845,descended,3928,3928,7872,77776,3928,0,True,True,True,29070,30716,30716,29069,29071,68643801903ada85a6dcd956f431144992e49dfcd246114af78bf8546a989a78,964bb2e138fe4381bc08163c5e565a38428b44ac220c32a09459167334bb801d,exhaustive
4847,descended,3912,3912,7847,77808,3912,0,True,True,True,29082,30728,30729,29082,29079,49853a354a54eda27ad2630569727736780ad7c482356d4be29cbca4f1d35aca,0ad57f67923933e5d17050f8e965bd26d5f70061e0e2753883874ec3da9e7ba0,exhaustive
4849,descended,3874,3874,7788,77840,3874,0,True,True,True,29094,30741,30741,29093,29090,1141f6255bc1ce910b84fae33473b394c840dba9eb81f26ed36675c09269df11,4959ea835fa5dba53e43199a1f17a7b35ba407421f6fd453a5d24d0eb7308fc1,exhaustive
4851,descended,3855,3855,7759,77872,3855,0,True,True,True,29106,30754,30755,29105,29104,60533f675f35ef1db39590593f034430b1dc7c2cc8c7b34bd9ad6b96881fbda1,a37e73eec5a0b63fe070234e014078f450c15aa47d366813f0708b4276db73fb,exhaustive
4853,descended,3808,3808,7685,77904,3808,0,True,True,True,29118,30766,30766,29117,29116,2e98151a8e2b6a5ed272f08021b102d1f54b72f991c3d93591618eea0d8042c8,c3b48708f39d069e7030b233e82605baab6727176a0829a7451ee4b00045b0b3,exhaustive
4855,descended,3776,3776,7634,77936,3776,0,True,True,True,29130,30779,30779,29130,29133,4b19179469cc6328dda9d4eee647bca4d65d29895d0e5582bd78eed8fc5ca0b7,d55ca91ed11705bf405ecfa137e679368cdf5d6bd0037d07cff6e15c8d1c4c7a,exhaustive
4857,descended,3740,3740,7579,77968,3740,0,True,True,True,29142,30792,30792,29140,29139,f5e8d3158747daffbfc6d3f37907e6766281a96ea875f5a78fed7b6ae749123d,9dc1bbf09d1249bdc1113c90b47f48e9d9598be49fe445d86d5e8f971e5f17cc,exhaustive
4859,descended,3712,3712,7535,78000,3712,0,True,True,True,29154,30804,30805,29153,29154,4b0ea05487268761a0038405d32c6d658438d7cba6897c8d3df4483548d7f4cd,10ad4d8bf59b2de421483a1a1208704d741e9172f49e49b75582ace6239fccb5,exhaustive
4861,descended,3684,3684,7492,78032,3684,0,True,True,True,29166,30817,30817,29164,29165,07737cf8c64b7956b9c60e0b82f746820e591520d68389dda42104b7a99151db,3e23d617aa684268c61db4fbf8efe84406c0276d34adb074854a59f6003152fe,exhaustive
4863,descended,3669,3669,7470,78064,3669,0,True,True,True,29178,30830,30830,29175,29179,35f109db6fab5df3b4b8cb2eef870c28e03edec727cae775bac0099912982991,90601a338142282fd3fce1d70bbb100c7a32c97945bb533e567753bd3ee8da59,exhaustive
4865,descended,3658,3658,7457,78096,3658,0,True,True,True,29190,30842,30842,29183,29189,d95dc661bc8c78a3ef0f20bd293bbf3df7c8b8bf456c534d5af95a440c07cd20,804247ddf33942f5438b08b30bbb3b4b72359d4e4294372b4668ae344224da36,exhaustive
4867,descended,3639,3639,7423,78128,3639,0,True,True,True,29202,30855,30858,29200,29200,7e7dec94365308df90e07cdad283c7ad4dcd87f74f49b1df32e8ff7319d4e1ae,6a2b8774d6ee4b6e6d6f5d69e63323d9af4abd2a5c416e029ed684847a9df9d5,exhaustive
4869,descended,3606,3606,7370,78160,3606,0,True,True,True,29214,30868,30868,29213,29216,3d829fa1c23f247550f30b0e4c688d31c5a69d01e2b3f75b104f5a7051568700,9b800150fc4b476b93772c848cf35e7475443b89e415139c1e2509fdfe6f337a,exhaustive
4871,descended,3565,3565,7305,78192,3565,0,True,True,True,29226,30880,30881,29226,29224,dffd43ec35fd330660c3dd93dacd19cc144943104e3393910eb5893c3d2a6276,6c6a6e3a9545d1560267e762bf0e32c077dced44d044f9e650c6019d4c054786,exhaustive
4873,descended,3538,3538,7263,78224,3538,0,True,True,True,29238,30893,30893,29238,29236,21dc5145d3ed732c4ae515689be9bfebf77aa1082ccfa487626f80684bc5f616,e10e5b19212b2fe7cf0fb570d871a96c0319d9abe064e56851cc48b58b1566fe,exhaustive
4875,descended,3469,3469,7158,78256,3469,0,True,True,True,29250,30906,30907,29246,29251,4a1bc4ca876141f052450c798e695366f6377d9b8a4cd2203ed29da0bd20a191,956fe4374e5bf52f9525d8a996995ae8e601ef3303fc64abf6c0b8858927b3da,exhaustive
4877,descended,3443,3443,7115,78288,3443,0,True,True,True,29262,30919,30919,29261,29271,ba65081141e8e22f5d1c52b1b8c7824981954385f6d299f08bae3ac71a5712bd,2da301b4e1c8efd9a276719106d6e246ee9de70d538726c776db73a7a0a62b55,exhaustive
4879,descended,3963,3963,7942,78320,3963,0,True,True,True,29274,30931,30931,29270,29274,410f340885d7c24f207aa73e47056b6c483542df1281ab2d154d486ee404992d,3c6e7076cd6df57be2a1636e7b7a16305f032a99ee4b1779b1d4b9dc0a11bb10,exhaustive
4881,descended,3939,3939,7902,78352,3939,0,True,True,True,29286,30944,30946,29285,29287,9457a792a027ec087a8bcd404d6434b1d58ed0d80b1239b1e2c697d447bbebbd,f479afda7762ed1d2c74b7f85066480016e83f0ddd7bce590e7baa1c071b3a43,exhaustive
4883,descended,4072,4072,8114,78384,4072,0,True,True,True,29298,30957,30957,29297,29296,b8835c7dad10b924c38fca76651196be369e9641ef26f89794f52245662eb853,4f15cbd12908e4efcecd7485a694363d38bee74212a604ef5197edcfeef6dbf1,exhaustive
4885,descended,3878,3878,7806,78416,3878,0,True,True,True,29310,30969,30969,29310,29310,6740541095de6d6c6325ee7963ca05676b9d92d4209b8a45e504554425d60bff,0376a1a6865e47444f833ba3d141e949deb6afa78b85e0b898d259ef4e726dda,exhaustive
4887,descended,3829,3829,7730,78448,3829,0,True,True,True,29322,30982,30982,29321,29322,60d0f4ad1c4a1ae0061632b392cd805fcf5a88a571a1638495293efd9b937031,2de4cc79afbf866be51a9daf9cef7b0824bc640ae3ff0b91f096980e776e88b0,exhaustive
4889,descended,3781,3781,7654,78480,3781,0,True,True,True,29334,30995,30998,29333,29333,b8a7b93a14d739d6d8723d5274357c581e252ca2d5ddee2cd95ad44345563225,d007c24a00335b71457c1939549588b04b031bca98b5c0f9c07f452975d4b9aa,exhaustive
4891,descended,3763,3763,7626,78512,3763,0,True,True,True,29346,31007,31008,29346,29349,e22325759ba2c2e1512e1046a53bfda855fdedccd78ad2ed7b226284883c7cbd,1d89add8f2f79c43bc1b5f4ba492374d2d806c48ee4d2b4c0b534c0bed85270f,exhaustive
4893,descended,3716,3716,7552,78544,3716,0,True,True,True,29358,31020,31021,29358,29360,3fd4bc2794297400f7524628000620dd146f4d99a6cb814d61c6af5422b45d04,e50e73d380f2517a6ad16e758186468b8547d5d1fbf7ca5ce44badd1d638a457,exhaustive
4895,descended,3698,3698,7524,78576,3698,0,True,True,True,29370,31033,31033,29370,29372,d3a160bedd87fa4473faede41066367cfd76d8921e3299e3592c1eb005f6309e,d6510a8a4242c237f44264377a44b5c12001bf99bbade33380bf87bb114d8a8f,exhaustive
4897,descended,4011,4011,8022,78608,4011,0,True,True,True,29382,31045,31045,29381,29378,9ae7a9a6211fb3629812389a2fd1b0c6ac6f191ab3740aa6261bd7678beb1d30,73f9832fe731e5f04148f49eea2c5ac47b40517be3638d747063adcbd0e80270,exhaustive
4899,descended,3639,3639,7435,78640,3639,0,True,True,True,29394,31058,31058,29391,29391,b86ac3e56fd870bb57927d85b3eb30657869612332030f86a0bb7a932ffd165c,b64c864ed93399f0ad1d78ada9537a4832acec54658cf00fbe19b525bbfb0860,exhaustive
4901,descended,3682,3682,7505,78672,3682,0,True,True,True,29406,31071,31071,29402,29400,73afebb57162cb0d55b27b06d02d2627b403ab35118640983a3b98b5694f88bc,b7fa4b13bb8ac190206da717ddc3d2ec30971011704ebd2eaf2c618910f47474,exhaustive
4903,descended,3913,3913,7869,78704,3913,0,True,True,True,29418,31083,31083,29416,29417,c20f36ddad50040b994a69d7e9bee2afb87b63dea9aed173dc96f642b5d3884c,cac9214a636c26e14b794bc7cfd904c3c4cf368e14dfb25857549a68dedfe488,exhaustive
4905,descended,3883,3883,7821,78736,3883,0,True,True,True,29430,31096,31096,29429,29430,8dfc108c319d356b8e21767e38e9949ed275d580ab33c7ecb711cd430990bab0,f60be6d7c40d65f516ea509bf82d2f686480d06b77e6b8048eb975bc12daeb20,exhaustive
4907,descended,3847,3847,7766,78768,3847,0,True,True,True,29442,31109,31115,29440,29442,be00ecb81581378c1297165670856b5844754f9629ff91cd07362248488c595b,5b723f8b69c7db8da6d6795347958177197ad17dfeddc45f9168becd6dca9488,exhaustive
4909,descended,4223,4223,8362,78800,4223,0,True,True,True,29454,31121,31121,29453,29454,5175a7da83a71da02c1650ab5ba4f6d41d342ec308b0717b9d515259c1dffeea,dcb29ea56f37d4b2cfd9471163b5127385bd598791722d9e2e57a0f73894104a,exhaustive
4911,descended,4172,4172,8282,78832,4172,0,True,True,True,29466,31134,31135,29465,29461,62dc461cfc55b6dda2116496078d3ea5de1c8ac203de4c934e5e28311955768c,30c37ef7bcf433d1b4459d8437bfb44abcf1fc0d8a1eb57e8ed461158929ff46,exhaustive
4913,descended,4137,4137,8226,78864,4137,0,True,True,True,29478,31147,31147,29478,29480,dc9ba0ded3125672789f6bf4e3ebe574e92bc1f97bfa666fa89a637e82b57737,9fcccdb0b5e7eb06bb526e02d2e3d44def1bf9dc1dc922652c5e428d5aa4de04,exhaustive
4915,descended,4119,4119,8199,78896,4119,0,True,True,True,29490,31159,31162,29489,29491,f34a566eb92c70ae536ec264a23c515830ed3b3a159ea5a042f242d68939a17a,db4ea8ca68a0541753aff32fa84678ddaf1fec97edae7232be4e01f2a1d026b2,exhaustive
4917,descended,4087,4087,8148,78928,4087,0,True,True,True,29502,31172,31172,29502,29500,c44aa29472e5977ea6bc3d1d0a4d5d0086acebb430fa3c1cd89a922f55779244,31ed7f4600b8c49c8df25b5fbb2cdbeea4ce0d35b7a7789eaa1e54e26a7e4f62,exhaustive
4919,descended,4046,4046,8085,78960,4046,0,True,True,True,29514,31185,31185,29513,29517,d936fd9e74abca8d2d5860c7c0653ed79b384de3f4456d38c7eaf9484ccd0eb4,2e14bc89263ea4e78f781e149811786d7f89d7a18d1b57206d4f267b7ea42ff2,exhaustive
4921,descended,3989,3989,7996,78992,3989,0,True,True,True,29526,31197,31197,29524,29523,00c3966cd203ff7eb3d023cad9dd7e7c452a5ab846699cc7e503dcf78d0adf23,813016e5c6f90aa7739f04a75b5efe9d237a0460db0445d2d24c48d871cbfff7,exhaustive
4923,descended,4177,4177,8293,79024,4177,0,True,True,True,29538,31210,31213,29538,29533,f6afb62e2b0afec505178d8e5e40586acd600979e86086094e39fc1ee0030a23,adae49470402237d58a43c35a07a2ffd10053ff064060c1e1e6896487bcda2c2,exhaustive
4925,descended,3877,3877,7819,79056,3877,0,True,True,True,29550,31223,31223,29549,29547,288d3e3906686ed730fb3199a81157eb11f4b260c5e6cea23fd6aee9050912f6,16658ff6c50a47a3ad2e02ddb9b9441a3955e1d26ee77fd7cb3d4c7da22fe095,exhaustive
4927,descended,3822,3822,7733,79088,3822,0,True,True,True,29562,31236,31236,29560,29562,93b082cb754499a668e510ca3af918ecf76373fa7a2a997d837354fdb61b0ba2,2978dcab38d0cb730131751cc8559a612f79891380f94bcede42482d4fa71970,exhaustive
4929,descended,4094,4094,8165,79120,4094,0,True,True,True,29574,31248,31252,29572,29575,59a4e60b1092dea5111b6d04de23cc9fe9ca1af826dbd9e6c2d7e3f3c36ecc06,73311983887e15662fa07f53b863a70a27c890b185430129cccc691de5588719,exhaustive
4931,descended,4055,4055,8104,79152,4055,0,True,True,True,29586,31261,31261,29584,29583,35cd8fc2ec983818f355dcbdce176a90b2d47552984273e9ba8edbcbdeceee86,ded15a981f14db6ee49d257629ffa98d2a8000f3849f9ea07ed96560b24f02d3,exhaustive
4933,descended,4007,4007,8027,79184,4007,0,True,True,True,29598,31274,31274,29598,29604,957e2579fcbe8a8240fd8522c89bcd56d20de5eafc68e370ff48308ad86bdbf7,5d8283660ff7b7e2c52349f011e76c33279225bcf73a48d1f28e7180ec5e8ae3,exhaustive
4935,descended,3991,3991,8002,79216,3991,0,True,True,True,29610,31286,31286,29610,29613,21e95a00525e67d9d78bf493a13e4bd94ffef82f7a7923dcaf8a431854ea88c5,9f60812d3ac305e4d28a15189275718fab9713cbae9ffdc0199718ca95b6fe8a,exhaustive
4937,descended,4291,4291,8481,79248,4291,0,True,True,True,29622,31299,31299,29619,29623,cd93cc2490a8447104c446abee3f317d44b92e7685ebb06ba4a7df70d7f9ddef,48ec62aca1a6735ec38e7cc6d7526f706d51a1fd617f9bf82b7b9e31bd4fe1c0,exhaustive
4939,descended,4267,4267,8442,79280,4267,0,True,True,True,29634,31312,31313,29633,29637,472e197c6341a75ad8ca9b9b68d334a8d9fb3a1de9eed084ee2c919fdd847d94,9acaebad19ebd69d45f42e800b19f2237fe56e5bc7cee1d892298b64fe73bb27,exhaustive
4941,descended,4213,4213,8358,79312,4213,0,True,True,True,29646,31324,31324,29644,29646,b10fcd53c7f4424d2e3927d623d7f2428961da867565f606db1f9190a2d86f84,6b3d3e381463b1901ab29606f872d4f0fe2d22b7613549fa7489d49557cd8088,exhaustive
4943,descended,4188,4188,8317,79344,4188,0,True,True,True,29658,31337,31337,29658,29658,6448d391f709969c5683c1228b3198683158eb211c3533820d06c70986e3b992,2add860d8795f34016861b694fc822129245239aa125c920e2287c72ddf6e569,exhaustive
4945,descended,4129,4129,8225,79376,4129,0,True,True,True,29670,31350,31351,29669,29671,c0f5cf1cc3be25fd3df6873b8fc5f50e2dff4d4f9d5e8636c3c8aa679d553e5b,9a37542b469ddfb4f9693f69f3b1cdc79968dc79eee1b7357c543de80397ae7f,exhaustive
4947,descended,4107,4107,8191,79408,4107,0,True,True,True,29682,31362,31362,29681,29681,0d2f20f759c2c99399099dd6736cc65e2dd71e610d32636138d51253a3b8cf57,2797f75633af9694095d3cc04bcf3512fb83105d8e2414fdc509b7ccae2e87c3,exhaustive
4949,descended,4055,4055,8109,79440,4055,0,True,True,True,29694,31375,31375,29693,29694,3b36589df40efb0778b451bafab563a39a4a88a1fc7291ea36d23c18d8e0b489,b26af86fd60a2f7b66b55aa2151c12ffae37a167886421a110c28b1c4bdeda4c,exhaustive
4951,descended,4028,4028,8068,79472,4028,0,True,True,True,29706,31388,31388,29704,29707,789d1ad1a08b48511c71ea5d8c6bbdf13b509e15f9d2b0ce04160d23dec748bf,d31fad059326196e522d1b38e780bbee57556e351874c26a797d51f37aa6969d,exhaustive
4953,descended,4004,4004,8029,79504,4004,0,True,True,True,29718,31400,31400,29718,29718,2103becdfb0e32b331b81a2e69385bab44e02cd02980c4f12306c7fa15b9b07b,a1d123a60cef696811a3292de7c1bfebf904d80e417ab068c3a56ce934aef5ff,exhaustive
4955,descended,3983,3983,7997,79536,3983,0,True,True,True,29730,31413,31414,29729,29730,7daba4fa165d1d4a8f19d319fba5fcd5ab65f73276a39b836669720296ee004a,b57a5eab179f907d90d9cd5f0c481fa97cfe99ec9003c264bce50fa4f2401dd5,exhaustive
4957,descended,3939,3939,7928,79568,3939,0,True,True,True,29742,31426,31426,29741,29740,fd03310a0b5f4a7d25148ad4dba788b5358de9772ef20ccb4c01e62424270c46,d2c5d1518a9444af5a3d7a8cae10492aece343646295d380c7919b4675ba4bdf,exhaustive
4959,descended,3887,3887,7849,79600,3887,0,True,True,True,29754,31438,31440,29750,29753,d857005625549370e6a6a12007c5be30058f085a4895ac0287f88977509e434c,ac7d8fa54dccb1c6543047e0f178b629a71154ec02868012cd3dc206a4a42fd9,exhaustive
4961,descended,3842,3842,7776,79632,3842,0,True,True,True,29766,31451,31451,29765,29766,984aa64293d6d82050defedecf1149829c2d285f79d66a08b20fe56bc79d9a6f,3849994dcdded70f8628663afad30ea7e8924a1f2c936ce24c574cf734a711a3,exhaustive
4963,descended,3822,3822,7745,79664,3822,0,True,True,True,29778,31464,31464,29776,29777,7ab0469e87f7c5267e191122a0a397a461c2967bcf626c8ca9f184a9e471a6e1,f6993edfce0343a1506bbcbf4a522c52c967b7bdbe5e877b536aee2567c2170b,exhaustive
4965,descended,3792,3792,7697,79696,3792,0,True,True,True,29790,31476,31476,29790,29786,9689b68c6642b64c1c770a51c4c15dbc6c64f41284305a2c22df299220650e18,cd586155f3283db2cf8eaf4a47b0733187b8dd3b6f1fc2246ca821aa01496305,exhaustive
4967,descended,3771,3771,7665,79728,3771,0,True,True,True,29802,31489,31489,29801,29802,18cd49dca402f15474878ff88d1f163a73730d81cb365c6b0bfddc2f2d553445,c17cc46058abebfb4ed19768b9d723813e0890392516ec8731615dd707f38635,exhaustive
4969,descended,4005,4005,8038,79760,4005,0,True,True,True,29814,31502,31502,29812,29814,dcf4bdfb66a2f3400be52ba913ed4b15095f4ee81236c610505c5a5e7c01d33a,894a19772ad7f7c8d7fe5576d49a62965ab7e527560bfb5760426082505df6fb,exhaustive
4971,descended,3965,3965,7975,79792,3965,0,True,True,True,29826,31514,31517,29824,29824,7ede95284c790fb2d4e9b0afdf0178488c6bb0a55c3286f731162eb6451379b9,93458abb2077fc3d97254888b383c48a0cee6fc3b6d86a4499e8d7aff2519f33,exhaustive
4973,descended,3924,3924,7910,79824,3924,0,True,True,True,29838,31527,31527,29837,29833,5e4c08a566554c9c364d201e2f458ecd9b1d2698985f8cdc8dd3892d0925f0e1,704073064d105ead1331f9ad7c2c3ac539c2fe2a879b399bbcf16734e32e3757,exhaustive
4975,descended,4014,4014,8052,79856,4014,0,True,True,True,29850,31540,31543,29850,29850,1df447aa5ebdd2070c28cd899f5f17f81886f148c1643da10f21fa29fd0a3978,0fc114e3296b33c44f486c71c008e9217ab1c0b670199074f5c36b81bcc92c14,exhaustive
4977,descended,3982,3982,8002,79888,3982,0,True,True,True,29862,31553,31553,29862,29861,3072a59a7a2303283929daca52666b0b18955974a511ba98e5b2549b3e3706ce,f57f618666999251255411a3bc124a66b3c1d59dceae7ca8afa3ada510cca966,exhaustive
4979,descended,4299,4299,8506,79920,4299,0,True,True,True,29874,31565,31565,29873,29875,1c056899589f90da8f7d04f899525c9b3ced420473ba29b9708dfd00e89efb35,a47d33fcefe8f70948a0d9c8f8c9ae292e472e1daf4a37fd36e8cb198a7e1419,exhaustive
4981,descended,4267,4267,8455,79952,4267,0,True,True,True,29886,31578,31578,29886,29884,b8b7050be796d5b5dba853ebe2248c03d48b561b2766ae6c33751edaedf35a56,0c49486b02d58dc8ba1229c3f8d6719146f1ddc34d98b5353a98f3b5aaa53302,exhaustive
4983,descended,3811,3811,7734,79984,3811,0,True,True,True,29898,31591,31591,29897,29896,249bd9d5d59a7d1af61df75470233b02003e88b13828f6a3e1459f34af5b1c52,97796833e509fd678ffdf993a9a4cce3b8e75a9838a06d020afa59f9d79abd13,exhaustive
4985,descended,4187,4187,8330,80016,4187,0,True,True,True,29910,31603,31603,29909,29909,46870c5f3b473ba7da6bd72efac27d9a3532d8e765a87911f28898f40cf4146d,77421834e46d3da0a50fa492fea5f5bc98ca3018bd972fb67afa1336f5176152,exhaustive
4987,descended,4122,4122,8229,80048,4122,0,True,True,True,29922,31616,31617,29920,29919,ea54cdd4560bb4de0f49a1e2729651e1e383cff0d6d4fcc040a0dd4507f8fef5,0513a9baf898d9f49c657bf77d4b04240616c89ec0632714431bfb1a7d586559,exhaustive
4989,descended,4261,4261,8449,80080,4261,0,True,True,True,29934,31629,31629,29933,29938,e5f2746810cd033aae27a73efe28a8294c3f15ff7f42fd67f85ebdb047dd7989,d29e0f0e5bd95eecae9efe5c59bd70e463a7ef0ab621a939efd2cb127d7a038e,exhaustive
4991,descended,4246,4246,8426,80112,4246,0,True,True,True,29946,31641,31641,29945,29945,fd6dce33f4d1c93e48865a62fb9e4f992d15ff23ecb23fb0b9bb71cbaa196e7f,b7b68f62d1935a22a1b5ee94115b39dabf876d1904d16fa52ad355abc98138f1,exhaustive
4993,descended,4191,4191,8339,80144,4191,0,True,True,True,29958,31654,31654,29958,29960,243a489f1aabbed8bbeab935b0a65275af1e56cf24bc670ad99aa67e4b973274,3c82544bd0f421fdd201b62defa7528ef9e859a1b8791a75584abb0c3dc895de,exhaustive
4995,descended,4164,4164,8297,80176,4164,0,True,True,True,29970,31667,31668,29969,29967,eb6c18b2a8df0067851e35647c6fde1eb86fac7f27afa8678746a8faae0b4218,4dcec4e0fd56a609749cdbd2062243d5a6933cb250aee53023663b53a90c528a,exhaustive
4997,descended,4102,4102,8199,80208,4102,0,True,True,True,29982,31679,31679,29982,29980,fa03051f176815ad3e8c9514fc4b9e91e76356277021956f177be3b954458bdc,ed77bf150a36a3737d62f11120359db75c42e6d596b76fdfc703a1af73eb1503,exhaustive
4999,descended,4079,4079,8165,80240,4079,0,True,True,True,29994,31692,31692,29992,29994,9733404b3b5ea03fe2c2ed8a18fdb032b2f21eee1c248bdea6544dfd6f3362b3,1d61528974f9f2ff49dbaf07dee266709f7467f9ac084c967cf1ab459018ca86,exhaustive
5001,descended,4059,4059,8133,80272,4059,0,True,True,True,30006,31705,31705,30005,30014,7299326a98463bab3aa92c03a317e976e111822a85addb201f18329317d50955,115a08084ad3ec92577c723f32768e4c578a4d9cea7e5d00c398989b8539aebd,exhaustive
5003,descended,4045,4045,8111,80304,4045,0,True,True,True,30018,31717,31721,30018,30012,9f61c4bfb729eb5bb4da0a7fcf99b4740a3af25b78f39ad1aed7f24a2faec34a,498f6ac95e24a514f87bdb7d67c831223749c419c1b953b82039c5d41febf852,exhaustive
5005,descended,4004,4004,8047,80336,4004,0,True,True,True,30030,31730,31730,30029,30032,e39dccd879ec08947eac986a9e395babd7424f770d8f24be679841303c35bca6,2c0fd79ce6808055cfce8fafc226c4270f60e4fc0152fbd62fb94c841cfbce8f,exhaustive
5007,descended,3989,3989,8026,80368,3989,0,True,True,True,30042,31743,31743,30039,30037,9e3f3b432483888ae9371de80ff0ad5438572750d6d3c0afcac0046f4fc5d5be,cc9d0c6d90453176798e0ce1183f217766b183aee325f0626c5ab3fbebc58070,exhaustive
5009,descended,3960,3960,7979,80400,3960,0,True,True,True,30054,31755,31757,30053,30056,e53312f33812db395737885663162ef3e9d2ac4b0d79cd8f636a5aab87cf56dd,d37b1fc2e01c60d6e281afeb94a31581512eb518eba0b9d30ec56f9f697b2c89,exhaustive
5011,descended,3933,3933,7939,80432,3933,0,True,True,True,30066,31768,31768,30063,30065,0b8aaa08a5ada515e015135070e65b81c2bf5bbb5e704e428e382221a0e72200,9c29a3b52f529a5d86c66820a231ae8e21027575fc913d2e110591c22aeda450,exhaustive
5013,descended,3891,3891,7872,80464,3891,0,True,True,True,30078,31781,31781,30076,30085,0006ba4f3a0ea9965b2d6ecae9b629056c03ac0053860440b58336980c50ae49,e02067b6b89a8d4fa0ba7bc2f32ee0467a6a91c687f12fe28fe897c6e6dd878e,exhaustive
5015,descended,4196,4196,8357,80496,4196,0,True,True,True,30090,31793,31793,30087,30088,0d1b64b8e87156dd02ef1e87dbb75ecdedb603782306aa5aa741a3d1985e7d5e,8142de013347f08c48675b0faac8e6fc581308fc9a06b91fb2d7f96be88f554a,exhaustive
5017,descended,4159,4159,8297,80528,4159,0,True,True,True,30102,31806,31808,30101,30101,f0cedf38c04d9fdeb365596a85b544b95501995b721d7e4732bc59e4bc90d453,b6307035beea8d1c38148b8fb7e6a526370877b3b25e9233808d60eee9f53c1d,exhaustive
5019,descended,4135,4135,8260,80560,4135,0,True,True,True,30114,31819,31820,30113,30115,d98ad8584aaa288aaded3e4d1236c5db306dc3b6978aa55363be9c9f3cf1bdd4,a015d50d02b879f4f5ddedfac444408dd54dc94f2f1eed6f758dae318fa0b0d9,exhaustive
5021,descended,4092,4092,8192,80592,4092,0,True,True,True,30126,31831,31832,30125,30125,c88de719466628b2c2cddd339dc47525d9843ea755fefc033cf9fffe69dd101d,e3274671b7f6ba073c3b39689f8004fcee122e969ce2f73925e01a7e2d8271c3,exhaustive
5023,descended,4059,4059,8144,80624,4059,0,True,True,True,30138,31844,31847,30134,30138,e0828f564f1bac105dea624828ab345d63bbb87179daddced7f38577245143e6,8ce4b7b8805a59c2af5e6d8ade77ab6a5675ccbe96622eae16bebdfa6c654ce1,exhaustive
5025,descended,4032,4032,8098,80656,4032,0,True,True,True,30150,31857,31857,30149,30154,b10a819f4de6eb5630c3331abb1bbc87fef0d41f307ab9be9b0d8407dcfe81ee,2b94119bff6a7d66fec8ca35dabe12677294f34910a96650a9b58f25aeeff8bb,exhaustive
5027,descended,4012,4012,8067,80688,4012,0,True,True,True,30162,31870,31871,30161,30160,bd101fbc90c992d6db4fed11b139b34b7323cb2dc0f334edc1a6fc25089b32e6,fde8a62e96faf04f25914e883138e9a1878dd754ace6d173dbcf5ea3a1ce3fe2,exhaustive
5029,descended,3987,3987,8028,80720,3987,0,True,True,True,30174,31882,31882,30173,30186,32c14cddbb0a833655006d9288d6822ac31d2ca2d2f9c199c6a6b7215fa99edc,fb91dd61e30dcc11b2635ee0a0e335392ab9ff1ab48d6023959df33f8e37272b,exhaustive
5031,descended,4306,4306,8534,80752,4306,0,True,True,True,30186,31895,31895,30186,30188,8d01439023c1c15fef1c05e016c94ee08a00a1589a298615d2c1932c96b62f71,bc7afa7af96bbe04817b038c6766f0040a595477cd4455f8f5e46f1f6de99473,exhaustive
5033,descended,3949,3949,7970,80784,3949,0,True,True,True,30198,31908,31908,30197,30197,965b676a14d4fcbbe45f041dba9a53f8a1a720662f685758943d5f3799807374,d25aec8ea4e4b520c330136ea70a5026e66a1413702079f28ca8a28e2b34ffc3,exhaustive
5035,descended,4275,4275,8488,80816,4275,0,True,True,True,30210,31920,31923,30208,30208,f2c1f76db403eff369627738cb14aa51b33bc541a23756791d892daaa6c9fd6f,973f4573f53976a4ddd8bb36b9bc192c7a8f0052b8eedceeb9e0e657e823d50c,exhaustive
5037,descended,4496,4496,8837,80848,4496,0,True,True,True,30222,31933,31936,30222,30220,563c2c85eb9ae2b6d5b2356143f1aeb67189d73a6b4c865c0a64b310bbf5709f,a9a2ee23f71c6553fe60a0fd1848e02415f7824c5a3fac974cc71c1beb652cb6,exhaustive
5039,descended,4473,4473,8803,80880,4473,0,True,True,True,30234,31946,31947,30232,30232,49084490157738c43d42dd95fa030eb0ebdf869eb861ea8dec700c8702b87ae9,e6ff8cfa02b96146314465a4e4aaf16b8530ca793154bf13f8f6d1d42376ddb9,exhaustive
5041,descended,4433,4433,8740,80912,4433,0,True,True,True,30246,31958,31959,30244,30247,c0a9ad407c0d16069c414e56cff043a6e558a0ba982de18641f09c6287d2c382,0f43c07b0058ff4b58148e017905eb109eabbd0f4fb04036b745edb2b7e92ebb,exhaustive
5043,descended,4407,4407,8702,80944,4407,0,True,True,True,30258,31971,31971,30254,30259,0bce50a2590f8d01c564660f1e1100ea152c66aa10abc454e9fe1ad47de35fd9,13e97b8566cdb0c78395693ada9c7fdd86c5bbd3b60bc10524392862089f6ac6,exhaustive
5045,descended,4389,4389,8671,80976,4389,0,True,True,True,30270,31984,31984,30269,30270,f2257f6dd1a4e3f8869abb412d9d9ccddd64c939847b07f89bbe1c23a074adff,03647077aa0bcb5bb393a2c1081e6c6b84f6c0234b3fcb6f50390d6c6eed7b4f,exhaustive
5047,descended,4367,4367,8637,81008,4367,0,True,True,True,30282,31996,31998,30281,30280,653975f9e38d5660b06f31f96b19abb72c31c44f54c87b699969f6b60811fb7d,47c6c949deeccb219087b5c42833c9102c900c56161e49cb195d55256e14f040,exhaustive
5049,descended,4308,4308,8544,81040,4308,0,True,True,True,30294,32009,32009,30293,30298,3a3b277fd2e1dcd991c35d68438adfee69e8ae65844341e10d7de6a038d35669,f2a4de290ac0023f7cd2a15ecc064d9eb4dabe52dced122770668166b882bd7f,exhaustive
5051,descended,4283,4283,8505,81072,4283,0,True,True,True,30306,32022,32023,30305,30307,713014eba3e81216cd056001cb3ca141392eb9bb32b9056167d0195c697adba0,7cfe0fff6f8c90baec3b2e39abae1f42e0ccb06d3be1db4e393e84dfade7ba42,exhaustive
5053,descended,4257,4257,8464,81104,4257,0,True,True,True,30318,32034,32034,30318,30318,89d6b7c646c4eaddc81783726cc27792afe702c54cbe4e718bbf50f5f3b35912,5fd615b1a9018a4fb7b66ee6ade5990240a7ecbce1c9fff0103c9f5b36014418,exhaustive
5055,descended,4208,4208,8387,81136,4208,0,True,True,True,30330,32047,32047,30330,30332,05d5b1bcc966f86aa2375a186b0ead73b7489ce52fcb150aa7c2ce2976872cf8,bba27a0f65df78e09c9adf5cc24cdbaf9a4568b748cdb5281271a03c1d82c786,exhaustive
5057,descended,4170,4170,8328,81168,4170,0,True,True,True,30342,32060,32060,30341,30344,420d6e381e956b4f821d577fc8d4e65bc0ada6fb87d01af520e38aaa1d0e8729,67a51374cbeb66e84d674e755f92d44f861606de9dc902d6fb67ad1b67dd78d9,exhaustive
5059,descended,4135,4135,8273,81200,4135,0,True,True,True,30354,32072,32073,30353,30357,c346d7b7f7b08f89986630ee79d99ca1446b8ef7e2454dd018f5231766e20692,3380d191a606ab5b814c552b4ae4b885f470c841594cbb34ab857d53f960d254,exhaustive
5061,descended,4109,4109,8234,81232,4109,0,True,True,True,30366,32085,32085,30364,30364,4d88540f1aee3f0bd9bc2886a4f974ab0349b97c80ffcb2355d9ffa7ad763761,ef488e5a06ea99236a6ede71f9faeef0fd6f05005fdf7ba72c554c6becc368fd,exhaustive
5063,descended,4032,4032,8112,81264,4032,0,True,True,True,30378,32098,32098,30376,30381,63f9b91e2c48d6ee4af562d5782f2983f39a02d5b48aa19812328dfaa212c0d5,93691f8b470f11f804f10fdc4e9190c83f11f95aa698e973df6fb155469606b9,exhaustive
5065,descended,4009,4009,8079,81296,4009,0,True,True,True,30390,32110,32110,30386,30390,92f8fddd1b4c4975f6b4ae3245d5432148590736c6308cfba1cf27a8a3eba274,2ac2246e213bd86a8b2825732ce5227b625033fce3103abe868e6fe301fce784,exhaustive
5067,descended,3942,3942,7971,81328,3942,0,True,True,True,30402,32123,32124,30400,30401,0c292e5b7a71b096587bcbfc1ef7508de677df6044c0cbf9d7cf46df0353442f,f6663579fb15348c69ce0106ed6b5aa7da939015b3fb1c5e29c50aa03be9bc22,exhaustive
5069,descended,3930,3930,7958,81360,3930,0,True,True,True,30414,32136,32136,30407,30412,077de529d9f423cf320d7e0af52758635e0e1479523ab138d0c2b25e9f0d2ed6,08eef9ebd6bb04ece4736aeb44c5d859fe1878ea11a8d1ec59227ed6e8bfebd6,exhaustive
5071,descended,4201,4201,8381,81392,4201,0,True,True,True,30426,32148,32149,30426,30428,6d8747c1bd942a50f1901ee061809146d36a4cb4f8d1a01f231b6bb013b6cd1b,ed7aa2aedff28c18151e57e32060d7d77289c47756bf23473c379f8b5e2ef758,exhaustive
5073,descended,3839,3839,7808,81424,3839,0,True,True,True,30438,32161,32161,30438,30438,0647662935bba6205e056c9b94e8e6c90a542ac73d3de4bc28f7844bcad25b32,1defc41ab57f76070e92fec9b1256acee83ac94cd1801338b272ee370324bccc,exhaustive
5075,descended,4107,4107,8234,81456,4107,0,True,True,True,30450,32174,32174,30449,30449,721e75b9af9deb5b23636ace765b3fa416095c9e06c08b3ad930dfc71d6e3d6c,a1d963c7508da415c38c48e21dca5ae18fb1a8873af3638bd531624d90408287,exhaustive
5077,descended,3787,3787,7727,81488,3787,0,True,True,True,30462,32187,32187,30462,30460,f0e30f0e70254364745e7a364d116456e51de0d4dbc6bb6d3bd2f6bacaa1204d,4756c47db61550002fff67322253b0ed0c09ab3821c846a85c44f5bace838602,exhaustive
5079,descended,4019,4019,8096,81520,4019,0,True,True,True,30474,32199,32199,30473,30473,9607c2251ac145bee50470b1a98156498462dc9b901b7eed60d7deebdd2558e9,936f39b1cee71fd9540d4c235f8ee46f4607b142a21fa60553ec4dc9fd9595da,exhaustive
5081,descended,3986,3986,8044,81552,3986,0,True,True,True,30486,32212,32212,30486,30489,c645d508ce04c518a4bbd8964f33d6d743638a5a7ed6bc750bec2de196ba3490,123e98c64b7ffe3a7777af038e14482b953b9d95069b9ac475231e95bd1e80ef,exhaustive
5083,descended,3954,3954,7994,81584,3954,0,True,True,True,30498,32225,32229,30497,30496,6091a105bceb528389a0778f88c2864188dea9b8753ecaa7a7660d04f40eef44,5bc9722a8e42b2624d6eed09c39e1dc4a65e6e4afd528f85062315f6d8a84ef5,exhaustive
5085,descended,3927,3927,7953,81616,3927,0,True,True,True,30510,32237,32237,30508,30510,6d5f44de65ab708e6c5814474289ee87db5fdf3cb5fba917b807a0e864ff3feb,7dc5b3dfb03b5685757f389ce54fa1aae1fdff4975faa9dc40d64d0d08e295b7,exhaustive
5087,descended,3885,3885,7886,81648,3885,0,True,True,True,30522,32250,32250,30521,30525,3aba74dffb8cdce12183c2edcd2faf1a38a208bd0bf5e0a65258bcc837e2c6bc,c0bdbf3722d5a4de754aef6e3ace48c6aa329610d5c815b35d27723a623e5ebb,exhaustive
5089,descended,3856,3856,7842,81680,3856,0,True,True,True,30534,32263,32263,30532,30536,1634b3b1bb13d45ed14d163ffb857f7543e4b8f8f0af51b553bbfebd8af8e489,0d5ab82d699fe777abb17ed3cbfdc0c88f4041e5aaf222d248169f9703256d65,exhaustive
5091,descended,3827,3827,7796,81712,3827,0,True,True,True,30546,32275,32275,30545,30543,032d84adba719c54186b46c9661adadcc073d3b16a6a9a496b2c658e277cd1b4,54e722bedba7c9683a94adde394fb1dc3e490a789388d96240a8de9caf1411d2,exhaustive
5093,descended,4165,4165,8334,81744,4165,0,True,True,True,30558,32288,32288,30555,30559,69291851779911fbd307377f68ff5f596d1a29555f57785bb8758c389c1cb192,179e8c79ef00c2a3e730dc5a84c41323735f99cb1df0ffcf11882e0090c2210a,exhaustive
5095,descended,3773,3773,7713,81776,3773,0,True,True,True,30570,32301,32301,30568,30568,059d30ca8c3844834626acef7ee2c63eadda3bf8ddddba651714a23ac1e36c04,77161f7bc8ee2ada81c918f879d04882a47942d6b727d4178fa18d0bbeb68833,exhaustive
5097,descended,4587,4587,9002,81808,4587,0,True,True,True,30582,32313,32313,30582,30576,17ea5f2754bf37268b006d0899f148cf5ad1b5193d3930effcc4d2f8ecc77a51,cfd09bf52bb316a41d8931989bb21666368c7bdc073ff807664b7925bfb2e957,exhaustive
5099,descended,4073,4073,8194,81840,4073,0,True,True,True,30594,32326,32328,30588,30594,5a4750cc9b59695cf5dfb2ad7f10be5327953acc6bf0485a35471762375aa3b1,87a0cad030540a9c5143b552dbc63bae57bc41844f2d524052f1847eafe595d2,exhaustive
5101,descended,4040,4040,8137,81872,4040,0,True,True,True,30606,32339,32339,30605,30610,64a17d6f0af66bd370bc7567c6903f257af35ab9a7dad849396bbc6f7c13c00d,3e3e7f9faf9aff7e9aef22ac2b61fc71ff7efcad0a40b4b1e80fe0f7762350c8,exhaustive
5103,descended,4427,4427,8751,81904,4427,0,True,True,True,30618,32351,32352,30617,30618,af7aceee9d19671ec6bf04e776b389d011e525cfbd0ce4c7297a68e346754f74,84d9354b80a4e079791c6a81253631065f645e82712974c5fc7f6882079edf0f,exhaustive
5105,descended,4389,4389,8691,81936,4389,0,True,True,True,30630,32364,32364,30629,30632,a14d31bad175a62ed7ab4a942afa8020d2c31d4c5f88a36b9cefb02d56ce3071,0cf6de3b71a22939f7b0811cceee744218c866830215bc6f3695f1d7efcba2dc,exhaustive
5107,descended,4371,4371,8666,81968,4371,0,True,True,True,30642,32377,32377,30639,30642,30f16b1e3fbba2a68d50fed2fa6a4b46ad5f6aded684c4509ba70a28b54d3253,fbc2c687cb496c79acc82cf126b354565dacb67ffd4bf53eb48a1f433197c4f4,exhaustive
5109,descended,4199,4199,8392,82000,4199,0,True,True,True,30654,32389,32389,30653,30656,7f49de007fa9c7a15226d9ee048c07c38abb192755cdc0bb8f9b3c9a7930c39c,8b9988c121ab1d79639be874c4e5ef6235b99caf899b0fa7251c0a23dd97c8e2,exhaustive
5111,descended,4174,4174,8354,82032,4174,0,True,True,True,30666,32402,32402,30664,30663,c1b6b604f853f3cfc0195d1df413a378708c088c4f517a72f4563a6928f6c6af,e663dc16003798b6fa5c4e5de9ff319eeb070f94a0ace0289a4b6cd6dc294944,exhaustive
5113,descended,4273,4273,8510,82064,4273,0,True,True,True,30678,32415,32415,30677,30680,8a26d0503a19a0f0c9c04f530fd7d06ddab5fa2ad8b2b57259e4865a7c0cb346,25abc7558dff171fe811e1f91cc4b3a2e6f6e635e1ffa6156646b43f8b3685d0,exhaustive
5115,descended,4236,4236,8452,82096,4236,0,True,True,True,30690,32427,32428,30689,30689,97c04449bcd714fd8efc10917532f87444e66ff005c13564709d02a890f0795b,5dc2890a3acea9f9e259cc5171c1a68bbe26cff8210799bcc10128b05603a1f2,exhaustive
5117,descended,4060,4060,8174,82128,4060,0,True,True,True,30702,32440,32440,30701,30701,d38bd39ed31abe6ee521207a8ac3e2efa1d039555fab8917b94928b16a6bf5bf,95c630a5c6a827cb6d93b04b9c8babbcefc6929b4f28e69ed7d951fc34dff160,exhaustive
5119,descended,4022,4022,8115,82160,4022,0,True,True,True,30714,32453,32453,30712,30715,d5af95aa74429e2766de436abd19f5b07d6ea75ef26fa9a91f4862a3d0307357,2a12cfa3fe8467e5b42ac22130d45e700fe4e89f2051ed19a980ea88efc6b918,exhaustive
5121,descended,3980,3980,8048,82192,3980,0,True,True,True,30726,32465,32465,30726,30726,61e55787b146e08b59a0443d19c5bf2b133300e5037743f34d0a936edf0eae86,2535a16d6e5d05ee49f04b13e4e0d210c2bb73294ed4f2ad3ba77831b9affe24,exhaustive
5123,descended,3945,3945,7996,82224,3945,0,True,True,True,30738,32478,32479,30735,30737,b580d6ad5f293cbc84b0bc18ff165d5bee2a9fcfd929a528eb7a16059c13a26b,9fdb99212544189135f4a25c8db7787846ff5742e8cefc77244845fd7ff5bf27,exhaustive
5125,descended,3901,3901,7924,82256,3901,0,True,True,True,30750,32491,32491,30750,30754,9e34e135ac0d0606b769367aef179e0b1e896767018addabd74f75c041dc58f9,d0e35f7d2e14d92b5b309f9eb38d287f53c6d8f2ac2c45837dae1b232bc6d754,exhaustive
5127,descended,3884,3884,7898,82288,3884,0,True,True,True,30762,32503,32503,30761,30763,3724638b2deb053e36af5fffe3ff2da0450af089982d4db6e43d396aa56795f8,7c0e124a398898275fc63e9366d947b595aa0cb2f328de0588fe3b2b4217205f,exhaustive
5129,descended,4272,4272,8518,82320,4272,0,True,True,True,30774,32516,32516,30769,30773,cd8eec2e61e38eacf72ddf10481f793d5d2eb87c906a122b32c2de5e23043c0c,9543ac974e8057b95d995bfda0cba3f4d44dc7f14034fb28f64f15cf7ea18f41,exhaustive
5131,descended,4231,4231,8449,82352,4231,0,True,True,True,30786,32529,32534,30786,30787,9cdb390ecaeef8bd1b3ac98d52071de0717fcf226ec480b7bd863306e7b0f09b,95ce82922a7ba7d4113c35fe35346527e2ad676d6eb5cd39032a04006b70468d,exhaustive
5133,descended,4176,4176,8363,82384,4176,0,True,True,True,30798,32542,32542,30797,30799,171f6d2d4d31d22bfbd80c70fb45b59abfe2e2ff77a23549c78eb3f7e87a6ac5,43fd83de95401b2b8e5177627e2609dd85456aa0e3946d7729b46986876cfd0f,exhaustive
5135,descended,4154,4154,8331,82416,4154,0,True,True,True,30810,32554,32556,30807,30811,f4941078dc42c4f441920956f9babf1ec0fb785e288a32ebc103ce832d518c6d,80eba4709c22816349d0078354664ed0e570e6f629703ddc57993384de37cb95,exhaustive
5137,descended,4116,4116,8269,82448,4116,0,True,True,True,30822,32567,32570,30822,30824,2ee46997a403bad16e0d86a011d98175261fc6ab8df841c44b96e56c5a716444,bf71d5b2b4ec1d6fbd80a419fdb1dfad9611d17ce431eb3706fd3b534263a4f7,exhaustive
5139,descended,4071,4071,8201,82480,4071,0,True,True,True,30834,32580,32580,30831,30832,6cde34009436a190f86e71e56e1c8ec97cbd7ba97c1972f7b174698e668fe1e9,6e496ac1a40eb4fdc624917890bf5325f3713c569d7f5e51635de78256d59b1c,exhaustive
5141,descended,4023,4023,8127,82512,4023,0,True,True,True,30846,32592,32592,30842,30846,09f404dd6a546f05697d53d7ca603c291048affa4fa70050b282b6c8a70c9c7a,acc4351f9f0d103fa04e531a19e254273f8aaff57b3ed7329a913822cd1dccb5,exhaustive
5143,descended,4002,4002,8092,82544,4002,0,True,True,True,30858,32605,32605,30856,30858,71d8c301e16be1041f1071b0cd3720ffb1b62f49449e6775d3b463f10e193dff,9bf394c663055ac9675258566c4698971ec0e9bd574351ba30b2287b2e9adab9,exhaustive
5145,descended,3964,3964,8032,82576,3964,0,True,True,True,30870,32618,32618,30868,30870,b74575849493b0d09e418ecbf75f082c0d1ecafbb596e29285a351ce676f4c07,1ba57d6f56674fb412a527ed265aa22159ab51dd62fd00afdb68f3dfd69aca12,exhaustive
5147,descended,4272,4272,8525,82608,4272,0,True,True,True,30882,32630,32631,30876,30883,ae858786941da6d6d596c6095222c5fbb038453aec0bb1f5f53d73f823e0d6c5,1281639fa927a747d93bb546a97fc26ca8aea1ff9a38add359295161b4f9d8ec,exhaustive
5149,descended,4256,4256,8497,82640,4256,0,True,True,True,30894,32643,32644,30892,30897,497d1d2f2b64b1a958315a0596aac48a3536fe464006eccea72fddb63c78bd9a,a7a5c410cb2019943770f793784c9ea2bdc41a8ba9c921e80e50fa30101905bb,exhaustive
5151,descended,4201,4201,8412,82672,4201,0,True,True,True,30906,32656,32656,30902,30905,8138a7cb4ae8d29350aaae9b04e3bc55fa7e14497a6893f4eb0085f060a70e33,f0c419ba384e3babdeabce811a4a502637251d405b4a7bf9aeb68f88900de658,exhaustive
5153,descended,4166,4166,8354,82704,4166,0,True,True,True,30918,32668,32668,30917,30923,ff29d06ac02ef4415e39deab828e31112d3dc2787260c31a9fea6e323ee5d544,f5f96408f2a11d5dc3269400de9f7270b71384325e93441286efc7b859393798,exhaustive
5155,descended,4145,4145,8321,82736,4145,0,True,True,True,30930,32681,32681,30930,30930,b36082df10585339e1764d6da1aab82f6ebe408d8165d7a34f3fe721c99f76b4,db34e33303faa157ca378245d15a274b0e44d36cb812bc957162cb7afeea6bcb,exhaustive
5157,descended,4089,4089,8233,82768,4089,0,True,True,True,30942,32694,32694,30942,30939,f304f976ed74974d18e5651ab32d142a16cf225032d4fe768901f1e5b5beb690,a2ae0ce5c223bf1a6001b39739c0464123c4d814dd22441f162e8f498528f671,exhaustive
5159,descended,4057,4057,8183,82800,4057,0,True,True,True,30954,32706,32706,30954,30953,721d5efe6520e504e2e4ef045f70eee6e35edb1a6158501bb5f7127b53d9e09c,8396eff8c972fea36b9b1630ed6d725074b2a575815cc4c50e4b8111823b4dff,exhaustive
5161,descended,4568,4568,8994,82832,4568,0,True,True,True,30966,32719,32721,30965,30961,5e5951a365e0e3c3212a37cfe025e42c799a61d4c9db2937bf8f7f5c1f8a8cae,063df6bc586416ae3eec7404598fae831fa6c564f0da74f706307e072b5f96fe,exhaustive
5163,descended,4518,4518,8916,82864,4518,0,True,True,True,30978,32732,32736,30977,30974,a0f855b3e70e1af1cd53cd58a3297347bfc0545366282b00cbde63c9776518eb,fabf1bce1f1bd9bc5763a82908205abd0962e9eb22e2245e764e99992b1d45fc,exhaustive
5165,descended,3937,3937,7995,82896,3937,0,True,True,True,30990,32744,32744,30989,30996,cd3ab8479ea4908821ebdba6ef8d7a0569c307c221b2e0db7e1a6a583839fb3f,b59c1df0ea2593096eaec67decc3ea38627d71fce174e052bfec2f047d906a71,exhaustive
5167,descended,4398,4398,8727,82928,4398,0,True,True,True,31002,32757,32758,31001,31006,203620e0514f76028a20b4724eb48b858649d9e2b1f8a542e298adf1ff24dd24,94492495a8228be7dd61f06246edaf673fb533e1b9aa1b1a1502d0d4a95fbc0f,exhaustive
5169,descended,3879,3879,7904,82960,3879,0,True,True,True,31014,32770,32770,31014,31015,a3fcddb59665092a677dde70369afed4d980bf540318072a2501d79f459a950d,5d1786025f278d780fad742271482df6358dd975710086c029f68ac4e54f7ae2,exhaustive
5171,descended,4346,4346,8645,82992,4346,0,True,True,True,31026,32782,32787,31026,31028,1aac26aa0cf7fc2bdd7675d07c0089cab9f6f18e1a685f1859e9ce4862a1e13d,a2f75fdbfd6d4af7add4fff516f43020886ca3f16a155efb902712c243cdd506,exhaustive
5173,descended,4319,4319,8605,83024,4319,0,True,True,True,31038,32795,32795,31036,31034,b6d4edf7b8c4415d29fb05fb380087abb4af1ce508a25f926511a2e6dffd9237,c98df6a6e233fdf01fca7cf5cb87632e3e7207999df9467f75eb59dcdf75d94b,exhaustive
5175,descended,4253,4253,8499,83056,4253,0,True,True,True,31050,32808,32808,31050,31050,797b1889c6fea92e77fad2f0c09f3b3a8d1b4d423eb6d0d9594ab46a441c11f7,b3b677c8b8d0a73fb45385aa61b390ead2edaedf7c11189ade2be8b918f38e50,exhaustive
5177,descended,4624,4624,9089,83088,4624,0,True,True,True,31062,32820,32820,31060,31062,c2b7f4eb653c90dd111ce3ecdc5867e2606b044881c5634099411adc75f15286,7a2dfdb1a78f8f8be15be54764193476795a40995771f810e77031f289ef54df,exhaustive
5179,descended,4589,4589,9033,83120,4589,0,True,True,True,31074,32833,32834,31074,31074,58af5b3a9aee20ac5b05b9bd7c58af3aa70219050a0325b87cbc9d99b2442ccc,a2a47444da06e79e790a0c03d40c1ee30cf4355fab5650244785e21acf94c9b2,exhaustive
5181,descended,4557,4557,8983,83152,4557,0,True,True,True,31086,32846,32846,31086,31080,5d5dda76acd33d141eecf520501cc49e927bd4c5200b6df853573b88df141c72,b408515da1e7abbf1cd2c3e5ea16adfcc9da359407803a14c5bcfbf728975eb7,exhaustive
5183,descended,4544,4544,8968,83184,4544,0,True,True,True,31098,32859,32859,31093,31104,553cbd5629c80ee9cf99959b05358f33f0f78e2f3c9b718c03a9465810095dcb,a2c3f244ce4b58c543f80ee5c0459384e1441709fe82b8660764383d35e92f66,exhaustive
5185,descended,4527,4527,8938,83216,4527,0,True,True,True,31110,32871,32873,31108,31110,cd1ffbe16ddc408e2ed5bff5e9b1420e0e970993b8eff2abc239d19b970fb900,d2b41cb16abb959f17b67804d0fa717543aca187b50e65ae1e0d8b4eb23e467b,exhaustive
5187,descended,4466,4466,8842,83248,4466,0,True,True,True,31122,32884,32884,31120,31121,011dbe1dbeb01598d7f512471b544c3e3f908105e7f53dff53c3f30a785d67c3,0d0d0c677cbd2bccf0549baf37829f5791b866d992837dc765db13a6fa454b98,exhaustive
5189,descended,4426,4426,8782,83280,4426,0,True,True,True,31134,32897,32897,31130,31130,ec1a31f60fce97819df4f6629923f1de5a28c4b1a77a501fb1a998b2a914d7bd,929e41cfb02243bbebe9ddee53652b65836a99bf0617894d62c18d4a0f8cc2ab,exhaustive
5191,descended,4399,4399,8739,83312,4399,0,True,True,True,31146,32909,32909,31142,31144,b3db5d2920e85e5763dfc4728a31f1648487ab0a96212914134205dc415c62b3,9ddc8b2714c54ad75e662d669d3b904bf87f6461eca3d610a97896a6c136a814,exhaustive
5193,descended,4376,4376,8707,83344,4376,0,True,True,True,31158,32922,32922,31151,31153,a7551b233e5aef4bc0a56bd80be01d7016d6fadfbac61804367561041e69109b,e889090d5dbda78aed5233a96422e046f1361760721e5c2926d484e82c8698b4,exhaustive
5195,descended,4825,4825,9414,83376,4825,0,True,True,True,31170,32935,32938,31168,31169,f0b70ba6d7bdb49870128089ebe225a43370eb8b6bf89c30323789c7ccdcd4cf,04cb132051122774a248ff30ab0b2738030c1a2f40c97b3c31f6dae399ac3d5f,exhaustive
5197,descended,4793,4793,9363,83408,4793,0,True,True,True,31182,32947,32947,31181,31185,c90f3711477c6ef874b6e32ee19690d2cdfe3ed99d032ec79a732fb9505602f5,be4dde08ca1283491b1398fa2ee6aff43a7284df7b9c8fb052ab0ce096de0580,exhaustive
5199,descended,4758,4758,9308,83440,4758,0,True,True,True,31194,32960,32960,31193,31196,f25f3c07e53672ec394518845c6eca3af5d5eb59381463613df37b8603070678,24733f4c392691f64ebde393728c6a2958eae5fb683a5fe5e5716b9bac6befaf,exhaustive
5201,descended,4722,4722,9253,83472,4722,0,True,True,True,31206,32973,32973,31204,31207,794dd719d4fe1de7f83c96059fa3ef27c5381111c3e2406b19ac7bafda2c028d,827ae90a71543b639b6ef5a83c4418798ebb18aa616cd70d57c32e41345b32a4,exhaustive
5203,descended,4695,4695,9211,83504,4695,0,True,True,True,31218,32985,32985,31216,31216,ed0e1a40b308c09a8ac9197e670b7742d0b38ec752cad09f4a669d219c9390ad,276ac7c995501a3ba9065f712ab99c981fcff397d1a64899b9fc8780175f264e,exhaustive
5205,descended,4661,4661,9156,83536,4661,0,True,True,True,31230,32998,32998,31230,31232,142e51086b6a4cc049065047c24a6221edd664cec551b9b8ae8c60b53dd9a10a,6ec9ec0ba9dab028c2276a5c93d59240b9675523bb24955b771d523ee8794850,exhaustive
5207,descended,4640,4640,9126,83568,4640,0,True,True,True,31242,33011,33011,31239,31241,70e55d81bd76c639a8c872480d350777627f7ac88159704aa11ae42764d6ce8e,6e2cae210eb251951b9f975507c9a9dc264309377cd78f1d09e03cb2da049457,exhaustive
5209,descended,4544,4544,8972,83600,4544,0,True,True,True,31254,33023,33023,31253,31259,ff06d9ba177bfdab33389e965d2d2cbee0b2ac2abf03c2448ea202b2321f6607,379bd0dc4aa1e8d0f354f6a2dfe0f24179f03b8ffc228ecfb4964e67362d6b8d,exhaustive
5211,descended,4279,4279,8553,83632,4279,0,True,True,True,31266,33036,33037,31265,31265,1597157ea64a7c6e484b6acf72a80f84bd34e499aaf2e0c9f8fdd9dcfaec4bfd,2cf3ec05beb78471301fb138d86302d95d2299655915a1ce0544171f9d94152e,exhaustive
5213,descended,4255,4255,8517,83664,4255,0,True,True,True,31278,33049,33049,31276,31277,3a313663b7277b0c9cfc45eb1e201f32a28ce6b1afe18471da3c8406c119fa2f,b35edfe02791639b4169f74a6a1630d55fe699ddc35ca4cd5600e13e199a026a,exhaustive
5215,descended,4169,4169,8383,83696,4169,0,True,True,True,31290,33061,33061,31286,31292,e38fea1c1220204446b0adc4734048e2eb6f2aa6f6d1ad5b756c50af157ec206,e843f2f436e7622aa73f4cf8779253b405ef207e98b15400716022e97c3ccc06,exhaustive
5217,descended,4442,4442,8814,83728,4442,0,True,True,True,31302,33074,33074,31300,31302,f0db0457f1aa58969c8caff6cc6cd4c11496c78efeba72d70388ef230fbe2cdb,97b049dbac9a8749fe02af754a6eee148f11c3ad1ee45c486846fe2866f52d7e,exhaustive
5219,descended,4379,4379,8714,83760,4379,0,True,True,True,31314,33087,33087,31313,31313,f7222425d95f9cfc4282ea2bea261afa6ae955f33765d6189408663fdadb46e3,c6721614423556465c54a2c619bb1b2991060becd455e76bf6e6c47a28ff04c5,exhaustive
5221,descended,4327,4327,8633,83792,4327,0,True,True,True,31326,33099,33099,31325,31327,e5b01638e1483d248c36e19ae70f086083718512b75f3577b95c1f7548bb480f,b63e1e70f4cccf338409de0878de267dcf9b77168eafe74617fd5400a7073c7d,exhaustive
5223,descended,4281,4281,8560,83824,4281,0,True,True,True,31338,33112,33112,31337,31340,fe88f0520bf1dac77de5c5500e5758c33d0159bc9ab19421b2e2822b4fa281d7,c75c937a4feedce90171fa9701a4ada529feb963e5ca8a85d8a90ff96648c7d6,exhaustive
5225,descended,4260,4260,8527,83856,4260,0,True,True,True,31350,33125,33125,31350,31349,beaffdd15df8a2d590c6b51ea03c491763d151050cba536c9bd8635112a1b03f,505fe8381a56a9c8f46de677914d7ca92045ea01019f49c291f8151646461c79,exhaustive
5227,descended,4221,4221,8466,83888,4221,0,True,True,True,31362,33137,33140,31362,31362,ce124f815ce9ed1366f61388c0c6e92951bb54f6b533499ce20fcac6a89a2f78,8510b550439d230bd2b76d699adb9c32b055fccf317f66d3ec740106a3dbbc8a,exhaustive
5229,descended,4168,4168,8383,83920,4168,0,True,True,True,31374,33150,33150,31373,31376,db09f75463596b7b81c89b68ba34f34e93f4e64c1c9adc1554b8edf02e22ebfa,1299754eca2238593510365744521b6d64bd05c9ecafded4cfada9818d5c310e,exhaustive
5231,descended,4558,4558,9005,83952,4558,0,True,True,True,31386,33163,33164,31382,31387,0ae6300ec3ba8c0aaf8afcc228bc610d34919ace96dc61ddccf24f53267b75de,e3bd69a6674dba89ee2f2438acaea4dc77a17b9baf57b8c360861625b0cde429,exhaustive
5233,descended,4509,4509,8927,83984,4509,0,True,True,True,31398,33176,33176,31395,31397,c6fea787753f953c71f80a05602b8df1b6181a29b0f4cd75124b91d739f87559,dc73d945bd0cec098a76d546558d70c6214e40ccb861a852d0431aed02283e06,exhaustive
5235,descended,4467,4467,8860,84016,4467,0,True,True,True,31410,33188,33189,31408,31414,b2693395cdd256fb86dbd7fbc83ab4167898bad14d5509ea242365300a5967b8,bfafb921fd38e57b10bc7d48a9c2b22d3a2aa3edd596c4f93df0a194ff512781,exhaustive
5237,descended,4413,4413,8774,84048,4413,0,True,True,True,31422,33201,33201,31421,31426,7c1e0564d8560a7347bb0c4cb4dcc796676341cc29456456a171ada42b4e3d6f,a854a76bbb15788edbc33afc9eb8e543c99e0defce830e8eab4124d78377f24c,exhaustive
5239,descended,4380,4380,8722,84080,4380,0,True,True,True,31434,33214,33214,31434,31434,8ab8e5b2a24d384bd8c422ac42b91120820e10f32cd90f3b0bc93efbec6ca49d,eb035b023ee5849527949f37e9fa2c91712feb336842b09df7dab9618aebe367,exhaustive
5241,descended,4306,4306,8606,84112,4306,0,True,True,True,31446,33226,33226,31445,31445,1c916607d88c887c4fcb76987406c2d30ff19509c880c2c49ed4ce339dcb29f3,d5099fb8fd17ad90d567b2821e35104f0a2e4320ef4624c9b7e3c6b86ae07fda,exhaustive
5243,descended,4268,4268,8547,84144,4268,0,True,True,True,31458,33239,33240,31457,31458,e771ce287405dca469748737d8c27834f6391f10b8041b49279683df361de893,9f1692506c93f2df3f5fc9d932d695a3a71a60184cc1da55af14aafffd873ee1,exhaustive
5245,descended,4248,4248,8515,84176,4248,0,True,True,True,31470,33252,33252,31470,31470,b6d63d56308fa5f0aa8850a699a43e059a458d627115a6cf7a6f56d3d2eae8e1,f924e7e91b31fcaf9bb247610fc66f6d8d6fe8de830664867bc9e02acff1ef9a,exhaustive
5247,descended,4229,4229,8486,84208,4229,0,True,True,True,31482,33264,33264,31481,31479,11eb67ceb6eec1ea18808bec8617a5d31070a09e6ae399b1b86d32f4775c67df,7fc192fd958e88afd43f2c4d7c4843f32f8c191b5ed393fc856d86b21539200a,exhaustive
5249,descended,4169,4169,8396,84240,4169,0,True,True,True,31494,33277,33277,31489,31492,7e92421210b27a679f918501b30a538b1d194d57055848942f2aede076e2bc5a,486e5affcd7e6cb113be1fcd25e8a114fbacb55fb8f8ae3a24768e08f998733c,exhaustive
5251,descended,4419,4419,8788,84272,4419,0,True,True,True,31506,33290,33293,31506,31507,dffa6b6acefd458bf95c549ecf04e11b553d100da5ec9faf7c8c903c0a11f4ca,3f9ba5d0c80ebfb2874be52e1ebb84128491d7a8f2f5fc9838ff851d8b2e4a3b,exhaustive
5253,descended,4382,4382,8732,84304,4382,0,True,True,True,31518,33302,33302,31516,31520,c805e90b98f8cbe655df515d456d6f92defe842d453aad2a0a21921f5cab9026,6331d62cd3d6edc2f57ea9ade6f0b25cdd0132fd6d5c9bf9670d3d30a75d4faa,exhaustive
5255,descended,4350,4350,8680,84336,4350,0,True,True,True,31530,33315,33315,31530,31527,00131b5ef9018ecf47bb81b975d9aa7355915d1e05dc54849482a9acfc0bdc16,f68da96cd6733b7eb56cb8f2c746333d625436eb34adb96c5b03150a1e0b1a3e,exhaustive
5257,descended,4719,4719,9270,84368,4719,0,True,True,True,31542,33328,33328,31537,31544,fcdbc1d2f713b5401ee3484a9d1a0ba0cf100302569a6ca07e645b83b6094e4d,1674d262d296b87b751e67e2b255fa6f1d6456da00d805c4851281ad633a66b1,exhaustive
5259,descended,4698,4698,9234,84400,4698,0,True,True,True,31554,33340,33342,31553,31555,849579b833aa6ac97ad6686af614958dfeb5485b112ae4237beb342be0e1a916,7030e0b5ec6a38bacb3558a299fc6422a3b7e2f4d0ac9f3f7f803a6a283daa90,exhaustive
5261,descended,4255,4255,8533,84432,4255,0,True,True,True,31566,33353,33353,31564,31571,93415762061de8b73b62cf79bfa35c8f225c9da744b830f7649385de821b42df,cd98518b893ba5de2785e08a84f035e16bbb767390f8c58b0f3362e79d6f010c,exhaustive
5263,descended,4619,4619,9109,84464,4619,0,True,True,True,31578,33366,33366,31578,31578,313bee78a6ded9aec7daac066e4481f4fc8865a023f4730749dbb04722ddc241,dbab279afc030f3c5ba8404e786a90c9efbfcefade73e79a35fc9b49c223b18f,exhaustive
5265,descended,4569,4569,9031,84496,4569,0,True,True,True,31590,33378,33381,31589,31592,463447f5f74b743716d20280763591bda4f531fe9a9551fca0bc57038dcd3a00,07c4f08a55a4060b84c32d2d7022c28b632b568a096052497677183fcc6d9bab,exhaustive
5267,descended,4559,4559,9020,84528,4559,0,True,True,True,31602,33391,33392,31597,31604,6bc77a89c70f2775c1b45b9468e9270027e9f0a468acd30218fece91d8ff746e,9970c194571f2572434f96511c29c61fd63251970a05534cdbb37e7744260aef,exhaustive
5269,descended,4499,4499,8921,84560,4499,0,True,True,True,31614,33404,33404,31614,31618,e18fa5f243a66dfe1ba62096b7982e8844347b26b583fe0dd897875649cbf299,b9d37333629646990ed0f62a3368df5265d24c6c0d6cec983f4a30511c4d8853,exhaustive
5271,descended,4474,4474,8882,84592,4474,0,True,True,True,31626,33416,33418,31626,31626,8c390439241673b0e6dd47a5bd32f46e164248a5236867ed66a56a3017a7b93d,18bd375e9de5493f2a4053ccf9e11c5fc0d24b4cfdcaf103f9719dd69cfc8f5f,exhaustive
5273,descended,4716,4716,9266,84624,4716,0,True,True,True,31638,33429,33430,31638,31639,b2f9d2be17edeb10cd8d95cfcc693fe6f74dc7081ba1727674dc19664e057624,1739d91c3be6e04a1af15b7210d6df6e0e2601b74c8af810001e4f85388e9f28,exhaustive
5275,descended,4392,4392,8757,84656,4392,0,True,True,True,31650,33442,33443,31646,31650,c4598644628ab03d2a449814660a468515c3daebd6f64150d527d054f3ebe76c,b671e0e3a2c1c642a373ac38812dab534ee737904722f71089793209dd00e034,exhaustive
5277,descended,4374,4374,8727,84688,4374,0,True,True,True,31662,33454,33454,31660,31664,6fdb070cb8a828865498540da5007f8346ebac9752bffd0164c2a27396201e21,bb5ceb3cacf6ce944f578ebc746a0f10e569a8f4527d1838bfd388fd47ba15a1,exhaustive
5279,descended,4340,4340,8673,84720,4340,0,True,True,True,31674,33467,33467,31673,31674,19ea476921599fe7db50576f37019055a5b4357dde49c13c55d7532c27e96e3b,2aa1b1e77336f004e2829a80dddd479a26f4bbaa1adda15926cc0e18979412e6,exhaustive
5281,descended,4572,4572,9041,84752,4572,0,True,True,True,31686,33480,33482,31685,31690,88478e6433ba690c44bb27f027a10bea99ae5b32e099ac47dd6cc54ae1e58724,e29ab5c05ebb364522d350032c9041f8bd6a3aa57e469888e1345d4a045f5fba,exhaustive
5283,descended,4269,4269,8562,84784,4269,0,True,True,True,31698,33493,33494,31697,31696,4b180f28d60438c8f0b801b315b887975378b5745a8dcd89dba6500adaf42506,c3c00ae362bac52cf8da34b8cbd20ae919c1327c62d647dae28dba64e79be4b1,exhaustive
5285,descended,4179,4179,8419,84816,4179,0,True,True,True,31710,33505,33505,31710,31712,a1f9da46ddd680e211fc94e6c5ce87ec2723e04b11eaf3edfd14de5295eeea81,36e2e5c304bde97cb36f0f5b24c04c193d0ab6e884c6083f90957b802ce435a2,exhaustive
5287,descended,4403,4403,8775,84848,4403,0,True,True,True,31722,33518,33518,31721,31723,88dc9535601ac9551d0fc10e2e20e098fa62663d45c275b9c46729031ca8387e,98116e58363d75391e5f1fd1caa12d8748510e8f96590c5d58becea836ee23a5,exhaustive
5289,descended,4375,4375,8732,84880,4375,0,True,True,True,31734,33531,33531,31733,31732,2b88fb8ebe8e6617b69b5e0ae8457adb4157240674ec061679e5c4bb959bf436,497af1b07d5233606eb60ee40a96aeb1cacec4d48d5d945bb3e505bffa97c9d9,exhaustive
5291,descended,4305,4305,8622,84912,4305,0,True,True,True,31746,33543,33550,31744,31743,519f7b61da6edf688059578ca0dde10a5fa43d588f07e9d2d2c938713205aef1,87b48548475e2c383438bd2671803261c9df98eadd05105e97db9cfe1d83bebe,exhaustive
5293,descended,4278,4278,8580,84944,4278,0,True,True,True,31758,33556,33556,31756,31759,9c8a2644d1787da99496a511fdb7182b1a41aedf70e096445387a79813f1aa92,54085bb119704215c2dd475a391f43f9131c21d401f2e9fd58cd7fd3824ec5ce,exhaustive
5295,descended,4207,4207,8467,84976,4207,0,True,True,True,31770,33569,33571,31770,31770,a23b2a550299fca23c40e2d0aee36403b2581270422b34733dae19a3ebbfed84,762851edef4e68b3268ee6ecf0d5774cb9d99cd4449bb791ee980951a2d68552,exhaustive
5297,descended,4326,4326,8657,85008,4326,0,True,True,True,31782,33581,33581,31781,31785,3ffcef4682252c77bb57d869b7d04db9ba4fb282f0d36dfe7b92e8ff8f7ddbd4,66dda9d7075963c5b00a6f80d51eb431fe475378f528bd2a2d46e0edac36779c,exhaustive
5299,descended,4129,4129,8345,85040,4129,0,True,True,True,31794,33594,33594,31793,31798,82fbb8f48c2acb5e6a4755dbaa0222a0643ff7cd7197ca8381737a76a354d3b5,be621f4e3db2daa45afdc9f1e6d8a9397251f88a7ef93cf6a05ca145ee031390,exhaustive
5301,descended,4626,4626,9133,85072,4626,0,True,True,True,31806,33607,33607,31806,31809,4f3b466e27dd50b977d3b0112636b94974eb88fffcd64ef293aecb8e478c53bf,33c364a2a183b5338719efcd4441da581ba54ab8620858c85adfa5bc25fe6572,exhaustive
5303,descended,4572,4572,9048,85104,4572,0,True,True,True,31818,33619,33620,31818,31821,a6a28602682a02bf8f897a46b188d294268745d58342168bd9f0e3257590f87f,b734244add2ece3adbe290d88f90b9a2baf34e55e5b2f64254ac78e3f76d7187,exhaustive
5305,descended,4116,4116,8327,85136,4116,0,True,True,True,31830,33632,33632,31829,31831,d2c0ba9ab99ed40d0010a933a5c7dfa61b704ca1e4de7f583ca622f9ae5fc833,f76138e3d0428f8bb8705ae9211cf5d397be5ae608a1dc0b5b7ef618963724f4,exhaustive
5307,descended,4533,4533,8988,85168,4533,0,True,True,True,31842,33645,33649,31841,31843,e82c61c91b6c4e1f11168bc06f0258bcf28844b4dc13c441896bfae1bd0d1c67,0880ee47ecf8c63d7ca103f8bb2a1e6ee3757dc5b566c0e27d44ae15964415d2,exhaustive
5309,descended,4496,4496,8930,85200,4496,0,True,True,True,31854,33657,33657,31853,31854,7eca8dd210f0d9d0fc7f3541332e279c737227fcfd1a06b81c4a73009b2517d4,a3de10e09204e8dd9b6abeceb5eaa1b0cbeb2069284e2bc367bf84daab39a490,exhaustive
5311,descended,4452,4452,8864,85232,4452,0,True,True,True,31866,33670,33670,31862,31869,a925ee338241928e137b8780fcef6d3430e2a9b0a03d670810af7f6c7e4d6203,b1dcbcef2b028e650f0d639dc01ca98ea6535a698025ca5b2451b58f3e9750aa,exhaustive
5313,descended,4408,4408,8793,85264,4408,0,True,True,True,31878,33683,33683,31876,31879,a12763666136f1a012d397f07884f3e1693574977efb2c072967c72db1ed7bfa,dba1ba2e3e1cd6274b7ff404dc25d2058bdab874b82fc2f8bbb40b72354f4667,exhaustive
5315,descended,4357,4357,8713,85296,4357,0,True,True,True,31890,33695,33696,31888,31892,a9a857214c96c43adecf59eeae51cea8ad53f80f196c08b9f41445b20106bcb8,c675a200afd03c7a396a3783b3a13fb730e1c0aff5392e050ddf62a6d947bc00,exhaustive
5317,descended,4308,4308,8635,85328,4308,0,True,True,True,31902,33708,33708,31901,31901,9e0b74f9faddeb280f4d3af869b573c7853dc2b7cc13689a5a9b3dab186f519f,81e27bc202365b2334bed1b3e2179778bb88cf1277fe4aa81d6f10b48dc7f123,exhaustive
5319,descended,4788,4788,9396,85360,4788,0,True,True,True,31914,33721,33721,31914,31914,ac3183be8e7c45d2b05f84795b329477055afacb1b4cd91dfd198034ed9928bb,6353aaaca9667cf5e781de19c7e963d935abab7c6ac33e24b8666d51f9265488,exhaustive
5321,descended,4773,4773,9374,85392,4773,0,True,True,True,31926,33733,33733,31924,31926,0622d0a0c93384aa0ce0bfe2ec5f2cafc65dc316442b55085a7e60e2c9fd194f,68041b0155056eb65eaeb12cc9bb0e0834b1d6ca492b4ee0c97fcd09e108d516,exhaustive
5323,descended,4732,4732,9310,85424,4732,0,True,True,True,31938,33746,33747,31936,31937,2ac32df6ebd1b43ceca6f97cc94264067c4691cce4c3e1c0a19712d960f462bf,144f92e1b7aea548ff748a2f88299458fff298e8cb288eed8bd779158ff23af3,exhaustive
5325,descended,4702,4702,9263,85456,4702,0,True,True,True,31950,33759,33759,31948,31947,cb5b4ad26cc6b5099731bdc2b10019b61e8b5b9454fb772e03fe7e8ddaf5c2ca,9c5a19fb4c482de370d76a5be4fb771af603f96ba8d3aa01f8cfac0e4a679836,exhaustive
5327,descended,4678,4678,9229,85488,4678,0,True,True,True,31962,33771,33771,31957,31960,4aaf3ac3151d7a080e49111126e5c1b657a751aa809e6d3dc5f6dfd46d97f01d,5705dff5741f7ec28168b8809d7494a432218e55ed5979fb2834ebcdfb5665ed,exhaustive
5329,descended,4650,4650,9183,85520,4650,0,True,True,True,31974,33784,33784,31971,31976,af829381972fbca3d7985df44a80982cbc7957c5a722fc3229fc0657c411a111,fbe0b6884b24287807dbcf31e25af7f806e715e454096153a4664c93bf6597f0,exhaustive
5331,descended,4622,4622,9141,85552,4622,0,True,True,True,31986,33797,33801,31982,31988,88e331a5af9b4429288169500c88207476b7518d6ee3759cae88f005ef67c0e8,8c4e55772a05adad652eb9e1590b58848a3703c4a09f7e91984509f203e5cbfe,exhaustive
5333,descended,4549,4549,9023,85584,4549,0,True,True,True,31998,33810,33810,31996,31997,1d72a03c38397e32c1cd90b7b254f2b8471808d461b2d69d0f1f014ea33754f8,351fccb78b9f603043646861f4ce65d1cac088a11df56b98c4ec2af46754b0dd,exhaustive
5335,descended,5010,5010,9754,85616,5010,0,True,True,True,32010,33822,33822,32009,32010,8d2867f35ce800c4b7dd41f68a0e77de1bd437bbe71fa5610a8170ed08e0929e,623aa5bf10672e9f4659a7e5a3c70cebaba8c6a5e45f135eb63f46d40ef5c5d8,exhaustive
5337,descended,4983,4983,9711,85648,4983,0,True,True,True,32022,33835,33835,32022,32019,dc555dad090ff74cc80390d7841684054faa6a030495708bcae2263f98cc1600,255172b89ae0dd529bebec3f62a2170e07a074a1fb4c7e5ad8a5c59f7ff27a1a,exhaustive
5339,descended,4943,4943,9650,85680,4943,0,True,True,True,32034,33848,33852,32032,32033,f729b38b643f3c3d69dda0ecf97c03c871fe8b0855e06d899c1918a835a2c521,0588fe6c04c344d4228fb7f6ef78d7d5e949781eef3c4be653adfc0cb89590ae,exhaustive
5341,descended,4912,4912,9600,85712,4912,0,True,True,True,32046,33860,33860,32046,32047,5d773ade05176b5bfb26210756bdc8d4eb456acff2bd77352301aef81f420b50,b2a310955c166b7aa1d55761c59cef87045416a0a307854e0204f86f18d7904d,exhaustive
5343,descended,4854,4854,9511,85744,4854,0,True,True,True,32058,33873,33873,32055,32058,668f30168796c0e69b77c4b4788c19f618a50bedaaf1aca8ab24da3ace544b6e,0da09d0e8d61f260cc92d99dc44c8313f1f83fef2850e0ca9e01ba95bff5084f,exhaustive
5345,descended,4836,4836,9485,85776,4836,0,True,True,True,32070,33886,33886,32065,32071,4be19f7e598f3e008178772bc1260312240a2bd5ffcb2e5b6d73045ed105a009,6673df227a73268bb91ff4aa168850ec0b44d3ac548573c478ed94380b917b81,exhaustive
5347,descended,4815,4815,9449,85808,4815,0,True,True,True,32082,33898,33898,32081,32084,033b69464a820c0a2260a88efa2ed5df13ddbbdcc0069162bf2ad581c5986755,599d3c1b476aef73bbfe1615ddb9c48c9c56993c47c90c2b19546584d0b2f720,exhaustive
5349,descended,4789,4789,9409,85840,4789,0,True,True,True,32094,33911,33911,32092,32094,07cd8fa712335e59540f17e828edcd6d2748a89f4372f3ea86d575b296ab2972,e043ab7dc827a771b410bf68a4b73fe345a975b93ee4c1d6664474dd70a82c00,exhaustive
5351,descended,4774,4774,9389,85872,4774,0,True,True,True,32106,33924,33924,32101,32107,fc074f06e98a0100ae24ffe7cd575caa2d68ace3f4d4f20f248b653c1bcc77f0,ebae0e964ca479b1f65983aa2d729909ab4f313201d6d54623df135e09a430c6,exhaustive
5353,descended,4707,4707,9280,85904,4707,0,True,True,True,32118,33936,33936,32117,32118,afdfc81fe565db3e27d1fbeaaf779d6c73d46226f31e22a1b01e84c0d43c8d19,6d8e578f7b03537b505b712029f7b94c242bda175cce7601c60b1245f34361c9,exhaustive
5355,descended,4687,4687,9248,85936,4687,0,True,True,True,32130,33949,33951,32130,32127,60794a31083773e6b84213f2be1d07847f2ae9a80ffd32704b0cdb5090ffd4be,df4c47210c91e0f8314fdc568863d312a428633c91078ed43ac8769226bb5223,exhaustive
5357,descended,4583,4583,9086,85968,4583,0,True,True,True,32142,33962,33962,32140,32141,484bf95cab160ae9808f750c695eadef70afabe83b5b2b65fc8aa2a17fe310ba,518de6633bb0d8961ba27ba37062399c4ead1f1317ad458c3cfe0555aa4fcfa0,exhaustive
5359,descended,4550,4550,9033,86000,4550,0,True,True,True,32154,33974,33975,32153,32152,7a0b6f753c6adbe71b5c9fb8dc9b15191abc58beea0fe4957dea9ba50cd46fdd,5978fffdc67618c4996bd085591051d12392cf63f537019b8dba27f1b640cbf9,exhaustive
5361,descended,4472,4472,8910,86032,4472,0,True,True,True,32166,33987,33987,32165,32170,360f1127957731ed7d75cb162b0e965205d6a0ac44e44b8e6cea6a2a22b3edf8,83edc94f7bcce1209dbb75a05dec49fc366c0d8f975179b22f124f9523ed1b66,exhaustive
5363,descended,4425,4425,8836,86064,4425,0,True,True,True,32178,34000,34000,32177,32179,ddfe96dea7f0892fe6117d8a543f249926e7d7675be719661b8ee0f6268c8929,e1a69e9e4bc59a2dab7ecf7d7f4183038e446aa742a5fa109957f0d40771ec7f,exhaustive
5365,descended,4505,4505,8963,86096,4505,0,True,True,True,32190,34012,34012,32190,32187,c57077394231946ea1ba22fc0a655f61080051ef81d94b1f7c01f939644eb12b,32ae6cf1a2587551ed0f5835bad556773c055f0a03494c4a8b76402d5f141600,exhaustive
5367,descended,4473,4473,8916,86128,4473,0,True,True,True,32202,34025,34028,32199,32198,067fe0148dd07234d8aaef47152dcb2cd44f41c86aed786a29f4ef35e6dd2e47,0fb31ceb6321d95bf61ac76b4e96502c1f1ea80522321e1e4319f3a04109b29d,exhaustive
5369,descended,4455,4455,8886,86160,4455,0,True,True,True,32214,34038,34038,32213,32213,cdf12b6efba9e3979e3949f1cf89032d9193d3f508b1da704e7298948e9177fa,45ef6b709b59335208469066fd1fa8be7c373797b1082fec223666c5562f4d0a,exhaustive
5371,descended,4346,4346,8713,86192,4346,0,True,True,True,32226,34050,34051,32226,32226,0323c0341c26e60f788fd3339a8940e0ed02f1554cdc2859953ac68cb4003898,29a038e027cb4867d1afdc5aac51ae3a51d17097f474e67c1ffce4b848e59f41,exhaustive
5373,descended,4328,4328,8693,86224,4328,0,True,True,True,32238,34063,34063,32230,32236,2ba6bea3ce197d7f70780fdd9c05f29619b9c6707c7ea45996499ea8ee1ad940,b589e4a362273cc2876d2974076f0abad2b9494b751c18e7ffb3b1951d8d031c,exhaustive
5375,descended,4180,4180,8457,86256,4180,0,True,True,True,32250,34076,34076,32244,32251,00577885b93457bd8412765dc4cb4f5848f0ca3f1e21b794b2b3264fba2eb1d0,c7c470f8b6582775e92f52eda3c0932bf46bbabb39062234058cb99b4ed70e51,exhaustive
5377,descended,4208,4208,8501,86288,4208,0,True,True,True,32262,34088,34088,32257,32261,c86fbc120c858b5599b8a3134413a815fe03b721d50fd74e27bf3b7cfc86708b,2d6d4a0e718a73843a200f3242d7389128b68a78b93894b3c83cae490d079e6f,exhaustive
5379,descended,4169,4169,8436,86320,4169,0,True,True,True,32274,34101,34104,32273,32275,f8a20e5d54f719ab5ad0e9437e2c6ad37e5f5b7d175e4db08ff25228aa8d544b,453c54d438d3e320ba619a1a99b11c7b5fc13b36cbe37c2a95c675a9ceb58de0,exhaustive
5381,descended,4107,4107,8338,86352,4107,0,True,True,True,32286,34114,34114,32285,32288,75b354b058d9ff0e0a24cfac05484513a016da1c14fe3bf2715a39c200085bb0,0e36e825317bbcc1af137723d522e7144646295b55886844b888bd1d943c2d14,exhaustive
5383,descended,4078,4078,8293,86384,4078,0,True,True,True,32298,34126,34126,32297,32296,d9255fca696596a3e8b7dfed3179a6ff42fa59faa0190316ac18097f12ee1e71,97244ec7737ac752d902d3a323be617d6374f7b3c1b94e133d35defa053233ae,exhaustive
5385,descended,4021,4021,8203,86416,4021,0,True,True,True,32310,34139,34139,32309,32309,7b3826e3812265715b0fffcd24ab63451acbd350fbe1d652bab4f962979f83f4,117b22570dc3c51a3f788543f14564b494699be5e4b3584ff9de067a4b205099,exhaustive
5387,descended,3966,3966,8116,86448,3966,0,True,True,True,32322,34152,34153,32322,32319,0780e5d0a66756e1d728b239fdfa7fc524269939a21fd7858787985f5074b7b5,1d4993e56142b7f07504f8c9b2f0cf664b2a3ef5978f13c6fbd89c2147478e8a,exhaustive
5389,descended,3939,3939,8075,86480,3939,0,True,True,True,32334,34165,34165,32333,32331,9d687df31bf9c6f27162c35d6fe33f29a33535b7b0acbfd3dc4a61f361f61cd8,c7fd99036333471a5553b4079c143daab80b4d45776e07cfd2c8ddc83a687f4f,exhaustive
5391,descended,3907,3907,8024,86512,3907,0,True,True,True,32346,34177,34177,32346,32349,c5345f9b33f13b4866d9414891c04f7de2153b12d28ccd798318eb16b885dd48,67e9944049f6cec3c1ea307ea542c1bfad1943868dcc602a83ddd1fa336cc256,exhaustive
5393,descended,4354,4354,8738,86544,4354,0,True,True,True,32358,34190,34191,32353,32359,eb4e664d546bdc4819fcacb21a97945d84c31e8f2d6c906de789e9980ad03350,774d69a2f7c874d29b22070ca487b04ba70a3bf47bff12baf220cc34f0bf9a7f,exhaustive
5395,descended,4335,4335,8705,86576,4335,0,True,True,True,32370,34203,34203,32368,32368,3bee8b61f75e4c825001cc7f1cae6e381c26fc188bfdacb363a420a7a002d9e9,a5736c5d337f66858c0fec3926e9b0a8ea259671573cd159632a6850fdc2b84a,exhaustive
5397,descended,4275,4275,8610,86608,4275,0,True,True,True,32382,34215,34215,32381,32384,0b89720f8e88be55aeecaa3220d7d177ca1c81f7335000c9b51864e1369491d4,a18b2eaa6fefe16385f740a4224c3219ea0464b6cdb87f5b1d08105c44dc9329,exhaustive
5399,descended,4244,4244,8563,86640,4244,0,True,True,True,32394,34228,34228,32392,32387,470dbb90a9c895965c477f592f07e1d3fb5b29283c37558626a3539be6c5610b,087139c6dbdef800a8e5a44adee64efd7a614fda4825976bb58223a0114539ed,exhaustive
5401,descended,4223,4223,8531,86672,4223,0,True,True,True,32406,34241,34241,32403,32409,41d13bee461166aa4c2615377341392da0d3f52880b60c4f42375097a6f5ccab,37bbc166694736bbb64a42c3411a30b0aa841b9df4ae67284b155357bf76d1ec,exhaustive
5403,descended,4743,4743,9354,86704,4743,0,True,True,True,32418,34253,34255,32417,32418,b48114d642c4b6def20ffcc07a835ebc17a5b04b91bd7f61cf5dd269361c2f69,3dd3a1195f651be9a7effe7a80cf8ee7c71215974d51b27993a7eeda3a2d819c,exhaustive
5405,descended,4713,4713,9306,86736,4713,0,True,True,True,32430,34266,34266,32430,32430,8b44c3b3a8d2f38520aa499bb5dcd7c3edeee27328ff5c662f9ac6858590a35c,016d77cb1ac5bf0edf3405c17da2270bd26379fc556181f16ca6e45c7a175a31,exhaustive
5407,descended,4697,4697,9282,86768,4697,0,True,True,True,32442,34279,34279,32441,32444,572356a2670e9d1a15e8621565aede0e2e2abeade02f106b5b6259ddaefc17a7,3828b21bfdcafb693da90560579fb4c2665e9429390daa144adeb13b2abbd5fb,exhaustive
5409,descended,4678,4678,9252,86800,4678,0,True,True,True,32454,34291,34291,32454,32454,6505ff920e1c0c6b8e37ed3a5689ba2b8169409668c4bbb7d665098a55a47363,7e9daf10e216700d81b1a5ef7b76617940358a8a3eac040d88dabfc4b0312ed9,exhaustive
5411,descended,4082,4082,8309,86832,4082,0,True,True,True,32466,34304,34306,32465,32471,908dbe0d027fb84586ea6447730bc99da91a4c3fb754c95c5d61da25e87e4f68,28db9c018901fecf2972b95f70560d8960100b5a13b44b1dfe14b225c8db843e,exhaustive
5413,descended,4068,4068,8288,86864,4068,0,True,True,True,32478,34317,34317,32476,32480,0593a182db529fba022f2293c039d2897ce0c7ce5de62d2281985a23493b8625,52712c51381e2fbff8057d7fb84750ec088e36e16815bc5486a9073a4c226d8a,exhaustive
5415,descended,4616,4616,9158,86896,4616,0,True,True,True,32490,34329,34329,32488,32485,a986d6443636bab9720f876a4d1bd0568bb0f1a4c9d440227e7c20f186c5a491,0276179f8897500e656b9d88935fb59a01b95517be9b0f8176055cf6c84f8516,exhaustive
5417,descended,4570,4570,9084,86928,4570,0,True,True,True,32502,34342,34342,32501,32506,264e81e14911f8f8ebcbba15bb184e4770fba052c19325a18d7b233e7626fd0a,7963738c3db27a2411305707c389a3a50214bf2663563b4687fe5e3106aa63b8,exhaustive
5419,descended,4514,4514,8997,86960,4514,0,True,True,True,32514,34355,34359,32512,32518,8262d86485eec68aed296b8340676ed72a8a9d11d65a62238c7c4d537ed9442e,86161b1667527b29998cfc89d6bf03050539f193fd48d436ed2bff40c5865250,exhaustive
5421,descended,4473,4473,8932,86992,4473,0,True,True,True,32526,34367,34367,32525,32524,67c34c23ab88779be57943e671e9d701cd720a87ff6e7ba59b40b0589a38b7e4,24025fe09a75f11c8237b2890cb04dfd96fd190f2c433b85e0bb6bc578ee8ae8,exhaustive
5423,descended,4450,4450,8896,87024,4450,0,True,True,True,32538,34380,34381,32537,32539,7eb6513045368631ebb48509827af5cd51361de32d548f6e60f26c64d67ce427,c96bb0c1fbdde9869764ce97cab22e5cdb3ffa83d8ff2fea1fc362b5158720ff,exhaustive
5425,descended,4399,4399,8816,87056,4399,0,True,True,True,32550,34393,34393,32549,32550,464e2c00a670f6400f9b559546dbb68e3add0691a38c6fdb6d7f1c59d9b3b281,432a543e51e0feb25eed66c3760c1a540e4f69b2931f32e36222078ad9099094,exhaustive
5427,descended,4359,4359,8754,87088,4359,0,True,True,True,32562,34405,34406,32560,32559,fe9e9412de63e30435d232f32632ddaeebc056bbc51228e6b5cc578b39abd05a,4aad45334cb75fcbe176dc24fa9900f972e626365c76759ee8825bf4b15b7225,exhaustive
5429,descended,4324,4324,8699,87120,4324,0,True,True,True,32574,34418,34418,32573,32577,b9bfd12c3db8fd9ad807a44f4550dde9ffbf6229b6b2939cc36c981f1ef95c83,d42d3e15893cd822a430168289f475ced044c7f75296fd84bd3e2325ac7254df,exhaustive
5431,descended,4490,4490,8962,87152,4490,0,True,True,True,32586,34431,34431,32585,32585,c41a5d7f4ed7ddc2d10bccf3b7e280f8c919fd17d8941baa7084f529af34b4ee,3f0a2a4272b99f0952306595f9394c23f13c21e86072f4faae32b735b6b4f442,exhaustive
5433,descended,4330,4330,8710,87184,4330,0,True,True,True,32598,34443,34443,32596,32598,6a02e3158952994095660fd6c8b0d024e2cf2db8650bf495f74986cc9ecbbe7a,0c8986b5b59116628cc90273e72e275a909e550efb312997d231068a73a2fbbd,exhaustive
5435,descended,4285,4285,8638,87216,4285,0,True,True,True,32610,34456,34459,32610,32605,eb2b0af17d3a4c8213856be4c2ca3fe7e7b6e63f56509591548c4ff5ea2134ac,cc57e1e9308926262e0381f3f064fc035a8b81c0d64baa8de1d9c05b1214a279,exhaustive
5437,descended,4241,4241,8570,87248,4241,0,True,True,True,32622,34469,34469,32621,32620,50fb09488f0adedb54aa578cae01c7250d54e87e39ddd57d928b4c40f3239c71,a7bc313b30e1886b448a7267e6afed340144b25292799e74198a50055a4c6277,exhaustive
5439,descended,4211,4211,8523,87280,4211,0,True,True,True,32634,34482,34482,32633,32634,643b7a6d96ccc8b0c9d2549887ae35008ba1b684d3d2d0bd4006ee22901ed730,6e16ef97b867b701c3988d60edee2c1e43babaa5ac675db9b78045631a9a6e76,exhaustive
5441,descended,4731,4731,9349,87312,4731,0,True,True,True,32646,34494,34495,32644,32643,1c1524af77743bed99390720ff1986797af60b9f79f2c22a2f53c69a5d702240,448801976a9303db780476449678b5a5b64c7f875890fdb625d562ae9b1ec724,exhaustive
5443,descended,4700,4700,9299,87344,4700,0,True,True,True,32658,34507,34508,32657,32654,914326bad5bbe9ec7a44aa4f10a1b6da8d66829e6c655a85194b3488fae0793c,e6c98dbfddfa1b3faccb9889d935d0eef60993a544e758a055cc664281dc6319,exhaustive
5445,descended,4669,4669,9250,87376,4669,0,True,True,True,32670,34520,34520,32670,32668,8f75d66ad15236b7a6cf1d9f1a2265569fc02a8d7f112221138db8643d5a0061,46969fa9fc729963cab7ad45f834f45b573f0ae4f7ca49eb85ad5a93881e7b26,exhaustive
5447,descended,4613,4613,9162,87408,4613,0,True,True,True,32682,34532,34532,32682,32675,2d4f4184fb9cfd98ead3e48bbb2d059a574aa9877efcea0f045e85b31c2b7955,f7af6ccca641b235e968f3365c1fa47a50fab8f6202c4b56d3e4c1ddc8370513,exhaustive
5449,descended,4559,4559,9080,87440,4559,0,True,True,True,32694,34545,34545,32691,32696,32a9c6c87f156b8e126a1f35dbad0c6cd0ba6bf46f905c1b6838b1eab7b5d6cd,34d4204603a64ff0d0780718a2ced11b6383af59911e3820d44b642a837d78d1,exhaustive
5451,descended,4533,4533,9037,87472,4533,0,True,True,True,32706,34558,34559,32705,32708,273b32ba3521f0e45d61e62f44dff7666c78b07524770acbdae50d2ca16d38de,620a626c1b0a793cc006d53fcbe81d523d924779c41298e99f20cdeea264a633,exhaustive
5453,descended,4700,4700,9303,87504,4700,0,True,True,True,32718,34570,34570,32717,32718,224f607af1a4e654308442ae13473004c591f8138c0e759b96448f0aa070778c,4f7a8f04a7925095f922a110406d71a8256d91bda36c2c1fb6b0156870307d8b,exhaustive
5455,descended,4457,4457,8918,87536,4457,0,True,True,True,32730,34583,34583,32729,32729,c2ed63f98a9d59f180becf55d63637265a259a631977eeca04ec2c6870d1d981,ec6cff91b2e9dcf2c0d44a2810fad95b298f61e0e5146100d5bcfa6c6d8a03e2,exhaustive
5457,descended,4641,4641,9211,87568,4641,0,True,True,True,32742,34596,34596,32740,32740,69471bd7039c9108afd9cf2211ee1f962c15f1d9085ef828d223f4954cfa4471,f59a53f5319a1352d35fa09b6bd0efa14427d05e4243d3f5ea386f01f392f1e3,exhaustive
5459,descended,4565,4565,9090,87600,4565,0,True,True,True,32754,34608,34608,32754,32754,6ce9d88d62ecf2a435ac9c2a61ccbdf076e4205ad45347aabf869eee83673235,18fa0024cbe6c6d38e5b71ca4383995a3591e4ac1d2c2f91dabb64d8ac6fefd9,exhaustive
5461,descended,4554,4554,9076,87632,4554,0,True,True,True,32766,34621,34621,32763,32766,ce351379190a35c35007a099868fcdfeeac33d336d2142db3a8a2ce36b2cdbfa,7fb9d6f4ca24670292f11bfba3885d82ac70b10e4ed8231ece273ff0288cbd47,exhaustive
5463,descended,4503,4503,8993,87664,4503,0,True,True,True,32778,34634,34634,32778,32774,e487ad424bcd54a9b4b9e85b36039ff182c06fa521ae14b61c9ea14d0b254f36,0f922771764139cc8c101affdec06b6a320fc5ed27c3f82d954681d0cb5928fb,exhaustive
5465,descended,4408,4408,8843,87696,4408,0,True,True,True,32790,34646,34646,32790,32788,f640c8f9cd5ea3403214b86e5945463e6356d0002c4e416e0e84e7c7e8c6549c,f4ebe5e5bda6857307833feb710ae68703034072c2942d13de43e1f218574184,exhaustive
5467,descended,4373,4373,8791,87728,4373,0,True,True,True,32802,34659,34661,32799,32803,387ec55fa59c788e3c14fe624303146397af87991763d4283982c8672a3257f9,74ddb00293d685a74c31e69c025385dee1b7aa750a7442563fa334bcf1db0334,exhaustive
5469,descended,4492,4492,8978,87760,4492,0,True,True,True,32814,34672,34672,32813,32817,daf8c715a145ed4bc5179965a101e13370a9f441ae1a4a9a0d620ede0e3265d6,f5ba7fde546758c721c46ee5ee0fa3dc649cdf943b80da869e7e5d55fbec220d,exhaustive
5471,descended,4315,4315,8699,87792,4315,0,True,True,True,32826,34684,34686,32825,32820,c75cfce2cc7237afad3fc6570bec0c5eb7032fd4e953d6ef9ab8100d11864b91,8aaaf41dfdc09c316704aaf05aaeab7e058ccc207aa9217947d36a47f99381bc,exhaustive
5473,descended,4425,4425,8873,87824,4425,0,True,True,True,32838,34697,34697,32838,32838,efa2cf8743d7bf359116969ac41315d1a64227ff35b0db4302f63ae595235594,92be45fb804528fe7937199b4a1b436f106832afede1a03c38c421f065e43f9d,exhaustive
5475,descended,4402,4402,8839,87856,4402,0,True,True,True,32850,34710,34710,32848,32846,0048d2ea30dd7e41cdc8991143665d172743c5925faca26a9b246643c780fd79,3f37d03c9f5448ed89cee2052c640a9ff224fb5c122788cf99f3cedff572f691,exhaustive
5477,descended,4378,4378,8800,87888,4378,0,True,True,True,32862,34722,34722,32861,32862,0e4642560aab377ebd52ca697bdb042eb6085003286b6f48869fbbb3bffac828,1b15f5414ed9454a7c67e51d23b37f11482f8ec9635ad4ea2748789d65103a6a,exhaustive
5479,descended,4330,4330,8725,87920,4330,0,True,True,True,32874,34735,34735,32873,32873,1c7ecb28b91f9f4dea67d6af76aa8803a40e7bcdddff24cb3465a6620f02781f,798b28d23aadd51209ad5fa5daa979e568ca462ebd9c3536a1e298d3cf984ab6,exhaustive
5481,descended,4296,4296,8673,87952,4296,0,True,True,True,32886,34748,34748,32884,32888,64a2e123a6aa3521f482a560ef6ddcc634e65b8a91afafad15712b8f2e295b35,6e48a49a6dd63e5ba670749e8b7775bb5c5df7d0241c036c91d0928b21956604,exhaustive
5483,descended,4277,4277,8643,87984,4277,0,True,True,True,32898,34760,34764,32896,32898,e0c2c9268644df72472b5165b9cf2f35bb7bb9004d8425d16cb842f27be6362a,0d8e5ad956f9ff68b3124d4c96d8032dc03cc8528f9401b6ca1b0e5b51d8c209,exhaustive
5485,descended,4243,4243,8590,88016,4243,0,True,True,True,32910,34773,34773,32908,32909,d019dd9d7c56e35ce9a588d02f7d80f42d259977a21fbf956fbf5aca5f29490f,29d50011e2ddd5e42386aca518b03a7250447ef6f2c48719f996bf5ce1481f5b,exhaustive
5487,descended,4229,4229,8567,88048,4229,0,True,True,True,32922,34786,34786,32922,32922,08fd15b11ca78aa7a7a0200eaf5bd84ba82583712284602f2533440615975cd1,b78e2f932350dda1b5e609b7f972c7f31cfd7401c820cfbb01e77d627069545f,exhaustive
5489,descended,4175,4175,8482,88080,4175,0,True,True,True,32934,34799,34799,32934,32936,9e583a3cefe735ad1a2940bac59a42416cc5cfbecebe1f8d15724dc160b777ba,fe5c08e28049ab7134ac1492f2001b64342c13ccf6b62cee844b844644e0450f,exhaustive
5491,descended,4124,4124,8406,88112,4124,0,True,True,True,32946,34811,34811,32942,32947,2ed1c219b9ffa63990a31d8a853c694139d7ef2f2ca7700c938cd17e7e4bcf8c,15124972a353356a6bfd3f86b8a7826aff01e7446180a395a9946dacc255a149,exhaustive
5493,descended,4044,4044,8276,88144,4044,0,True,True,True,32958,34824,34824,32957,32959,d9943983c2f09dad3a135d71075e74965362aaa56812e681c6f10b08f552400a,40ed2e2faeaeee601f43e771fffcf3d25361ccd0d5f06679bcda6757ae0c9a49,exhaustive
5495,descended,4026,4026,8255,88176,4026,0,True,True,True,32970,34837,34837,32963,32966,fda8b7a40434431d836f2ea2c8e33646e7ea919cc4cf62d7cf39512cda0f5b14,cfd0d23ee75185640e7992a8853dbc6b626a02689a9ffe9edf11eb0044cf736e,exhaustive
5497,descended,3994,3994,8198,88208,3994,0,True,True,True,32982,34849,34849,32982,32977,531cead89ab5b1d2cda516beb16be971c76be0f09d12d81f9bcf9b907ebe136f,23ee3916f17b8da6a58b33d7d78621be6b929010e8a2c6ba7d11e02967207577,exhaustive
5499,descended,4590,4590,9147,88240,4590,0,True,True,True,32994,34862,34867,32990,32998,53e45daadb1376d5c939599882a148de0caad49cb6875c280ec169622a63fed8,3000d54b122f346261b470d23d313c145610258797c2465a79bcd6bae79a4130,exhaustive
5501,descended,4578,4578,9126,88272,4578,0,True,True,True,33006,34875,34875,33005,33001,89b6d5213c15c64ba70ee2b3595b09da4ac1eb33c8459c0c343b9e6f7e7b188d,ad6077f721ff033d6212adb774782c24104df45d1646fe51815e886c029c6289,exhaustive
5503,descended,3921,3921,8085,88304,3921,0,True,True,True,33018,34887,34887,33017,33016,5263f39288b9d6c4f4a3d4d322760b11cc896c3c04283c79d177fdd5af9b2d77,9fa3e821e6b0efd0ee174cb0b7076bcfa658250917d3133ffa655ab3a22db60b,exhaustive
5505,descended,4520,4520,9037,88336,4520,0,True,True,True,33030,34900,34900,33027,33029,a4e17f7dc050c4d4943e3983dec311f33a08b8e837a60875abd40907a0d4db1e,aca938d679be444308ea22b86fdfd92aeaeeaa1787f56c33ec36570d4ae76efa,exhaustive
5507,descended,4530,4530,9051,88368,4530,0,True,True,True,33042,34913,34915,33042,33036,821a59e2d67e9a2768a97d934324e5a78db0513c470d737c263df96ebe2bc739,49402da75187a244cf916f9398292d79d475778ceab0f7a462bc206b02296a5b,exhaustive
5509,descended,4392,4392,8834,88400,4392,0,True,True,True,33054,34925,34925,33052,33052,1e2798b24018561ca9645334a9784235e2ebe4daf9878b4a9272210f9fb3fe86,2d10201002203b624f7744e735cf4c2d01882ed056402fe8292fe743e7807850,exhaustive
5511,descended,4370,4370,8799,88432,4370,0,True,True,True,33066,34938,34938,33065,33060,2fcf9971c351a54835b2e50a62f32ef8a05899a1be232637eae8f6a34e5c6a6f,35f63487b66386e916e2b6aedaf3754cade6f079b809e7330a7c39050f57c94e,exhaustive
5513,descended,4319,4319,8719,88464,4319,0,True,True,True,33078,34951,34951,33077,33077,2b87f9e7d1deed5c01bab0f93b144bbce8b028751bac2cdd16685a69323b6ee6,f5e95a100ee225c6c2463de75b686cb4aa23d50bc0d3e37dd65fa3be35cc5db8,exhaustive
5515,descended,4401,4401,8849,88496,4401,0,True,True,True,33090,34963,34968,33090,33092,d8c1233d9dca4f7ebbd19d03694f664982b97d44201b24321d8963bdc94b45fd,96533cc0aa6196adbbffc95584d8e6b2a4e4b89d235f1e63190375ded659f775,exhaustive
5517,descended,4370,4370,8803,88528,4370,0,True,True,True,33102,34976,34976,33099,33103,54586f3286daa81c3f833bcc85a1bcf76554062a8dc021357146a43a3ebc3fe3,9e4704bf4afa5ede3b4691d41fa099b729bb3b2d60e05ac84bbdc075480d8652,exhaustive
5519,descended,4356,4356,8779,88560,4356,0,True,True,True,33114,34989,34989,33114,33114,0c036a81ce8104fa64e5197da7b6a1d60aae373443e8fecf0021f9252026a4af,f707c8bec95b0ad602268f065611ded733c7ab3076ca1c7ac1fdb4fc02e77f46,exhaustive
5521,descended,4335,4335,8749,88592,4335,0,True,True,True,33126,35001,35004,33123,33130,25e16475aa01ff70c28131c28a8c53c1f9c42a9823163f744e5d12d768cfa569,c2f79d8d851839945520f8166ccf34a580f2149c6487813d0bc32d280a46ade0,exhaustive
5523,descended,5025,5025,9842,88624,5025,0,True,True,True,33138,35014,35014,33137,33138,6cece283d6f4997c7042c25bdace6157714d36bf36ff507beedaa35cea86aa4d,ad24be01f5248146a4610271cfa29dd9728d6b4222876ca348d0158b7b329cca,exhaustive
5525,descended,4969,4969,9754,88656,4969,0,True,True,True,33150,35027,35027,33148,33153,7682c0ab6cc41d073a98c3c4e68b7c5c2a5e3b54f574dc4b92a2bc2b43ade65d,55354a884f4b9298259169e5fcdd9a88bb9ff65cb1e3f54496239467f0d91f85,exhaustive
5527,descended,4487,4487,8991,88688,4487,0,True,True,True,33162,35039,35039,33160,33158,8fc37af2abbcb73d0ba998786446049096598e473cf5e96bf96e699b0ef9c836,61d5ed925e508d3f9fa6c647c48e3ca041800a1a586ba2643e417a77475eed55,exhaustive
5529,descended,4457,4457,8944,88720,4457,0,True,True,True,33174,35052,35053,33172,33173,5463570d404f08702eebdd8cde68b471d6fa1aa566a0cd61513718a99e1be941,104d6c4b63b8db145aac896bf3fa2893b28336830b37b228435c819b0168d6f7,exhaustive
5531,descended,4439,4439,8915,88752,4439,0,True,True,True,33186,35065,35066,33185,33184,84cd1f826db8a5299fc22b109f0c3645458db0888f3140d09e7d0ea999c484ac,1600b4f6ee26859263fda2933e288193529b4da095591e779c7d2d46c8e4ffc8,exhaustive
5533,descended,4819,4819,9519,88784,4819,0,True,True,True,33198,35077,35081,33196,33198,56a24d9f7c737f91cd5df6d6664ea8191998375a4822240d2fb8d55cac69e8a0,c13491a6b9843ef6c834a5f19aaa7f4595a099977c87c13542ff2cdfee48c395,exhaustive
5535,descended,4775,4775,9451,88816,4775,0,True,True,True,33210,35090,35090,33207,33209,dd2adc69b872261177ba1f9039689901f79c269262548c535842ff3188bbd0d6,90be86c481e138bd5318a4be92f4131dd1cf3e559512bdbde146dabdad3b9ca8,exhaustive
5537,descended,4322,4322,8733,88848,4322,0,True,True,True,33222,35103,35103,33220,33223,d4292e49d04b347b2b87aa1b117e9bdfe6d2555fda8ef7a42d44ad85874d42f2,d5e456e7443d747d920da86dff3ec32648c5835f34308c0d499e5e86180df74c,exhaustive
5539,descended,4307,4307,8715,88880,4307,0,True,True,True,33234,35116,35116,33227,33232,b75cb2e8ce735642661301d349684313a3072ee4bd6353a58f00a5274c3a6fdf,c396feb60894504fd86338d9d0e39f38ba0d254fe9727a9148830e0cb65793dd,exhaustive
5541,descended,4695,4695,9324,88912,4695,0,True,True,True,33246,35128,35128,33246,33246,cce7e3113328b598a7bf7e4c937280b59e63b0156a3bf6ddd2475cfe7b617ed6,3a423149ece0c485ca356741450027689cba626c735a149a2a463d34596f6eed,exhaustive
5543,descended,4658,4658,9266,88944,4658,0,True,True,True,33258,35141,35141,33258,33254,e45a7670e3a9c611361b36a99a429b793f43cc815ca64f0e531dfcde8e6db98d,b595e8514e71f55f11d02c23b10dbc44b3ea248e33fc48e62aaeea3be6daf38b,exhaustive
5545,descended,4303,4303,8704,88976,4303,0,True,True,True,33270,35154,35154,33270,33270,d7c8795bebaf078875ee8b0d60a62e881c7ec2a4f7fc8e4ca692e706e4a08917,290f24ea641dbc9810fa04858c66dfc8247e9a90085fbf6b1bf9f2e28dd1a310,exhaustive
5547,descended,4287,4287,8683,89008,4287,0,True,True,True,33282,35166,35169,33278,33281,ecaa2b5b1d0effb9a68a00c67d996df45b42e22b51b8f85214ca646ecb3488e5,927e6559e2c2dbff8ebda93c41c9b9a9358566ceb4ec8d7397cb4ba328301c75,exhaustive
5549,descended,4261,4261,8639,89040,4261,0,True,True,True,33294,35179,35179,33293,33287,e657bd8f6d5f1ef1e7ee02e020daea9ed94462572dcae8d380315d878f4764a7,3a309d7d43c30e9dcbe94a75d1af0c0d50f8ff31ac37e052a1839b0f96e0106a,exhaustive
5551,descended,4234,4234,8597,89072,4234,0,True,True,True,33306,35192,35193,33305,33303,4d2fd9c2ae412320fd80f1bcc00301daffac1343fb687aeeeb6c333632d5d603,4e6e7f7cd510777663db154db5d21780d8fe91635eb77e48e8dd98c0528e6eec,exhaustive
5553,descended,4590,4590,9162,89104,4590,0,True,True,True,33318,35204,35207,33317,33322,9a1ed2d1d7924ee7a3c33329dc77323f3dbfbe17b5f8824f083e9fc975273b61,4ff45b95c43910697b60feb82b3bb5664a0678c06b17329663217beb4837cb4b,exhaustive
5555,descended,4557,4557,9112,89136,4557,0,True,True,True,33330,35217,35217,33328,33326,6b6d0cc5ca3b3b091a5748e08e8383ea06eb078ec76f6e7af35719ed7863213b,8961d002fd5271da44bd77171481f696da9456e948cfdb87494f9fdbc4618f81,exhaustive
5557,descended,4159,4159,8483,89168,4159,0,True,True,True,33342,35230,35230,33338,33341,456e534a91a813f17bb1b91dd6701de4bb11ea806fc02c107cc2dff375b4d498,f8128f75c5c153bfbc1ad2da97883ab095f79de2630f84b8f8af6113eeaae623,exhaustive
5559,descended,4483,4483,8994,89200,4483,0,True,True,True,33354,35242,35242,33354,33351,3bc6ddbd9817a62918fbfa99967615e1c5c95fe3aef5a82aa182c25e0776bcff,da8f5dd2c0e60ba16c09253dfc88c9814afb2d96b08190d709460303105fb427,exhaustive
5561,descended,4447,4447,8941,89232,4447,0,True,True,True,33366,35255,35256,33362,33367,257ff44e6139efb7a620deeacee950aec6718b072d36430132ee2e8b0e2404a9,2fd9c3444072f9c3248e4f1b0a1eebb1602b818c22a559f26f352f4962aa69bd,exhaustive
5563,descended,4405,4405,8872,89264,4405,0,True,True,True,33378,35268,35270,33377,33378,e92b7c1e8c80c627de329406469c7b1d07da93d7786a342378b000dc54b12221,bf04d45770887f5648861628b5adab5c9fb6aa3f82ac1d13ea7ef8718e9a57f8,exhaustive
5565,descended,4390,4390,8851,89296,4390,0,True,True,True,33390,35280,35280,33387,33389,6f9d9b45ec34b32586509e267f5e57b72ff7edb8e3ed6c601f9f652279e12e07,e3c107a212a8eb24e924a48a429f412ca6903948f8a39d31f5f8d1b572952bb2,exhaustive
5567,descended,4357,4357,8798,89328,4357,0,True,True,True,33402,35293,35293,33401,33402,371a6155744f633c1f527a973095344221ddfcee708262afce4a3d2eb3aa1a53,64ef77791041cbec6d482c321ba2dee9d46913b05a544818705d74959d51fe5f,exhaustive
5569,descended,4318,4318,8736,89360,4318,0,True,True,True,33414,35306,35306,33414,33417,99bcf38384524189ed8ee6094173b72a3ae72ad59433f59fce7d0d96193c2a33,fa876c8e824d11d6d93cde27e3bd3f74fa84bef36e7470e66e0ebab4b8c61f65,exhaustive
5571,descended,4293,4293,8698,89392,4293,0,True,True,True,33426,35318,35319,33425,33426,d5250f155bbe35b8416a239e92a01c6e960b358cff58ccc1be4c3d6c4f1dda83,8549b95760a43e2bd1b37a78d062b86206b011dcba8bb2d609ab2e289be1738e,exhaustive
5573,descended,4253,4253,8636,89424,4253,0,True,True,True,33438,35331,35331,33436,33439,3de7b04e387f1aa97c2641aeff3b6ee0f5ebb8631db8a4d2c9ce193880e73856,5c91589a3a2b383c35384f334d17805065b630086421602e7c7dc5ae56d91b85,exhaustive
5575,descended,4640,4640,9250,89456,4640,0,True,True,True,33450,35344,35344,33448,33452,3b21052bdbd1df243bdef2fab7b6c356c84ce9d43a6f44da8004beefa4f36665,b00258b5169aa92b9259df32611261e050a82c8f8be0ddd8470b274edf24e876,exhaustive
5577,descended,4589,4589,9172,89488,4589,0,True,True,True,33462,35356,35356,33458,33462,b37651bb3af8ed5b232a105d9d8a320d243c83dc3b8a43f38fc7ea18a5c26fac,9925edc8b74af138cc81a87a573e92c50ebedab4e19e35eb54d2b0ea13b21af8,exhaustive
5579,descended,4541,4541,9093,89520,4541,0,True,True,True,33474,35369,35370,33473,33473,36fdd4cbe4ff17e45446c2da1405acfaa289db9001855a3cd97e5450fe730d0a,ae0bef88999918ba0adbe2aa5585d4379249df5efa8f3a5f89078890e1deae52,exhaustive
5581,descended,4497,4497,9026,89552,4497,0,True,True,True,33486,35382,35382,33483,33484,ca793f93a43ab73fea493d8237a609c7f25fe2205fd756bd007f1e96a24ba372,af0042fd1e8aed32a880e884352c189fee2424fc7495ddf2c968c9bf3b51bc54,exhaustive
5583,descended,4479,4479,8997,89584,4479,0,True,True,True,33498,35394,35397,33497,33498,69fd1cff383be9e519caba9633d513e197e1d30fb001509e2644a2842078956c,378815103104a622c681f83a190a5006310d897d64fb562754911b5d8322139e,exhaustive
5585,descended,4456,4456,8960,89616,4456,0,True,True,True,33510,35407,35407,33510,33506,c027535114c3f755d1decc370af7b748952aea2a97705c544277c22ef6889734,47ac85b769087f22e35ac666af6fde69d83a9739710d5360f2582c329d73d146,exhaustive
5587,descended,4668,4668,9297,89648,4668,0,True,True,True,33522,35420,35420,33521,33526,926bb88de54cef4ee3ebbc14934933389fbf5b489fbd41a9f2e2cd4d3631944e,8351a14c9bddea0f0a76f766ab342cd055b4490e8eba50e9c334ed79b30c1195,exhaustive
5589,descended,4362,4362,8814,89680,4362,0,True,True,True,33534,35433,35433,33532,33536,60486f0fea2a14b50979fd123879b16e6f680d93b7c76997a018955aa05a912c,b8ee20a2609c7f7e37c36be4a2d973f9bb36c10bc44dede86c3a2e9fcd1480b5,exhaustive
5591,descended,4605,4605,9199,89712,4605,0,True,True,True,33546,35445,35445,33545,33544,1c759b5ea9e1b0d888cefd1f44a6243510f26693805d622633e6eecb012b4af6,98ea5f10cc321223a59b729b5033ee0dba539a773e4fe45a4bb3f72d594ccb25,exhaustive
5593,descended,4579,4579,9160,89744,4579,0,True,True,True,33558,35458,35458,33555,33566,adfc4dc7e1c289d9e4004af71e6f1bed601cd09f768ee4eab4971906c767bb0a,12aefca806c082f4f144b5095c46246ff9af8ff49a1479b0ffdaca24c04609ea,exhaustive
5595,descended,4534,4534,9087,89776,4534,0,True,True,True,33570,35471,35473,33570,33571,09f89e62391485fe56cc7c8187122eb07a70c7de9af797dfea772306b2885453,f88cb14de32d44b83e09523e3c59267ebf6725f2279861f613e10e01c8ca73bb,exhaustive
5597,descended,4517,4517,9062,89808,4517,0,True,True,True,33582,35483,35483,33581,33585,f9fc7d3ffadc3a33317a020825e9de42c00f7579e48302100e906da974cf87e5,ef744749a319971f6494aa1b007714ac152efeafa51d4d4cbfd41de328504f7b,exhaustive
5599,descended,4725,4725,9392,89840,4725,0,True,True,True,33594,35496,35496,33593,33596,7a11304693f58c6d2f12e879c6d9010351bb4f312fcb56963b36af684507e955,f08857d5f15a38c4c83f1f2fb8ac8f6c1e4d27c9ff5df2db38c03a3755d82ef3,exhaustive
5601,descended,4700,4700,9352,89872,4700,0,True,True,True,33606,35509,35509,33606,33609,70dadf8db7ba9a4697588d2ce355a52d9b34604e63828eb3ee7e22b49f919488,5a1b57d4abb209d4cc823cdf0f7b07d99acddf82fbb4b87b3d54a15341b638e4,exhaustive
5603,descended,4406,4406,8889,89904,4406,0,True,True,True,33618,35521,35521,33616,33614,69d5620e2211bf2e75fab1afa9bace90d97cb6efaf25310d1343d3a2432110f8,8b662c67d984389d27ec399b7ef599718e90f379cb8367a0e5b7bc66261d4fa1,exhaustive
5605,descended,4628,4628,9241,89936,4628,0,True,True,True,33630,35534,35534,33628,33629,0ecc6558d1e78e0e7fee09fb841baa993381a1ef908c7f94a9b810f525e3e2b0,717fd1dedaf28d36a88eeb31668ad2d71a4da80d814426951acd3813fbee8f26,exhaustive
5607,descended,4568,4568,9146,89968,4568,0,True,True,True,33642,35547,35547,33641,33637,0f68f9be5b57b344167528271f90fa6a71e7249859688ed76777c675bb881d17,41b151b1eea8fb54bac37c861b8ff59b21b41de870304f1fef3db4267098f23d,exhaustive
5609,descended,4541,4541,9103,90000,4541,0,True,True,True,33654,35559,35559,33654,33650,e85dd7914299a38b297c6ad173f5d77ca1a69e288ed6ddaf01c42c9a456296b8,139b13550b603316c4eefcdcac1213b4a57f4be61584523eb9754b7993669e07,exhaustive
5611,descended,4498,4498,9036,90032,4498,0,True,True,True,33666,35572,35574,33665,33667,bc908b740cd7da3c91518425c5950a4a07f53a530ea94ea541327aa7b0887ca3,c7bea29fa7da7d1d4fbfbb7dfa3a2cc912141a9d40f0e067a49f6a2220606c6a,exhaustive
5613,descended,4474,4474,9002,90064,4474,0,True,True,True,33678,35585,35585,33674,33684,ac954d3cf1c8f0f31813dec64f5f956dbb02da1ce248b6c28583a4c99e8985af,a54362893ce9efb9fd7b9561ac831628ff2064ec7a31d5f75dff086456ec378a,exhaustive
5615,descended,4396,4396,8875,90096,4396,0,True,True,True,33690,35597,35598,33690,33688,7795fe5c36254741cc646e8c0a70e40f712c9ac3f4f35bd8aa398e9d2cc3b0c0,8d5905e554e79e788b1f6ed2de2a6c7b2a4616564d5c82f54fd59d29bb022652,exhaustive
5617,descended,4437,4437,8943,90128,4437,0,True,True,True,33702,35610,35610,33700,33691,8cd7d4c9de089da0126dccd0a0e6e7a4af134d9bb7ea53ed10642a09bebaf308,826428979179a92b9204cdbd54c03a3b13abddf74546495510566dea39b854d4,exhaustive
5619,descended,4393,4393,8876,90160,4393,0,True,True,True,33714,35623,35623,33709,33715,83506335830f8882ec21c3ab727367fd59147e6c348586851b8121b36f85f1d3,b982aad63acbef0227695c485ba629f5782d4d77cc2bc50a404cc1696d998b96,exhaustive
5621,descended,4347,4347,8800,90192,4347,0,True,True,True,33726,35635,35635,33725,33722,013efaa0a1c449b3317a6935fae81885f3c5a9cff8ebb06145b9c64ae76363ac,45e5de6572743a9eb29a742e480428bd9ae11d43247435e0e297ee10bd2dce82,exhaustive
5623,descended,4176,4176,8529,90224,4176,0,True,True,True,33738,35648,35648,33738,33736,4861f6ed0b72e252e7b54f0ae8198f33ec9c1d67f612e0f66dfd1a9ebc47d426,557fafe9ceae04b2f3ecfefead311a19f01477bf3c95474acd195105394f263f,exhaustive
5625,descended,4270,4270,8679,90256,4270,0,True,True,True,33750,35661,35661,33750,33752,4b7c08f83f73a7ce9498e957cb4d97c0872f0462b1b874723b7be632c16db90d,6c60e147cedec352bae211a970688e7ba0437e497ce650d86ef0f8da5dd2398b,exhaustive
5627,descended,4247,4247,8643,90288,4247,0,True,True,True,33762,35673,35674,33762,33762,03919190cb654c2c74fbe3efc7e0d856d2f3006ba7af7edc6a93f880cb729e5c,6ce4ed5728d2225f1f7aa808fc11381f0d6c67132ced5a4d000bbb4f1d613832,exhaustive
5629,descended,4568,4568,9153,90320,4568,0,True,True,True,33774,35686,35686,33773,33776,2c3970a5f72a61f9a310a34343254d45b14b7024b4c334886b01c64180c9a92c,b0e0a27b23214cdcb4acc5494eb1d04be2c5670153458c49f24797c1769ce23a,exhaustive
5631,descended,4536,4536,9103,90352,4536,0,True,True,True,33786,35699,35699,33785,33789,46f3230a85b2132fe8b4da7f204f0884d8304eacc07ff7de1810e335535d3c65,8d76352142f5fe19b4918a35aa8fc4a8350ef821b2c41c2e347909c545db7bb0,exhaustive
5633,descended,4495,4495,9039,90384,4495,0,True,True,True,33798,35711,35713,33797,33797,6ddf166e8423edb4c06fd37e98cdeefa0e0b8c29bf263741e02d9c2f662b5e83,d19bfc578eae3d613c6522ed7af0ebd3d382908d88cab9f498f2083e2f806c0c,exhaustive
5635,descended,4125,4125,8457,90416,4125,0,True,True,True,33810,35724,35725,33805,33809,181ca00df89f655fa7e2526c67c2b49dd7df02b5626839b6d9b6037c7b4e16a7,bc1a79a8dea362115e0fa2b45de97285c97ec01369543031802351ff74390d61,exhaustive
5637,descended,4410,4410,8906,90448,4410,0,True,True,True,33822,35737,35737,33821,33813,980801210b651354221a070eed7ab2812b43b7e957a1a7e75097c965fc802976,b24c35242f060019fbbb425f186f42dee5475fe16026a4c5acef9e6cc0d70eb0,exhaustive
5639,descended,4081,4081,8385,90480,4081,0,True,True,True,33834,35749,35749,33833,33837,8cacf40def3e173077553671b17d87ef1f816f95841e69050f94405d3b0239a7,617945a82bab5c79432c086d7304e39a05d5a2066caa523163fb14a02ed21b2a,exhaustive
5641,descended,4320,4320,8764,90512,4320,0,True,True,True,33846,35762,35762,33845,33847,af2df626bef96bc7b5cb03533ba3afb518510d876f43b2f652db4cf3867c7402,73bbeb1de1b19c280f9c0620a554ead8c29c72c2b19707459ab4afb3941c14f9,exhaustive
5643,descended,4295,4295,8726,90544,4295,0,True,True,True,33858,35775,35777,33856,33852,e0c54f759932500cc96b3dc146e414f6d236da226fca9bb954d20b4cf36497e9,bf9631b1006546a8a2c5129089204692997f756ddfc10f3941da1f8f38d572f8,exhaustive
5645,descended,4877,4877,9649,90576,4877,0,True,True,True,33870,35788,35788,33868,33870,8bdee5c11e9be9fb49ec7d7c4b2b74f14da239e997af29503734bbcd73fdbcbb,4a3e3edca68160523884b6b4661d768056a930a5c364934d9868f79326f522c6,exhaustive
5647,descended,4837,4837,9587,90608,4837,0,True,True,True,33882,35800,35801,33880,33880,964c298e1ce2e8b1aadd3b0ee4e4dc736a0b259f646d95eda499de8fde5b36d4,11718ed03e271ea08a0da18c36ef94b91e19d2ebb229abea48ca12a7cbec6e3a,exhaustive
5649,descended,4817,4817,9556,90640,4817,0,True,True,True,33894,35813,35814,33892,33894,edbf75b59a496c782e5a8c9537a9f2afbbcf51212878aab080ee4ab17390cdd2,757e9177a316adb9f20c4160cbc139aae1badd5b452cfc6f18003c8169fc1226,exhaustive
5651,descended,4183,4183,8552,90672,4183,0,True,True,True,33906,35826,35826,33903,33907,7fd1c51b0b36e7f0e385e0372eb0d85fa7c9c613145676ee2c877223e2e0d6e8,5f3f50dab8657ff1981b2aa3a90267c596fd13f178f27787a7f3fec0465e8612,exhaustive
5653,descended,4144,4144,8490,90704,4144,0,True,True,True,33918,35838,35838,33916,33919,423c38098f759a32dcbaf1bd76ecc806e80cf793e8aa8dbfb4e39f934acc9983,6d865b0f3c22a072ece145680c6475ce59f0720db3b3eefc6a2257ae3923c184,exhaustive
5655,descended,5023,5023,9884,90736,5023,0,True,True,True,33930,35851,35851,33928,33929,9bf5798510bf2aa815e26d44ae25540978cdef4c95e985af20165de0dc9cbb19,2fbe4837459dbb40e0e774d34f7676dc4b1aebd6d2e419f72d9195d04a342e00,exhaustive
5657,descended,5011,5011,9865,90768,5011,0,True,True,True,33942,35864,35872,33941,33944,f6669d07b960fc529522f91c886f84b5bda647e38640064ec2d28d20b3f86f3e,f9d60b1aefb429a8ea0008feca843199f7ea5e3a14d6995085ab0270a9604fec,exhaustive
5659,descended,4996,4996,9844,90800,4996,0,True,True,True,33954,35876,35877,33951,33954,f60729dfbcef02dc8bd92ac3c4bf26f0d0e3a969a56251cf6399291bf3ca2513,357e6ff1620d5079b21538f0d658e49e32425b22f02a4412704d91d7445ca0ac,exhaustive
5661,descended,4962,4962,9788,90832,4962,0,True,True,True,33966,35889,35889,33966,33965,a46a3e2d9c6926abd0bd75448e499220d013b52162de69812f23c95a373c1b56,b95d10ed55fefadde71f46ee43c864288017322a574a272dd4fcea219791a404,exhaustive
5663,descended,4922,4922,9727,90864,4922,0,True,True,True,33978,35902,35902,33976,33977,8613636d05042d1a6f5e78ef5ae3bb3b9bdbce006cdb8ea19fc3bf1f6cac2e53,2e0b47578bd95905999b0b516b1f97fe4912efdf007fdb9666f5139ba6af0ef0,exhaustive
5665,descended,4854,4854,9619,90896,4854,0,True,True,True,33990,35914,35914,33989,33987,faacd11ad80a7d3173ac9f4c89618fe2a0f82f5ef9dab1947eecd293bb0fd890,2440a28199948b266dd7a178323d77fa21f5e7691c1c44d8a349cd2057f66ac3,exhaustive
5667,descended,4834,4834,9588,90928,4834,0,True,True,True,34002,35927,35927,34001,34002,5ddc055191c713f979b80008610e64c7e87e63fdade818d942dc7eae0fae1318,8036f56a80f6ce63b688982803ca3f663a4003e78328472da0c57b9634cc546f,exhaustive
5669,descended,4799,4799,9533,90960,4799,0,True,True,True,34014,35940,35940,34013,34012,aaab52db4cdecc8784aa2ac0355694e18ca67d13093d565e8481725b50d365c8,625a83f35f9dd0bfcaade5b1efac4680e075c50578ed8223882542d4238b4d95,exhaustive
5671,descended,4768,4768,9484,90992,4768,0,True,True,True,34026,35952,35952,34025,34027,a207c0dbd61a893211cd539ff4722abc718e1a80793752b9ab769954e302461b,dfc65bc34dc812002b5a26dd0d27347310a5251c7a93ee37349f557a32d5caad,exhaustive
5673,descended,4703,4703,9383,91024,4703,0,True,True,True,34038,35965,35965,34036,34037,069b145dd493f0c73e6e835667e9dd9037bf95782c34cd24d80f2902245a746e,156747972181e8d9d5790097e2a7cafae72551626e0891c20e5a4ddd73d10f5b,exhaustive
5675,descended,4641,4641,9284,91056,4641,0,True,True,True,34050,35978,35981,34050,34052,61853d94ea068fce7dd82bde71ccfd39e042a1ce3618623e66dc60289d5052b5,0c1ac8fe8aad4ef8c6629cc44dec40bc7cdb60bb1d2b6b0ab67d2ca1063fb83d,exhaustive
5677,descended,4618,4618,9249,91088,4618,0,True,True,True,34062,35990,35990,34061,34060,90cbf1a3eaaab581263b8c697c860153f9477e5c4a27d0e9d227476eb5f624b0,87306c2afc819e3ef22da2d2f2403770d3a808edd4f0a1f6a0aa4cdb2b421d8b,exhaustive
5679,descended,4590,4590,9205,91120,4590,0,True,True,True,34074,36003,36004,34073,34071,dcb73355e11f9ebdb515fb9d35f2c396b060a1185d22887880ccc542e82c25ee,6051f8304a659673a1f509b5e597a6e582a57071e5d008b78fd1a78feefb0334,exhaustive
5681,descended,4850,4850,9620,91152,4850,0,True,True,True,34086,36016,36016,34083,34083,b323113e559711716aa0f383b34187553da499b98681e2f9d95d853dc1b855f1,6c0caac15daa902d32a7a8c108e39c70d7b5e87d955e220bb2c961fa2190d3a5,exhaustive
5683,descended,4795,4795,9533,91184,4795,0,True,True,True,34098,36028,36029,34095,34096,51c4cd17cffd0a699bbe83f8831fba850c30dc9576af5582c4803de8cca14a2d,352edf1d5fd96aa610ac855c271d4dc79defbf37e981f482d41b92c9b92e8a5b,exhaustive
5685,descended,4757,4757,9471,91216,4757,0,True,True,True,34110,36041,36041,34110,34111,1f5ee82b578a07ebe21942928098685e3c0cbc977b3ec58571a31edc07066648,1e4cf276e70e62d5c292c1a87cc870f87e591704a05d6a7ff1260cd4d7b19787,exhaustive
5687,descended,4727,4727,9425,91248,4727,0,True,True,True,34122,36054,36054,34121,34120,886ba7deaedfd32fab6067268b0e1b47ec51ee0087042fb5d0fcbca63fb3900e,220a3a8d03bc58233f673e2d4ae2aeb8599e767665b4c60572afa2caa8df79a6,exhaustive
5689,descended,4699,4699,9381,91280,4699,0,True,True,True,34134,36066,36066,34133,34135,b5c8ff8ab6f398db0ee89e44ae158fb054f6136610dd6f421e6d56d592957be1,d4c51efd8f3c16e5c2a7717f7661a64b59faff92b304415ba0c1291fcd583f75,exhaustive
5691,descended,4651,4651,9305,91312,4651,0,True,True,True,34146,36079,36082,34146,34144,f9073980d3212d2ab7c7339595958ab622daf26f1f321e588a5b9643a2a0c82c,aacd734f891da1187edd368103dd1b8e39e250ec48f868f6d80c975427bf2866,exhaustive
5693,descended,4601,4601,9227,91344,4601,0,True,True,True,34158,36092,36092,34157,34157,818dd505e704642f217826b2be344412daa3e3eba26b00ce384ba82cb85b275c,0a549d8daee9e9b8077c5b791c2ffa2da8c11fd2d33a89dfa21569f355987f39,exhaustive
5695,descended,4551,4551,9148,91376,4551,0,True,True,True,34170,36105,36105,34170,34171,87db15e89ea9ae73e70e1f368f5d765d8a6bc6b2878999c5549ee26e0d383bd4,5a5142168d529c447f84248292d86b6e98717df746477078e2504e70bc28c79c,exhaustive
5697,descended,4525,4525,9113,91408,4525,0,True,True,True,34182,36117,36118,34176,34181,dbd586657409d55c56553c3cc68e3d0b4bd0b571d7b0626614152dd2b8a247cd,8d072bc3ddb84ce0562b62162659f40db13c16ba516dec3540e45caa958fd538,exhaustive
5699,descended,4477,4477,9033,91440,4477,0,True,True,True,34194,36130,36130,34193,34198,3f37f42fde73d04a5347fa3fa9d4ea4e963d58cf19bc029fa8b9baf14d0c8e3e,fedfe6390e927712a30e73cd05d4f912a98522092b77defb409e20a458aecaf3,exhaustive
5701,descended,4433,4433,8964,91472,4433,0,True,True,True,34206,36143,36143,34205,34209,f28ed7e05c2bd66413df739e6be872e97013bf9fc86019ff4e5f529ae75a3d71,402ed718a163249ca6dfc7a137dcbcb18ba62ee6f35f2ab1a939a0f82ca4427f,exhaustive
5703,descended,4382,4382,8885,91504,4382,0,True,True,True,34218,36155,36155,34216,34213,95e9c4f8a609e12b685255cb88ac698ea82c95ca49c6480ff13fb289ca9a8786,53d0975abf6840a317af39d6bc789526908e6296a1713b98b62821ca0babbb22,exhaustive
5705,descended,4344,4344,8827,91536,4344,0,True,True,True,34230,36168,36168,34226,34229,8fde932e01251382c9900728c9e19b72bd7320d70beb1b86fa12db046f9fd171,679cee6a30118d78f58e398f1017cfb891ce4db2599bf9caafaf5f00d496202d,exhaustive
5707,descended,4332,4332,8807,91568,4332,0,True,True,True,34242,36181,36182,34240,34239,2f7ee533fc6566e77eddbf4f0f4bfa11f16d51967cbaa35f1b201dffb51c081b,72156c022bc03221f66da9c288fd20ea9327f5dc02a1f57473f970751fae9627,exhaustive
5709,descended,4318,4318,8786,91600,4318,0,True,True,True,34254,36193,36193,34251,34250,481927cd9a5e95f3739d9ce920bfeb1e32761ac90e6763511ad8a7041877ab6e,95169194da13aca264f9615b86e23d62e80a7bf679fb14405269e15a79c5fc72,exhaustive
5711,descended,4268,4268,8707,91632,4268,0,True,True,True,34266,36206,36206,34264,34262,582378f7d144444be89deb0b487ed66aa93947eb1481a7ef1602247b91fdb32f,5252717dca7030fa35d3aeb239ff26e165c4724fbf3beaf8b2729ee89a832749,exhaustive
5713,descended,4811,4811,9566,91664,4811,0,True,True,True,34278,36219,36219,34278,34276,5c099ff1d7173d8d82ae646bead8bfea83a58402caa79f62f3eab980e8dcd015,e51d58a54645fbdc09097f218fca0d803f06bee3927ab1928bc09197e064f200,exhaustive
5715,descended,4200,4200,8599,91696,4200,0,True,True,True,34290,36231,36231,34289,34291,5ba9fbe42c44f24f2760816cee1b868b4d0e89ecdea2b49c34fba3aeab872062,a1fb2f525c5496590239264fad9cf22c29ef6eacf5873201e8e333d8251ce266,exhaustive
5717,descended,4165,4165,8547,91728,4165,0,True,True,True,34302,36244,36244,34298,34304,bd2948b0b76e4f8c06b98895f40fdb2c1179886769aca9ec9434240c9145e0b6,9ba3d2f11e43a49b0fa7dd23f445008abe81bc285c3e534d60397a37b94bab2a,exhaustive
5719,descended,5019,5019,9898,91760,5019,0,True,True,True,34314,36257,36257,34314,34313,e5d4b0bd055eadb8ae7a0926af5f278d1747987cfef717a71456e8879432c7b9,acddc430641fc9b368e0e5a8e33d7a3f7ca64be0c4c0b71a01e64a8a06bca52d,exhaustive
5721,descended,4968,4968,9818,91792,4968,0,True,True,True,34326,36269,36269,34325,34326,e1ca17161e88e76b6eb40e744861f2c32914c2e9eb2a9de68ae9a053abcf3d9a,a1b3e89dc0005f8d18fa125e5a84ba796b6d657936376e9adf2b97f4e30b4910,exhaustive
5723,descended,4927,4927,9759,91824,4927,0,True,True,True,34338,36282,36283,34332,34337,3bd45bc22e41cb92da7e4b8827d0c505f036f75abbaf25e53730c926ac2c344e,da6aef1dbbc8ac21ec149adcf55b21c55d1d2932057f4f68bca3ca9ed18b601d,exhaustive
5725,descended,4908,4908,9730,91856,4908,0,True,True,True,34350,36295,36295,34344,34353,dbc63ce70ddedf60a33ee6e4fc4046df38988db2ad810ab5a347a4263ef89d80,988a74b1596e05c8c3fe55738702de261421efe5b1fbf800f3e3fbc088b5bb0f,exhaustive
5727,descended,4837,4837,9612,91888,4837,0,True,True,True,34362,36307,36308,34362,34362,0630405c025a24bb746f53cb96087c345a29a09bcbe0e56e2feefbd0856944ec,cd74953618c5b47da5621a8f112cc6180ddfba7d34d1accfedaff63075797be0,exhaustive
5729,descended,4805,4805,9562,91920,4805,0,True,True,True,34374,36320,36320,34374,34370,94463b075b743f7194c1f7cb5d04b7a14fb07aca7c55ae18b431ea31fd92426c,2070d761b351ab886cf45dde0e7e50e15710fb4733781922a0c4e1001a294372,exhaustive
5731,descended,4696,4696,9394,91952,4696,0,True,True,True,34386,36333,36333,34382,34384,a3b6c499d90ecfcc03d5ff1c2be5754b49dbad9a590cef8508f76fc0b6245f8c,e16db3af3d6018841568f0b92d83f200daf2003438d5b26981a00e1ac609c236,exhaustive
5733,descended,4675,4675,9364,91984,4675,0,True,True,True,34398,36345,36345,34391,34393,49f7728bcb13d25c9f45d5d8879a0473b2335a9f4c4bc62321fead8d8d27137c,7428b95906e74aa20d2f398c6ac6c220125b947531c0c0eda8e6ac57d3f5c863,exhaustive
5735,descended,5219,5219,10227,92016,5219,0,True,True,True,34410,36358,36358,34403,34411,cd02fda57e07b1e406783ad11a7c188f56bc205dfae397f6bb2c0ff0682d209c,c83266f999377d165ddfc6578950ed02d8d130cc01a4c27a7aaaa52bd42d2ec9,exhaustive
5737,descended,4580,4580,9209,92048,4580,0,True,True,True,34422,36371,36371,34421,34422,d2e501766240f5e3110ad18b20250833731c7fb85d46fb05c9f8b59697108f61,7c582163b81ca97f8c87fd4966879d430a2edc10a94cdd942f3627e09a5c2155,exhaustive
5739,descended,5155,5155,10121,92080,5155,0,True,True,True,34434,36383,36385,34433,34428,43b52568bbba374b70e0a9209f66617035a674859d1a7b4208c8cad97c6676ef,cf632251c87953dbc19f25b2ea985460673be39ab81dfc74f37ecda13894aaea,exhaustive
5741,descended,5120,5120,10066,92112,5120,0,True,True,True,34446,36396,36396,34445,34447,9bb32f34609a36f546fb579d1431046c3abc2223124c3069d713d7544bf3f39d,725ccabfecd76cf87b13fab49c016a3eb5b3360ee696eadf9eeb2ae787564da1,exhaustive
5743,descended,5034,5034,9931,92144,5034,0,True,True,True,34458,36409,36409,34457,34459,767eff3e08cc9bb63434ba32e1af9d457f4a5adfe8d491f948b6b6ba3ebf81de,e4f7f80927ba9d6ecb5f88f084d26ee1490c73b62587dbf5906eadf63b186a0b,exhaustive
5745,descended,5016,5016,9908,92176,5016,0,True,True,True,34470,36422,36422,34464,34467,39053e1592fca5faaa7fbef514871d0a7e1b5c520c81e8e8ff25b5a3b3f0c7a6,80dad97b9a0b4db523759f10127fcca3b92190656868b8ad5fe2020aacf8a71e,exhaustive
5747,descended,4980,4980,9846,92208,4980,0,True,True,True,34482,36434,36434,34481,34482,807c96cef9128edbf266b5b4aa2d4a38374abcc1c2957e35cc6968bd13549298,f8ab8e0bf146abc8eb999a824d8a97f9286200477fef1d287b27d181faef4d8a,exhaustive
5749,descended,4947,4947,9795,92240,4947,0,True,True,True,34494,36447,36447,34493,34493,8718f5142f9c8ae045837e9028bd26fc6753b0914ead9f5a56fe0eabbd3ce0c5,38d4de08090b73404f3b3802f5a3d025f07e44c4ac8435dcb667db655fd71a83,exhaustive
5751,descended,4893,4893,9709,92272,4893,0,True,True,True,34506,36460,36460,34506,34508,0b4f1e89ca236a4d85fbf43d2fc182b2ac8534213cf15395ee7082f939c8aeb3,8545c758490133fdc54cea3da6df22c91bac09cb4cf717cc7c86838859293e5f,exhaustive
5753,descended,4850,4850,9643,92304,4850,0,True,True,True,34518,36472,36472,34516,34518,bc0c2e15884ba15672e1b09af61c0168d35867a67f826bc6fddaeafb0fe14345,ed3bbb8772cc3df3eaf1b483ad1da279781f3cb542dccb9ba3b3db061678d34c,exhaustive
5755,descended,4810,4810,9579,92336,4810,0,True,True,True,34530,36485,36486,34530,34534,0585f3d1daef030902ac680a3506a77ca66e565cadc7ccf9e59f1a70e99f9223,cbc7caca9d95eb5f4c65db4ba5ef0a25c846e823e2240ce808b49d112f7712b0,exhaustive
5757,descended,4781,4781,9534,92368,4781,0,True,True,True,34542,36498,36498,34541,34543,c2718f32c9020135574557c186ce83391bad789b200e7ae56f519ef58a359e60,7465033507c60426fd880837eb0a4d883eba5fbe00dca14c8bf614183787b3f0,exhaustive
5759,descended,5154,5154,10126,92400,5154,0,True,True,True,34554,36510,36510,34553,34550,369375c6f99cae89a0a24e59c2b7a9459e0438c2f67237f1b77da054c1e5571c,1019630fa9f44df3b48dc61788d2b92c020d492cbe59a1550211c1f6d244e6db,exhaustive
5761,descended,5128,5128,10087,92432,5128,0,True,True,True,34566,36523,36523,34564,34567,46feef6261b84821c4589e8c8cc16e5de0a35a5e14a6d392d056ed61fc0ae1be,30e21ba6874c71bc9ad1eaca9b8628e3df550c5c87d24ff65812253eed551021,exhaustive
5763,descended,5103,5103,10050,92464,5103,0,True,True,True,34578,36536,36540,34574,34579,0a53f784e989503b4d8f7d05f2371da849345978726999bd06d514a76eb91767,8e19f5d84628eec498ece1f3cea6d17fd8ebb1dee4761193181f14eae833b481,exhaustive
5765,descended,5081,5081,10012,92496,5081,0,True,True,True,34590,36548,36548,34590,34583,d1bf896eeee7236944cb5d2b56f00fc938579a2f943f075d8d1345b4e5fa4e59,f235d0dbc2ff5d7d097f201dc1ade31d739494dd16151d7e94521e24394ed278,exhaustive
5767,descended,5047,5047,9960,92528,5047,0,True,True,True,34602,36561,36561,34600,34597,05755fd461cf9ca72ea88f3c49ef2b8a4d9a436f12fafa1fb425e595cceff278,2f993dae80de3d47cc0849b8edccac47c5d008e7ce536c85219cd22d791513bd,exhaustive
5769,descended,4979,4979,9855,92560,4979,0,True,True,True,34614,36574,36574,34610,34610,f4736ae7bb0283036607ca30d934680eb0e66391b74d7fd26d0cbfb820d97e88,8794def58063b7b974e2154f15e17c367dc5f351220ca2dd866588b0aa700a4b,exhaustive
5771,descended,4894,4894,9720,92592,4894,0,True,True,True,34626,36586,36588,34623,34622,c6573e220a058c24bb070b64649c6a0418cdd3f62181156c4fa0565380120f06,2118412a4305cad7457c67567ff9f2eb77daa1c24b3010a2ac22f93e2d24a396,exhaustive
5773,descended,4850,4850,9651,92624,4850,0,True,True,True,34638,36599,36599,34635,34634,f6ee6942c5fc340504cf7a07fe5bc7166cd2605a76b1183f9fdfdf297935f7a6,9019a50acf21de5f043dde1663038a0c360b6952960b03f8fc365d4eb694ecab,exhaustive
5775,descended,4811,4811,9590,92656,4811,0,True,True,True,34650,36612,36612,34647,34647,971908ccd5868474454470064e0a1f0d525ed5ef82ad2a3ea369dd58be54a7fa,ccbd718c565efe4b7ff5c95a76d6c9e9bdd5bac0b3f96546bf6777319fd0e863,exhaustive
5777,descended,4785,4785,9549,92688,4785,0,True,True,True,34662,36624,36628,34659,34662,db33e326d6f5c6223517b9b3975b64813161fc63f1b35bc1d3c493a5b77e91a2,c35647aa0e8cac42158b46247e9a2c5b980f1fbf4782825c40c53bc0960bd04a,exhaustive
5779,descended,5037,5037,9950,92720,5037,0,True,True,True,34674,36637,36643,34671,34674,e844d40e03db3aee61717a545e258cff61fe81c1d7531187805d6f0864e26ed6,e13981a31f6bbe3d38ab6839acc25fe4d17e81327503d723ca3d8b500f697b96,exhaustive
5781,descended,4975,4975,9850,92752,4975,0,True,True,True,34686,36650,36650,34685,34684,e6e737b11d3285bdea7707e031f39d8ebcbf45b6c5f589ae781176941866a830,5ef686b3741d2f41bd0bc44c7b83a4046f53899c621853259cfb9ab8da6ca479,exhaustive
5783,descended,4944,4944,9802,92784,4944,0,True,True,True,34698,36662,36662,34696,34701,124fcdb52ef873866eae782d44f2fd9cbfa3c403c70d5f795ff75811e698b2a4,f653f39b56be76b3d2c68fffa0b39e2eb127a055875daafd84dd3d20763fe586,exhaustive
5785,descended,4911,4911,9750,92816,4911,0,True,True,True,34710,36675,36675,34709,34712,0d44816adddaaf9e9ef67bb05797055cad06584601c197e4ee8a29f74ce25a31,ed39f85bfb513c367fd3ac97b705c9ec22dc529f06452b2a670769917b79b499,exhaustive
5787,descended,4867,4867,9680,92848,4867,0,True,True,True,34722,36688,36689,34722,34722,ed365df8e9efeabc5e6d4430bedaffcb40affd0d780b93516a90afcda0764d22,43dee91c25be01bdb70a5d0f5bba4badf5a92239aa5c57f13f572affbd949409,exhaustive
5789,descended,4840,4840,9642,92880,4840,0,True,True,True,34734,36700,36700,34730,34736,dd5bf8c35ace4f982d11b5fc5fb23d1a7bccaf0f1a538c634e012c81f95e89c3,e58c89ae790210a89776f37667f854afb6b55c081f65f0baae67bdeddb80dc03,exhaustive
5791,descended,4952,4952,9818,92912,4952,0,True,True,True,34746,36713,36713,34744,34745,b1827079d036363e11eca1ed7be3cfd15b68ff4bfdba7dc2c34a9f4a15a25c6b,46fc8ab6893a7bd2583053d2b771eb35b9961615650cd353d66c872c207bcfdd,exhaustive
5793,descended,4923,4923,9772,92944,4923,0,True,True,True,34758,36726,36726,34757,34754,1380d24602c0dae6b208b9b360002eafd44269f2bdf7439fd786be42b38e69dc,f4fdbe3f916daa90ee5ba26007fa87b1ab028db1f4924f3021555909e5cda205,exhaustive
5795,descended,4775,4775,9538,92976,4775,0,True,True,True,34770,36739,36739,34769,34770,d507a5918d55f8ba0c72f66f39ed88b4d9e4b9bf9610820f4882750668434326,feb04bbef7ef0b1dbfd5c0f819cc61e61dceae19c63e2c9ca353d3f75a630782,exhaustive
5797,descended,4841,4841,9644,93008,4841,0,True,True,True,34782,36751,36751,34780,34783,9d2effa8595d2ad8ce49f001e51e835d714fca4fe6769b3c2115eaae014e4884,fe46e07f9a5e8d42e2644cc06abe1ceff3d10635a2ac78a4e5a178da4b476b39,exhaustive
5799,descended,4815,4815,9603,93040,4815,0,True,True,True,34794,36764,36764,34792,34795,d47b0d3cf8b5f89cec6ddbe41573912d888439f93bcd99fb811c6570675e8543,096dc557334363d2c79a9c51f70416138862d6e8b8cba821352850b2ab4b1971,exhaustive
5801,descended,4756,4756,9510,93072,4756,0,True,True,True,34806,36777,36778,34805,34803,f70b1e3295a109ebfc803bd03e545bb5c9ac2a59d8ea5ccc035918ef711b0794,092642c7571fde8d0dd3c7dae154b53dbe4213661abd688e032c0b98bb9f3eff,exhaustive
5803,descended,4731,4731,9471,93104,4731,0,True,True,True,34818,36789,36792,34817,34818,8c240dce2d6b7a6159ab9cdf7c10177ff813e7c78165b8f2b23dd150f4c7af79,147830abc924a60028f463a85b36239246d860d2364775a46b431ca54fe3cb43,exhaustive
5805,descended,4678,4678,9387,93136,4678,0,True,True,True,34830,36802,36802,34829,34834,fe721a5be5572435414ae884f18f73cd920dc273be77fff2bab0aa29b74df35d,fa776cd43f3590faec19ee680d6a33b7723f53eea43f8c6b99cc6c37d75f4d9b,exhaustive
5807,descended,4984,4984,9874,93168,4984,0,True,True,True,34842,36815,36818,34840,34845,531a83ad92a7c32d9967cb8f6e0c1e86055f1251ac7eb7313cb2788802fd1a9c,636e059498d800136ddf4815736e4e73b8d853f1201faf624a2eac3b2e49d412,exhaustive
5809,descended,4622,4622,9301,93200,4622,0,True,True,True,34854,36827,36829,34852,34856,8c8333840f2bcc595df2213fbaf67d66d6234952bb166e551c2bb77cf3a81ac0,fa800e817092f29e5b5524a943a55dd5c702f5c6bd81b25cc746d6dfe312d6f1,exhaustive
5811,descended,4576,4576,9227,93232,4576,0,True,True,True,34866,36840,36840,34866,34866,a633d3babf4d184cbc4f8a501cd4f0c709737d7ca107de609ece6eec927e9dc5,78c4d2a0db17b207bf3034138cb45ca42d76beb447bcac528a1dcb3d0527194a,exhaustive
5813,descended,4894,4894,9732,93264,4894,0,True,True,True,34878,36853,36853,34877,34880,171294e5db74011a09f8bf958e92582c0ff69e8eb632d00fab734702bb99efe6,f006d529205a50ea2490b83dccd95886324d08a463da2da13b1bc770ae4a55e9,exhaustive
5815,descended,4515,4515,9133,93296,4515,0,True,True,True,34890,36865,36866,34888,34889,a00f2835d1657b5d1418ba4f51d977edb4d131e090c04e067a40b03d7bd01436,d224c7fb582da1f245178d0b84693c19b72d0651b33f972ed331e0e4e1fc5cf1,exhaustive
5817,descended,4837,4837,9643,93328,4837,0,True,True,True,34902,36878,36878,34901,34902,51c2742a003e669fc841b582b689ec21d7777a55a74d6263ded348fe5799947d,84578eb10bb25874da17abb0eda3f1f198158d276fe645e4ce640aeb5c556fc0,exhaustive
5819,descended,4417,4417,8984,93360,4417,0,True,True,True,34914,36891,36893,34907,34915,18960e4b067a402289ad5961816c5bbb18368bee30148535dc7aed163daf542c,06fbb5e3753c89cd918b4ff86aa13b2ca2dcf28860da3f636b561bc58edc12cf,exhaustive
5821,descended,4763,4763,9532,93392,4763,0,True,True,True,34926,36903,36903,34921,34920,b818a14b2e14e39d9235cc6710e7acd928ba0b5c1c4e4d71fb9317f55faeaae4,febffe25ec523da3cc757f11fb3a6d1edd0e861646de06af38bdc50b8f79cf67,exhaustive
5823,descended,4711,4711,9445,93424,4711,0,True,True,True,34938,36916,36916,34938,34934,878569bb5ff7abd7df64fcced8b7ad96f76d37608d16d4268624cac0ba0aaf9b,89494e2a0b3cef873880dd251d1b6507096fda7cfd9a0e8da7bb759be72e0266,exhaustive
5825,descended,4686,4686,9407,93456,4686,0,True,True,True,34950,36929,36929,34949,34942,0da3f5988c659ffcd6857d717a3cb9d76081dd0f088aef5ebaddc2c097a38b18,d1c67f266f928f7d000f0f345fabc7d1290ced4624dab0565d2bc74ae42d5a40,exhaustive
5827,descended,4626,4626,9312,93488,4626,0,True,True,True,34962,36941,36942,34961,34963,2e665cc8bd0ed0ea3b138ad7a6efe581c421b374a717e8f62324f377efbedbbd,776f5e275d639881542486d9796495facf1c3e9adaadb6279449ed9ca7369e99,exhaustive
5829,descended,4604,4604,9278,93520,4604,0,True,True,True,34974,36954,36954,34973,34977,18887c83d431a2fdff44e3463704054d989047de2c6d69470878d8819e8df304,d8e8c9837d9ec0307269e210bb5db2254de0f2b5b3d193cc0f00c1ee51712dae,exhaustive
5831,descended,4968,4968,9855,93552,4968,0,True,True,True,34986,36967,36968,34986,34984,90a2546bb77d07f98ee7df09cc044c4977a1d8fcd203f05b81398cc30e6d049a,ef1d166530603b224172a674ab931c9ae434571c1c0d19814f8338da66f77e28,exhaustive
5833,descended,4913,4913,9769,93584,4913,0,True,True,True,34998,36979,36979,34997,34998,a5badf0b4c4f8c52abea9649761df3f0d2d53d23b3c384dbe328f9a6e6d30917,f79670afa96855ada5786ad32fa956d7fb85b6a5cdcb70a1e8c2bbefeff2a731,exhaustive
5835,descended,4515,4515,9139,93616,4515,0,True,True,True,35010,36992,36993,35009,35017,f0c01bdbe73b7c6efa21c1b767003c9c43100c8607bf62a2b66f9545bc0e46ef,2829b3713cf775459238328140f26d2aa86112ab798615c2f2f28e1b9c7fe2e4,exhaustive
5837,descended,4882,4882,9724,93648,4882,0,True,True,True,35022,37005,37005,35019,35026,7bde270416b9b0403769ecc17f534b8213a11aad1533f1388b608ae089873d70,9b115b0547713a296eca52c0f61203e8b0c4e32db2608e7402ad4c10ccd4a690,exhaustive
5839,descended,5160,5160,10163,93680,5160,0,True,True,True,35034,37017,37020,35033,35034,34856e81e88dfc8b8c920939416de2d70b4224a70d76481ca588212968f88cea,e971296d3b90dd6c402ccac1d179586b8a8bf0a6172369216631991c9c91b75a,exhaustive
5841,descended,4774,4774,9551,93712,4774,0,True,True,True,35046,37030,37032,35046,35044,be64881964b475e16a317a226811b2e24c7987cc2a6353645328dd67a43f20e9,4ae5a2cee73d4c074df135c704b14738ef59adaee4e6b59bfbe1e647bae9d237,exhaustive
5843,descended,5065,5065,10014,93744,5065,0,True,True,True,35058,37043,37043,35057,35062,29198e7363953a9e85d92299db484ab254f8bb85f151f33e1dd948802e508ca1,22da6fca4835393c03b053dc0cedff8c566847892dcaaae5e4c8125ef205a55d,exhaustive
5845,descended,5050,5050,9990,93776,5050,0,True,True,True,35070,37056,37058,35070,35072,bde2f7f812e14b368e1520f23c83ab7c8af7617ae8adaea98527ca7645ba6b53,270ff04bbca2a1d7bb6edd48c55d6046db185e80f2c92fb52af2938a842a657c,exhaustive
5847,descended,5014,5014,9934,93808,5014,0,True,True,True,35082,37068,37069,35081,35083,1ad2bdfac9023589eb7f1e58430cae926088bc782657f6d9951d974741e083c0,8b988c7208ad4a21092b5597a8040b04eaf53d0ebe8a9b8051179777b943e5d5,exhaustive
5849,descended,4996,4996,9906,93840,4996,0,True,True,True,35094,37081,37081,35093,35097,4758ff5a523ce1972cd3d264f83f7288c5062252a7f8a53b8010c79edcc1d350,e784b4fe796d3c0992a0324dd6d0a29abe61fb7c3268b29e911912d676c23017,exhaustive
5851,descended,4626,4626,9325,93872,4626,0,True,True,True,35106,37094,37094,35101,35104,81145fc2ca42a54749f8b45b68d17aad4e9427e9e893eb39fb7a6cbc91d29d34,963f10b186170e8edc4ae65e2875d984c6cf6422b00e1896a917dc9b5821f3e2,exhaustive
5853,descended,4586,4586,9257,93904,4586,0,True,True,True,35118,37106,37106,35118,35120,5a84706c72a3961286f059d122961cbbb1508e32005b429512e7b8ba9622395f,5da88996de86c0924d402e7988ce83f00f73a32b6c8a151fab5e6100b4cc9aa9,exhaustive
5855,descended,4894,4894,9748,93936,4894,0,True,True,True,35130,37119,37122,35128,35129,accde3f069ce4cf229a9de79e523e7ca207dad3553a10f6c2662215edb4f78af,8ec3fef2a1e51bd2f3a6e21339b7302bc5387ff981894f5f18df385e97d61bd6,exhaustive
5857,descended,4853,4853,9682,93968,4853,0,True,True,True,35142,37132,37132,35141,35143,d2d64eeb56a8319e89c365d1dd31acd3e65ae56639e8f4c7aa6e612f388be72f,f1e2a60c1204be934c9142cd97abbd19222a9d02dc2a88a7418b4326293aebd4,exhaustive
5859,descended,4800,4800,9599,94000,4800,0,True,True,True,35154,37144,37144,35153,35155,9fa6925e5054bf404e6739b73eb770e1c5170154d0fce8a2b48050ed9606bd60,4b117d4e93e78f5c7ba26b7129025d4ea94bddd78615329f8f0776abd44cb2f9,exhaustive
5861,descended,4779,4779,9567,94032,4779,0,True,True,True,35166,37157,37157,35164,35168,8ad07766c45b7cd827466e6e558232508df8248957eecebfb79c69c6e9381956,52aae218f961665a62195f54203d0fbd4cda3480b0cabf1d1fd0f3bfaae75cca,exhaustive
5863,descended,4957,4957,9850,94064,4957,0,True,True,True,35178,37170,37170,35176,35176,f85e73db0ae7453d3f90e06f60d7904b4af2635c005e9908de7b974789a180e9,97076a44c06f22062ef2b076df656c23fe7ce5365cece8c89974e4fadecd5dae,exhaustive
5865,descended,4921,4921,9792,94096,4921,0,True,True,True,35190,37182,37182,35190,35188,f14c05b8eaad03905a27d315042a530b3f88fade35a2c09486ea2948fa1655d2,4fce23861c45c5009bb8ba2879b97c170fb672bb42484322213a0e47972852cc,exhaustive
5867,descended,4866,4866,9707,94128,4866,0,True,True,True,35202,37195,37198,35200,35202,172bac327857d74f04f6d881425af3ca676fdc4ad125023517454ee6943f5748,e5d495252e0f358e23b26738633989c70e3664ad8a9ac87d33541d4a32162813,exhaustive
5869,descended,4831,4831,9651,94160,4831,0,True,True,True,35214,37208,37208,35214,35214,22bdf24a8ce32e68aa355938063fc1ad04c420d1a3d4c218e8c5a5a94858d049,9505543d2749da7b99e681e8298991daf6342486f1c4f0ae0f0e80ef9af7d1a1,exhaustive
5871,descended,5007,5007,9931,94192,5007,0,True,True,True,35226,37220,37221,35225,35225,42bf03f96415692847adba01fd29a603960bd50a1448357b1939f7c67db6984c,bff6c5cefbe95046fb9129f36447763b6b50342d4bd51e1339c2fe16e953104d,exhaustive
5873,descended,4981,4981,9891,94224,4981,0,True,True,True,35238,37233,37233,35237,35233,0d04fa31f023efe4c1580250213b86fce667f8aafd358a6c57d914b9d4711e27,e037187de074dd9513a577769e8bbbb9160e98ddcc5bc378ccc9d023c6217a90,exhaustive
5875,descended,4913,4913,9786,94256,4913,0,True,True,True,35250,37246,37246,35247,35246,e0ac807f454078f1654dddc0361a63932e4d2505a730b9004ec469620eb32bf5,047e61774c0473bc5284873e1b99c924951d9c799506b9d223b7fcba2605def6,exhaustive
5877,descended,4883,4883,9736,94288,4883,0,True,True,True,35262,37258,37258,35262,35258,721750dcb33ac4d598d261be6e922657ce20e11f3de69b484eb0f499fbc9fa03,8b6bf6219e7e8ca9362c4ded63ea1065b320469c9ce70eea6d0e4bbadac3a88c,exhaustive
5879,descended,4837,4837,9665,94320,4837,0,True,True,True,35274,37271,37271,35273,35274,c532490db7296f25e07a5d2c502b35c1b9ff71249fb73093979358ea2911dd3c,9f3076a0d8b8a9c9d9c96645f3cfccec45b9c8de8ed71287adab838840068d69,exhaustive
5881,descended,4787,4787,9586,94352,4787,0,True,True,True,35286,37284,37285,35285,35284,8213217681aaa4827d3c8dbed16e0fa9dc2b0ee1655249308c3fe1fd01b06808,6cd8a53af8cdb59f23c7503927e7d4bba39a830565e93ee73446c6f43bb32b8f,exhaustive
5883,descended,4765,4765,9552,94384,4765,0,True,True,True,35298,37296,37297,35297,35294,b29c32b09055662ae7d8f432c9d099e6c79eac6d6284bc418b03520a1ed572e7,b87ca008fd0e8d487ab72a153d7ad01384395462ad73254be21dac7312b5ac4c,exhaustive
5885,descended,4735,4735,9504,94416,4735,0,True,True,True,35310,37309,37310,35310,35306,8eb30e550d4166c2f4dfe3e8989417d2c48761f5137a1db1240d6969adf5bbe7,37bf07989e69e04421226e667ee597ca2956f415699d74feca5b4ad20a80adb4,exhaustive
5887,descended,4685,4685,9426,94448,4685,0,True,True,True,35322,37322,37322,35321,35322,bd1b7bf822359084aad129b8879995285fec78563b9937a66edbcb4f1ed027d8,960da63308d2238ee698baf654061d50e03a8138e5b0af698470ece35faa1960,exhaustive
5889,descended,4672,4672,9410,94480,4672,0,True,True,True,35334,37334,37334,35329,35333,b7d8224b030c4712506df50ea2c86bec7e1b6d777a8fe15eefac87530d89c718,a305ae9accbfabb25b9636a1ff47ff3a34b4e5c2c5c6af1331d66202c6072e2b,exhaustive
5891,descended,4620,4620,9326,94512,4620,0,True,True,True,35346,37347,37348,35344,35346,d679b06dced6ac913cf5017e1b8b5b9da829b706de7212fadd7e083d352aa31c,b7cdf04cd7fe4745faee1f0db4beabb98b66b16cdd33beca4318133a2c082cbd,exhaustive
5893,descended,4564,4564,9236,94544,4564,0,True,True,True,35358,37360,37360,35358,35358,f58a2ada0b3475b143a2d668a576dfc41af5ae04ca7c40fadd16c97b093a2c71,ffd2e8a83d545977f2a5e78c6e7f30e3dae48ddd1203228b0da4ea3e9aa18fb2,exhaustive
5895,descended,4532,4532,9186,94576,4532,0,True,True,True,35370,37373,37373,35370,35373,df0c0a6bcecc43ea3a0b67e12148218b9879d7f27b8bd6d9a4a8099258da788c,e9783b91cc71f27cc9cbe7ea3f8f7e1d7a5453c37d3b556f7f7128eeecc55e7f,exhaustive
5897,descended,4512,4512,9156,94608,4512,0,True,True,True,35382,37385,37385,35381,35385,ea06316c78cc52d58e9e72fdea10601bc5d63baa406ddbf7d4a80935ef794783,c91ad7ec0e484388238722b8fc7652b9e9a8f7348b2703e1ee1aef07aebf042b,exhaustive
5899,descended,4484,4484,9111,94640,4484,0,True,True,True,35394,37398,37399,35394,35396,012563365f45a673d06adad4217252bb0e81aef7a95605703ef7d754838dd247,8a769bee0f6ae1598927ee84040781065c2f9df8c7c835fb182d20907e16bf1a,exhaustive
5901,descended,4460,4460,9074,94672,4460,0,True,True,True,35406,37411,37411,35405,35408,c42cad9a81a2cb87ead757a45d9d533e79c20ff839ef686034d50be536405fc9,602e4d644f3f120269e74a21d632fd985653b3b06fc07c519432956d4e00b3a7,exhaustive
5903,descended,4820,4820,9645,94704,4820,0,True,True,True,35418,37423,37426,35418,35414,ca4a9a158bd9705f7483708b9a20c34d3e7040ef7ab284569440baafd8d30b04,447928c1f04a15eb38b08ad02fede1ff162dba326b0c629495b998537da340c7,exhaustive
5905,descended,4891,4891,9760,94736,4891,0,True,True,True,35430,37436,37439,35428,35428,8dcdc14be593f7ae806944693d2210435672f064a2d914fb34f967dd6886a855,f7fa3f7a549a9e4c98efde9989bf1e194ac69a46ad92403389fe4f518c11589a,exhaustive
5907,descended,4691,4691,9443,94768,4691,0,True,True,True,35442,37449,37449,35441,35442,731e498d4d8c7b3f56d28731e9c05f41283f372857aae9e0a1938c6b1c4aece1,0d323bb4d2b71f9703bb530ba915e73c6d89f00b07e82daab9bfbc183e9727d6,exhaustive
5909,descended,4820,4820,9648,94800,4820,0,True,True,True,35454,37461,37461,35453,35456,54f1ccdb4fb5735fecfb05c32e05be5db46b9de63059f922bbd1ca093244107e,bd7652620de35f501ead6f259505580016050c3f3b7523730f8ab83cb63fdcff,exhaustive
5911,descended,4794,4794,9607,94832,4794,0,True,True,True,35466,37474,37474,35465,35467,1303fe7fa4697cdbfe195c074252ac4c11d8ef86679e7556fa211f994d5b2d84,b0305495dd4deb0cdb8de2d657d8559b4c3392e3b0f50974b6f4790874c9e752,exhaustive
5913,descended,4766,4766,9563,94864,4766,0,True,True,True,35478,37487,37487,35478,35473,171ac37f7ee8529a01f759125ddf91094e513cec4c29579bde26216fb4b26201,fbab682ee69e053057c683f75c70c7d44c9fc0fb21b3f14185203e74151bd916,exhaustive
5915,descended,4746,4746,9533,94896,4746,0,True,True,True,35490,37499,37500,35489,35488,a8ab415327c38edf8f80a677029a3c0e3a68c6e7c3bd58e77c877142d42e77a5,7457abc889f6b9b7c00ddab3da17162648a928b7c3945e511904208daed85ab3,exhaustive
5917,descended,4717,4717,9487,94928,4717,0,True,True,True,35502,37512,37512,35501,35504,0796bb5f9921123077c43fb6147aad9d1c83470b12fc8e6f8d1160f3fa322ba9,c64a8f4d5cdc5e083b093c1469f6d1506b03029301c9128c6f32c2d10ff509ef,exhaustive
5919,descended,4689,4689,9443,94960,4689,0,True,True,True,35514,37525,37525,35514,35509,4c9e5b44b46788f3c7664d19f2f6dfc1404d9fda498d3b368e4d41be262111b6,318c785703f7c25807ce12a2fc0f843b05534f07119fa1bd2b21d2b0c20cb7da,exhaustive
5921,descended,4719,4719,9497,94992,4719,0,True,True,True,35526,37537,37537,35520,35526,ea845302bd8571e8eec659e6f9c243107eeb9245fa049dcffa10884f19540188,5dfc383ed273fefe6416efa152824341df84e87ebe6cc97438c2dba0b428ad04,exhaustive
5923,descended,4690,4690,9446,95024,4690,0,True,True,True,35538,37550,37550,35537,35539,444e126a0c4f164aab90fb03d573123c0d265e4b3b6917d8ca19cd080a649ad3,b55950964dd7cd3070e6abf726a307272b73530629fc5aaa9272c17050eaf50f,exhaustive
5925,descended,5347,5347,10488,95056,5347,0,True,True,True,35550,37563,37563,35549,35550,163c0e8eb2343aa5c11a36c319c869c3263c9914a9180f0c767af0c6d686e9c2,62cf034b56b73686baf6113ff63956b129fa3ee17af5cf29ec94a7243799ca24,exhaustive
5927,descended,4628,4628,9352,95088,4628,0,True,True,True,35562,37575,37575,35559,35558,ead6cc7eaa63bc69a7f0ede8f613740ab656807ac83e352342142208a0dad23f,360552bec2cd5818c7c75c1d7e2a7e3a51ffadf812c02a3ddbbc6baf2f3bc5b3,exhaustive
5929,descended,5484,5484,10710,95120,5484,0,True,True,True,35574,37588,37588,35570,35575,431ec894d4d64b439e47fd4532ca67470c6ad5f411ebf0bf1822de8d16ab9a10,38c62475af26ef47d11278648c57b2ac391068d2f78f5f8fc8e8f56448db3b1f,exhaustive
5931,descended,5458,5458,10666,95152,5458,0,True,True,True,35586,37601,37606,35585,35585,bb05e7c9e14a6a9573e8ab75c8b6f88cbba80e73a06968ed30c8fa5ce4fd4ff7,1559ec99da5966fd9ebfbb98d972184288b7929fea49c9b03e23713f0c385f16,exhaustive
5933,descended,5396,5396,10568,95184,5396,0,True,True,True,35598,37613,37613,35598,35599,f76e58951fa3b89ef14c32eb01c1685014bdd12068497ab7d0ce4ab0a323df07,d635826bc27ddb815574d32325ac030417c4f447faf714003f8d0a2c01c8c74a,exhaustive
5935,descended,5340,5340,10480,95216,5340,0,True,True,True,35610,37626,37628,35610,35611,96c7286272389a6f137fb87547171069638086a20fda9f07ad2fe27d279809c5,0d541bb8ae7569cf8364ba2c38bfdf49e96f9a781d40bc14c0304b70506e5d1b,exhaustive
5937,descended,5304,5304,10427,95248,5304,0,True,True,True,35622,37639,37639,35618,35624,1edb26442b76906bb17faad0801c0485a6b3f5a1e76dde88dd3e02fdd4567204,5741c21962b638edb72349f6c8b849bf8f5667dc679540a2f08005ad72d24ccb,exhaustive
5939,descended,5279,5279,10386,95280,5279,0,True,True,True,35634,37651,37653,35632,35631,64f040dff6e4e92dfce03b4441dcf4151f3d89999c26ab5a21d8fa1f735fcb33,046c0468e68ea27e6513cad7b12c8e0fc6a22394ae06d66172da516cbb6f757f,exhaustive
5941,descended,5255,5255,10352,95312,5255,0,True,True,True,35646,37664,37664,35641,35640,bb5b74106c1b23e9af466c161c8b43b13eb2822ecc549cc09132b7061ef5cdb3,015d31dab1dbbce9b321409de7af8f3af60d787fe545128b3f63a03ca7646c67,exhaustive
5943,descended,5221,5221,10294,95344,5221,0,True,True,True,35658,37677,37680,35658,35660,29f036eb674a4c4d4e358fa91d9743e5396ec174dddaf06277d2d1c438bf4774,65e6f61ecbcfb094556146517b0dc7ef836723a4df99761d88dae0b52122b40a,exhaustive
5945,descended,5167,5167,10211,95376,5167,0,True,True,True,35670,37689,37689,35668,35669,852a124b3f052a567e1edc064dd7da15760de7c86e0955f67f3d8bd208ffbcd6,15c7a5317c5c0b96fac80b134d19163c96507e83cab154438792be08d2d618fe,exhaustive
5947,descended,5142,5142,10174,95408,5142,0,True,True,True,35682,37702,37703,35678,35684,84c45b652e3c5bc21cf4e7252bd8e272921475287e4a40aa2ccf76bb4fc1c65e,e10aac15f96ba2669aba7c24bbd1c4a58e93b9e41400ab461061d57aef29ae19,exhaustive
5949,descended,5101,5101,10106,95440,5101,0,True,True,True,35694,37715,37715,35694,35694,797d381858f79b0422ce1114413c658c7438f25fdef203513dcc8d6a1bbc55db,3a8780ec0270c61019d4cd2a02dfb6285d515f63a92b38d2dc0322a2d7a88829,exhaustive
5951,descended,5077,5077,10072,95472,5077,0,True,True,True,35706,37728,37728,35702,35711,fc07455b216cd799bf8425f4c31e9d8b4a2827bb266d5b9964f652d5a54670d8,f7656d29f79a2997f86eae9a643b446c18de092d5540e65fcc17955eb751d06e,exhaustive
5953,descended,5056,5056,10036,95504,5056,0,True,True,True,35718,37740,37741,35718,35718,a2b5d32f99fe198a8377ba449ad2f5efe051892368024ee6f7b82b4c84ed236b,91185d61f2e4953ea3b7a5b5e4ebb82419c0be12aa474acb49a59a139f9bcebe,exhaustive
5955,descended,4998,4998,9945,95536,4998,0,True,True,True,35730,37753,37753,35730,35730,81c163b3f389ad99ee066f5a30df527e4de86ec9e4207f854efdc106c238d66f,d969a82efb846a2d27e6dc266fc336d7ed8e5492077de742c46c12460d05caf4,exhaustive
5957,descended,4966,4966,9895,95568,4966,0,True,True,True,35742,37766,37766,35741,35743,0bbc05f3c1b6f907efa32ad9b0691498f0c8e5532825c7072433ef8b6ce2854e,61e8ec29be2b662ad827322132e1273daeaf73b1ee75af55f394f6f926dc7bd6,exhaustive
5959,descended,4945,4945,9862,95600,4945,0,True,True,True,35754,37778,37778,35754,35751,0b60e42f9aa05d60198727dcc0afd169b7d27dd0cc87f0e12183b51561ac527b,0eb3436f02e27d4ff468710b655a40e464935e17d7035cef06dc40895887b98e,exhaustive
5961,descended,5444,5444,10655,95632,5444,0,True,True,True,35766,37791,37791,35764,35767,08cedc746320d4ef6e25665b101f10f99d1d2d7dfdfea30e877eb71c2ccad069,5b0bdd0916133ff423faf7503b596cdc133af8523b825e0408b9f613f50cf8ad,exhaustive
5963,descended,4894,4894,9786,95664,4894,0,True,True,True,35778,37804,37805,35774,35776,e644c8fdcf7010be591a25eb8773948d52bd3b3527bc01ed783961f68c59373b,d76bee8f6dd5a69f6bb27f9009922afe52880e94a08cf8a4b3103ae547bfa6cf,exhaustive
5965,descended,5407,5407,10597,95696,5407,0,True,True,True,35790,37816,37816,35789,35792,61d374e006507966506852c67870a97774b0a9c09a889478cebae72592442ba6,6d206e5248117487f4c51efd51f17a83957f41b16a568051c1f8b50e58661502,exhaustive
5967,descended,4762,4762,9576,95728,4762,0,True,True,True,35802,37829,37831,35801,35805,2da0dddf26ee4c3b3ee0e2e8a9a276fb73032988f2a68422be1d171ad0af0e65,2417dc5b4a3049dc198fe9fa7c43754d9e06f53a6457d2caa8e5391ddf9d666c,exhaustive
5969,descended,5342,5342,10495,95760,5342,0,True,True,True,35814,37842,37844,35814,35816,6da5a92d934cc38e86876352bfeccd2235649ee6ce950dac80bd9a2a6f9d469f,5bb51449be1c035e5637d8a1f1adb1239215780b8cea73ec517f3a4cebb3c47b,exhaustive
5971,descended,5300,5300,10430,95792,5300,0,True,True,True,35826,37854,37854,35825,35823,02c9772ac50d205498a432674170eae12dafb845c3650322c5b2613d775427d1,e02a204836b92a8496ba377158fa78ee3c14cd2132a5b00e128e04a956b205dc,exhaustive
5973,descended,5263,5263,10372,95824,5263,0,True,True,True,35838,37867,37867,35837,35839,cb78927e2999c9b9ae8877f12f77324c8e5f387f616620d637ab0e81f0652e56,d99b8ffa33d6005e66edddb55502b1b5142b23650b97f0cc5d70f4f0cdf55614,exhaustive
5975,descended,5227,5227,10315,95856,5227,0,True,True,True,35850,37880,37880,35849,35852,698f80010d78d6e144609c372534719e518d1fe47388c5eca795b48f184e52cc,accae3148b0b0005412f9a04a02b95abd6086371eca9f0bd310c86ac5d337e9a,exhaustive
5977,descended,4722,4722,9516,95888,4722,0,True,True,True,35862,37892,37892,35861,35857,a46d26c04c9b4f97c721c031fd334e0497accf33c2afff13d57cf00196cad607,73f5f5328ddc58a8ef6b65c853e76994c661e2e07d5f156db6c02c54d86c94c8,exhaustive
5979,descended,5131,5131,10167,95920,5131,0,True,True,True,35874,37905,37906,35870,35875,6ebb896053c0d4d18804e6cbfe3c01947ac637a29e2c7c9da2336add3881bbcb,ee0c371765d4c211cc826916065445c2b914eec0ea94af60395ff7bd91a63f4e,exhaustive
5981,descended,5079,5079,10082,95952,5079,0,True,True,True,35886,37918,37918,35886,35890,d72753075fc34475469d36b354cad3e766cefb5e4533e4a3bd1981c7ef7a6938,08c975bea736386f541f426c36f241a083c333b5fd240d1be0c54899e9a110a3,exhaustive
5983,descended,4624,4624,9363,95984,4624,0,True,True,True,35898,37930,37931,35896,35899,3cbc0e736efe148960273a06576e400d894b9bf2727177504eb823a534bd4690,bb1852a21667aaec4a9cadeea8bc65b763162eb0e86091145ac7ded905b7bea7,exhaustive
5985,descended,5015,5015,9982,96016,5015,0,True,True,True,35910,37943,37944,35910,35912,cc0f40550e557dba0a4e101ae6f944c9422741f5d47b40c83b1958080b77801b,096cf1c3664c69e3bbb782abe2c71a94546e89d5aa444728da9819fb6d33ec49,exhaustive
5987,descended,4986,4986,9939,96048,4986,0,True,True,True,35922,37956,37956,35919,35922,4592da7aa987f9de2e21660a137f0439d95f65295dfed3c9e0e2b9ea59ad23da,9fd113e734ea1e2e35a89314c717f6e03f173256e5233cab777348c9890176ec,exhaustive
5989,descended,4960,4960,9897,96080,4960,0,True,True,True,35934,37968,37968,35933,35932,ef599c3f1e7efb20eea475e0c2d644c35272d86c8922d7aeed4dd0c175368417,bc629a79cf6aaa9599594ccd634c08098605bae0cf52722db5e822b972630dcd,exhaustive
5991,descended,4939,4939,9864,96112,4939,0,True,True,True,35946,37981,37981,35945,35950,8b3aba68d1ced1934f723e33cf3c3e6563360de4674cbf33edd4e47f2ef9382d,5d10546a0c03be3c6c2baf948d4af7c82db6920dc25c2b12503b71b6df4285ba,exhaustive
5993,descended,4908,4908,9816,96144,4908,0,True,True,True,35958,37994,37994,35957,35957,d1ce1cac9416e26184600dab6a9cf03aaeec017796467646c2898fc0bbbb2676,fc7982708ae82bd3d90c499646a9990dbda4f408e06a6b2ca0f9919c46ca69eb,exhaustive
5995,descended,5154,5154,10206,96176,5154,0,True,True,True,35970,38006,38009,35969,35969,91d6a18ed6b3f5622fb86fb78628231f6d24b2bfe4355f4dc9ea9bd40a66e69e,92a931e19cefa81c1a938d37ed131ec4d496ee31b0e5882c3fd14e92f4ba87c9,exhaustive
5997,descended,5100,5100,10121,96208,5100,0,True,True,True,35982,38019,38019,35981,35980,89a2ffe9ee005def1d586157e6a328f4afbb4c8ce161c45d894b8f0b909d18eb,b09cedc96461a4866a16dafbe172aca8790887775a2ce17a31d8995852d308a7,exhaustive
5999,descended,4856,4856,9741,96240,4856,0,True,True,True,35994,38032,38033,35987,35997,82dbde73151b18b56e7b0a9b8fb07dfc8daedf1d7403333632467fe757112699,548f682d98232b98690170959d008222880e0726b9c4ca9d980224840c3e1129,exhaustive
6001,descended,5062,5062,10063,96272,5062,0,True,True,True,36006,38045,38045,36005,36006,b5a6e481afe816a9fc9dfcf665e8b0b96753866b5e0387b58df4ff72e4f86da4,2663d9f9ad545c481f00b8d898d989f638ce698227283e80760d3efdee3575e9,exhaustive
6003,descended,5027,5027,10008,96304,5027,0,True,True,True,36018,38057,38057,36017,36016,b1b02c7fda092543141ac55b48b8b4973d8514507b78b40616ada3f7337091b7,998f4bd089524653313c77628b7be0d121be0c6f3340498628bbca41a3daa380,exhaustive
6005,descended,4954,4954,9893,96336,4954,0,True,True,True,36030,38070,38070,36029,36028,3f88b7d426e4702706d17592138d1aa81e703c74141734c5bbfc1bc6195232f8,8525591d15720b9e96f075a11708877710dab860d7fd6b8cda3d5b9b9e799bca,exhaustive
6007,descended,4937,4937,9866,96368,4937,0,True,True,True,36042,38083,38083,36042,36036,dfc13f9a3baf0f811b72a9731467b3dda05e3caa235e82f028a784b465ba0497,4a116d1415f66a3ea569b966a4b1727cf76efb8c5f86e0b72361ff11aba8d463,exhaustive
6009,descended,4555,4555,9261,96400,4555,0,True,True,True,36054,38095,38095,36054,36051,e8979d5c0ebb8aa26879dd898535ddc04362e444c26754884a3da92bf3cae0ac,11069602b30dddf0eb91fe527af2b9b3350ae8827f20a2821ab007cab1843664,exhaustive
6011,descended,4966,4966,9913,96432,4966,0,True,True,True,36066,38108,38109,36066,36065,486d39e7679609bc745bd0d4c3d9f525a569285cebf6ce78c0f758482cee6a69,1ad8adeb970c01dde15d77a5e72341730aff2cb3a985484b5253851b6a11c40f,exhaustive
6013,descended,4939,4939,9877,96464,4939,0,True,True,True,36078,38121,38122,36072,36075,349c39df226292f1c9119a3860a30545db17fd06770f793859bd5f12313cdf8b,f56f660a8a78014a3270050e2bc9dc93a3c5bfdfb306708dffe2b5059bf80adc,exhaustive
6015,descended,4840,4840,9715,96496,4840,0,True,True,True,36090,38133,38133,36090,36087,e6eeb8ff3521415315cae04cbd2ecf37a2fd9280183e96db17542d14e4b8afcc,7e1df5eb921e5b7b0a428b0f1d2e22727c9090738c34e5cf3e3cb1a53aa2d851,exhaustive
6017,descended,4790,4790,9637,96528,4790,0,True,True,True,36102,38146,38146,36101,36100,de4a377b52d169b9439e8df128dfa2170a87fd416c1d463acf7a6ea901919cf5,6e6907ac5c03b463026f99bf9dd94734094fbad6bdcfff0f0c4781429a759f00,exhaustive
6019,descended,4769,4769,9607,96560,4769,0,True,True,True,36114,38159,38163,36110,36116,8163c8ff3622d80e6211fb5d3333f5cfc17af123ed61bcc94809b559fec57caa,3b6725490c638609e3e592fe3bb45ff9731b8ff632286079beffc776a62a3854,exhaustive
6021,descended,4741,4741,9560,96592,4741,0,True,True,True,36126,38171,38171,36126,36129,57edf9e6f578a802f6ea94f6751829122daf2383f47f8bfad6d9de5257dd07db,470928aef6331e6614a184253e2a52ba5c766e8d9bbc52adb4196c23c7489051,exhaustive
6023,descended,4709,4709,9510,96624,4709,0,True,True,True,36138,38184,38184,36138,36137,7c50ef5c704958f0c26ec54a31ead6ba11c5b448ff1c6b19186ad9387beaa4d1,c4cc1f6566a9ed9d883527c994e1f5c0f1e9698e5e146cca5b5287c85fa774b8,exhaustive
6025,descended,4689,4689,9480,96656,4689,0,True,True,True,36150,38197,38197,36149,36150,41c6d2af1810bd204b584864f4dd627ce5c43fd46ec2d63b59bd7cd203b0cf63,f9b6a067e3d8a6dc729da110cdeb594b107b3e9fb33fb14b96ffd2d62a378d8c,exhaustive
6027,descended,5302,5302,10451,96688,5302,0,True,True,True,36162,38209,38212,36162,36160,afa23781c008375927d8df6806ebc86ea650c168d4aacb19303eab6ec5c5f17e,920753528a08ec0f4f4e1ced4a247c81ede3f1c2e197dba3254798606bf34498,exhaustive
6029,descended,5265,5265,10394,96720,5265,0,True,True,True,36174,38222,38222,36173,36171,be841aead37563eb71850b652e7255a06faf2307412c93369c1941a84b50f54d,dbcd85a96ab654e3ff91cf43382b2b321d54d637792b924947a0f2ad86bc7346,exhaustive
6031,descended,5209,5209,10307,96752,5209,0,True,True,True,36186,38235,38235,36184,36186,f1bf502c50ff47f730a4dfd51ece3b595a8be6292d92bf2fc752ddcf79fb6ea9,e28e109e1e1987c94c9cb851db290e9e1d4d53b82f04ed201ccf1141892940b6,exhaustive
6033,descended,5727,5727,11127,96784,5727,0,True,True,True,36198,38247,38249,36197,36197,f8610ce564b81d1a479e3ac250d812a936f27486d7811f3263fb4f37456f5cc4,97a94595fc23239fb7cc8ced417a94626fa74218fbdf9c546aff5cbbb51b54d6,exhaustive
6035,descended,5549,5549,10850,96816,5549,0,True,True,True,36210,38260,38261,36205,36211,1b69e1076af895ebc49422080a8b89e6245755c78f6721fb3213a1f08c631527,e5ade4ada88d4a806a14fa358ece59b11ce9d50f7cda2dce96559c97aa637ff6,exhaustive
6037,descended,5538,5538,10829,96848,5538,0,True,True,True,36222,38273,38273,36221,36226,996e8950f4377f8be07219cbed6469d08baea4625bfb613f9dc346959988cd1a,7e51882878cd89cd6fd09ef8fe218276c466ce1a47506eedd4080f6d49fa3c1e,exhaustive
6039,descended,5522,5522,10806,96880,5522,0,True,True,True,36234,38285,38285,36232,36234,dd3eaddf854a4fc0f4497565c0d14b1282a709c7dd8efee7339415c9692d441b,7340ca14a893812d5be3e82d586cc06a1c551e624a07140d3f55f98a43418a0a,exhaustive
6041,descended,5487,5487,10750,96912,5487,0,True,True,True,36246,38298,38299,36245,36246,581af609cb2fde8ef6fffb33706b3422d2cc0b77df2ff1d1d7e172df6a55980e,c99ac901b595852e687269ecd08bdcc5aa9e95fdae4083b49260c8e108f85119,exhaustive
6043,descended,4941,4941,9889,96944,4941,0,True,True,True,36258,38311,38313,36253,36255,cc3f8e330b8d19a496c3ac84eda6231f74f40681ceb81756aad7ec85b0b27ef9,329a1f93a60ebd079c07986827ddbb57ec2214ad49c8a68e7c34d1794ff25617,exhaustive
6045,descended,4875,4875,9781,96976,4875,0,True,True,True,36270,38323,38325,36269,36269,1d5eb5e87ac2c6a48987aef9b7e7235d6a8f6a00bcf5f9713622d290d3b73a90,68388756c08348f6cede237ab36106e7872b27fd11ebe0dde2df6ac0d77be623,exhaustive
6047,descended,4853,4853,9750,97008,4853,0,True,True,True,36282,38336,38336,36278,36285,446eea811910264a43c1057c5dd566255e248f9eb319a05da19336cfa618582a,299e4d89e2faa8a36041a050a63de308b233c5adb3aec2456b77d187a7a38fab,exhaustive
6049,descended,4835,4835,9721,97040,4835,0,True,True,True,36294,38349,38349,36291,36295,d33726be4d0963d867451a6823d077930c4c8f887613eebc216335f29204b7b3,fadf59da131ac35125244cfa494ea32828811e4d021d706a7032584cfcc3cf80,exhaustive
6051,descended,4805,4805,9672,97072,4805,0,True,True,True,36306,38362,38363,36305,36304,f6de570ac50bcafcfa594cf2bd7538dadf213bd2108f7c1d625c87cb30321944,6fd1d34162248ba02bc429ec192371bb41a689a2fd4a5fb22e2f7c27c9090e13,exhaustive
6053,descended,5206,5206,10308,97104,5206,0,True,True,True,36318,38374,38374,36318,36320,cdd331385d7be41a64160a6688aebc2ecbcd243c192cdd9853494a4f925f6e31,9273c366b1ce08dd925e04c9bed1113f760663d2548c3fe232a4829020efbe2c,exhaustive
6055,descended,5167,5167,10247,97136,5167,0,True,True,True,36330,38387,38387,36329,36331,2d4023a8345865cbde3f9f52b51edcfb376b0795eb0672276ef926a02776f397,7a8d17f81e3d754394e06eefb8e659aaffc53b225ba97809d1bfc274227060d3,exhaustive
6057,descended,5147,5147,10216,97168,5147,0,True,True,True,36342,38400,38400,36341,36340,f6b8eb454d40930b1d40b2da0a494d13404803f8522a8ae12417031f0364f6db,563009c3717d14c24bca8d76cb44c3b558eceb940c309f45d9ac669efb72b319,exhaustive
6059,descended,5066,5066,10088,97200,5066,0,True,True,True,36354,38412,38415,36354,36355,73bb3def8d5a1df1a248c8b17bcdcac3bd3cec84f15d27a05daec3f0de28c51a,6758583407e6f66c48a06582409541c1f758c3499ad8e441778346d5eeae82be,exhaustive
6061,descended,5022,5022,10019,97232,5022,0,True,True,True,36366,38425,38427,36366,36367,5da5f9cc0cf47c8b781f5dd1f7af57a83e59823fe85d796f5714628e4ca31a2e,fc686012c602d49774c56892c2098d9cb5f15d57504517c3682430dad84061bb,exhaustive
6063,descended,4790,4790,9655,97264,4790,0,True,True,True,36378,38438,38443,36375,36380,4d7e6841945dd478cbd8ce2746cf55604818c687fda057bbce4fc19e6389cf0d,14b6fe2e7007b6e99d97b8ae31f95392bfdc81e1e0b625acf153bd0efe3cc843,exhaustive
6065,descended,4754,4754,9596,97296,4754,0,True,True,True,36390,38450,38451,36389,36392,e0a644e2d56773b9558c04ed39de08574c1c2b7883fedad4262e19db00dba568,18916b465ace697f12bb893f6fbb462e222e91f89d0383bf77a7d32f484ce6e9,exhaustive
6067,descended,4896,4896,9827,97328,4896,0,True,True,True,36402,38463,38463,36396,36402,ed837638e55f7b0be0ebcd0b58ddda9ca8b0ad811ef6e2c6cc72139c3ce1a94e,862577a7e403776bb7dfe85a37d128d89d1a3a153ded9f4b60009672176bbd98,exhaustive
6069,descended,4861,4861,9767,97360,4861,0,True,True,True,36414,38476,38476,36413,36415,5065be387c14939517162191d9208a7fe2a6b8159be941420247dc6e7b21d449,51dbecdb6c635aee6924cd2b25d0d877766e930c380043cc6a73b5816e5525e7,exhaustive
6071,descended,4823,4823,9707,97392,4823,0,True,True,True,36426,38488,38488,36426,36426,4bb4f11dd54e82a09c190b971264da2f9d1c3e178de53817f6465cc4ed57168a,6c3f3fece07003ad5e0aaaf5093bae6b0a9643d2a540b24bf9c1bc78f7a9f0bc,exhaustive
6073,descended,4769,4769,9622,97424,4769,0,True,True,True,36438,38501,38501,36438,36439,5be789955a0a4a94bd85cb2fb9c36ec41b3cba8d47c49cb4c686ab5c5ac96407,61336ccc91df6de26b0090e6f97a262b3d83f2725e0127218b97cd403cba51f0,exhaustive
6075,descended,5147,5147,10223,97456,5147,0,True,True,True,36450,38514,38516,36448,36453,c075fc48d76f355631826dfc2512d5c75c255aa1304be6365fed16d783366377,6dc5a98f7c771d130b7bf460e0d5e55ed2d79dab0f998947e15c1af66e667f13,exhaustive
6077,descended,5105,5105,10157,97488,5105,0,True,True,True,36462,38526,38526,36461,36458,ca42d4011ae41dba63bcf4dc5bd1430c6c792c9f9a0202e474353076978194c5,33e5d7fd749508ad8c9f2c2443f44fa6d18a1a0998a204bf5a64483e3f40d9cc,exhaustive
6079,descended,5217,5217,10334,97520,5217,0,True,True,True,36474,38539,38539,36474,36474,2992cbb83ed725b3d527551180c02b79da39806b20210d2e29c5c2fd511c6ad6,6be547258cf5ef3db4e110186a329550f058750159c1e34d3ec1731cb46e0ea3,exhaustive
6081,descended,5024,5024,10031,97552,5024,0,True,True,True,36486,38552,38552,36484,36489,385a15e4d1c0c89f9e5fc0eb16607f986fd144e6cf8981067cc0868a7094b21e,00ced45daf74cd88606b9ff01837b76cf24167a1ca364d024c435ed3215c4f9a,exhaustive
6083,descended,5148,5148,10227,97584,5148,0,True,True,True,36498,38564,38565,36497,36494,e03f36881d1246a113966b0792ebaf7b8a99f4ef70bc8d4dba74c034e7fe50e3,084fd2c1cc1ba80368b3ea5b467830e467afb5f12f1c1955a95b534aa4457dd2,exhaustive
6085,descended,4964,4964,9935,97616,4964,0,True,True,True,36510,38577,38577,36510,36516,c9fd5d04a6a184d26a334eef22a492135f03ddee13568c585260e601de5f2b53,b0d4a3945af0ff89e90c3fcc2c8b9aeabf9e25b22e8b887914fc427c23d7db5d,exhaustive
6087,descended,5070,5070,10105,97648,5070,0,True,True,True,36522,38590,38590,36521,36515,31f739c133c72da97b88a1651dbd1d02fccc14ed1154efdde805e9d1c9c057b7,74d14ae9af07a282b57568cec640ffbd8cbb332d5530cfafc58ce04be985b09d,exhaustive
6089,descended,5046,5046,10067,97680,5046,0,True,True,True,36534,38602,38603,36533,36533,8a3b268fc5f056ff9c589516b1e9fbd18b2254ed60a4d4bac6cfa8476314fe18,c67e3535407362b441090290c72dd179650e9dcbb114c794c55ae4d74a5460dc,exhaustive
6091,descended,5002,5002,10002,97712,5002,0,True,True,True,36546,38615,38616,36541,36547,8f4d780cf3c9937801db2ead3837cf25ac1db00e94e16cb1a2ea9657e0bc5e4a,8ea9c27cbe038d3d0f1e5798d99044ab08c3a98b2eddb8abe4126c24c2c89dc4,exhaustive
6093,descended,5108,5108,10168,97744,5108,0,True,True,True,36558,38628,38628,36556,36560,080d66a024530489851a4a2bf2a8e461ecd0b6174f0cebe69d4d73b7fbde7e74,0dbf3b5a36261a07301bb5cca7d19e8175d152173f181721ef0cc8abe099e42a,exhaustive
6095,descended,4911,4911,9858,97776,4911,0,True,True,True,36570,38640,38641,36566,36568,f89c705200664df972dfcd22064bbacfe1b3459899780d2e1948609abf8389a1,03c5a7ee21c0cf4db7ddd14a0a24d5bfbef157507c157b7518e7ce2f725976eb,exhaustive
6097,descended,4885,4885,9816,97808,4885,0,True,True,True,36582,38653,38653,36580,36582,66565f60a550206e13a21db8aea66ac9cfb39b7195f84bb94329a089d5f39a77,045a24cf63665cc306cf481448c462aded93e9354af5b308a5fb1a74792e234f,exhaustive
6099,descended,4861,4861,9781,97840,4861,0,True,True,True,36594,38666,38666,36589,36597,b9b16a255a5db6b2fea4adb2cc223ddfce39bc1a7a2d55165ae5b1d0dfc973f4,4fe7474dfa0fa779532cfedc2434d1e9768643efc67162036efeb2317f82fdaf,exhaustive
6101,descended,4940,4940,9906,97872,4940,0,True,True,True,36606,38679,38679,36602,36605,5cb08e3654e67cc3a81b48b1bdc8e1393315dfb637a84107d216eb5c5ec4fef4,dbf8eacff837eaf14323973bad498c506f9bce7f9938dad5faff1de6598e992c,exhaustive
6103,descended,4919,4919,9871,97904,4919,0,True,True,True,36618,38691,38691,36617,36618,562548ee53a18a835564cd5dd0f7ca5e612806daddd3e4145f7d35bf80507796,32a25992154aeb2293fa143575781159461c7367c5c094dbbb250513b27a8821,exhaustive
6105,descended,4903,4903,9847,97936,4903,0,True,True,True,36630,38704,38705,36628,36628,65dc60a4e257ff3a1c1a108a40f59657b0cb469f8be737ae5cd6df8472c75143,12efb25d7f22c7b007376d819a6d8e00e334fe42fe365ac9918f0b7478f306ce,exhaustive
6107,descended,4861,4861,9781,97968,4861,0,True,True,True,36642,38717,38721,36640,36647,adc81ff6d9e298579e9e2c05b3248669240eb31947556b1e501f666ae6307cc7,e5d7539a16ed9a8443204a7993142b2b7631afb51e3ecc6c37eae6a196b2d5f0,exhaustive
6109,descended,5076,5076,10123,98000,5076,0,True,True,True,36654,38729,38732,36651,36655,f94eee98e31780c33d63fb34c92e993959e26565745392667d2cde4907e7a3ee,4817870fb4c6023575f5a4a645cefe67db481721805fa98b629283970b597b61,exhaustive
6111,descended,4812,4812,9703,98032,4812,0,True,True,True,36666,38742,38742,36666,36667,d2a2aafcffd22a2c0f4b453c60b58adf372c583ea60973f7885b5c6ff50c8fdc,d89dcb5ba0501c40e569712a74ffe6d2266d5c19b872183b09000ee3e6b32402,exhaustive
6113,descended,4772,4772,9641,98064,4772,0,True,True,True,36678,38755,38755,36677,36676,928be2924d06def4cda6314b2dc5c728a0862c6a335067706cee3dbfe9bf6ef3,7cd69c802897e0f64193989f48fe2900e2a2c10684d282113a71559398383490,exhaustive
6115,descended,4743,4743,9595,98096,4743,0,True,True,True,36690,38767,38767,36690,36690,3d93db916cc14339550f74febee16be5df50cbd6208cf7132b70685c627d83a1,bfed254bf3f174e44cd49d3649721d676b6a20356b802234ec5bff645e96cfec,exhaustive
6117,descended,4707,4707,9539,98128,4707,0,True,True,True,36702,38780,38780,36701,36713,1ddede18c117a681f330a9ab78b92f628494ad38fce53c175d761dac2be7b587,b63c3004569f4a91b50aed163f2321c79435c61317b8a8757ed861a2f5c53852,exhaustive
6119,descended,5056,5056,10094,98160,5056,0,True,True,True,36714,38793,38793,36712,36718,5951efdc49cab7bcae8fda42876b3b9fed20342de2a873026a8ed76f96f41400,3b6523b5b9fe7fd8f14d3ac18f258418234f5e0234a7dc7a44ebfb82d238db64,exhaustive
6121,descended,5017,5017,10035,98192,5017,0,True,True,True,36726,38805,38806,36722,36726,545102a3201e3078f9a7aa5b05b03328e84ad1a35b401a64dd8e25803ec88722,1a16111deca525751961dde643acf08b4347e9945aa1b9b45801ef51c51e1c8c,exhaustive
6123,descended,4894,4894,9839,98224,4894,0,True,True,True,36738,38818,38820,36736,36738,5a6f744a9cef844660bee29571a2f92a6f3ae33fe55e29b3e3ffb6d9258b708b,d980ce2182782702458e4ac674d5c03a475a0f65b014c0b7f1b390e762afa63e,exhaustive
6125,descended,5048,5048,10082,98256,5048,0,True,True,True,36750,38831,38831,36750,36745,bef797c98882cf8dfe6946106e39a0ffa2d8e9d01e8ed509e91932331bdcc957,36d768b8fdc744b6531489d076636c6e4caef63b6beaeb132cd8eef959f2ddeb,exhaustive
6127,descended,4843,4843,9759,98288,4843,0,True,True,True,36762,38843,38850,36760,36761,4034406c5d44c1c1c37a700ff421733d2b34e097efa50e93436cd632cb97051a,943df0119f4fcd063457c2c246ba3662657f074dd0bcc0517fc32b5c63e71613,exhaustive
6129,descended,4969,4969,9960,98320,4969,0,True,True,True,36774,38856,38856,36772,36769,4a31d92e6d6b6d3e4c7991f37e5669dcd2e0f8babbeeee4164b8c9c3e137c149,ebe16a5133c60bc28fc0977fec6fc1812d75800e317866e1b0bc64626d13ca29,exhaustive
6131,descended,4942,4942,9916,98352,4942,0,True,True,True,36786,38869,38869,36786,36782,26c33cd3dcc19053ef0d6c7c5c70a2a3675f0ffbec486f69949953c20df898da,49e3a32b6e110512c0d751fde3a72e7be864263805cd6a4af6b19b27878caed9,exhaustive
6133,descended,4746,4746,9606,98384,4746,0,True,True,True,36798,38881,38881,36798,36801,07971a1e0e63498bbf00252b2b5ff84491eb3f2721a319e588723dccb5aa4839,3fedca6e49ef3b439f13115dd739a22d8b65165ae780ebfc2c01d38d8d5f2d12,exhaustive
6135,descended,4707,4707,9546,98416,4707,0,True,True,True,36810,38894,38894,36808,36810,4dbe825bc46360dd18926c4fe854f6bde026e6a04e8489ddce9ad68aabddd95f,86bee2c499da59ee6f904d241ea526f2bf135de4026090436e35c5b23a3ba5d9,exhaustive
6137,descended,4630,4630,9425,98448,4630,0,True,True,True,36822,38907,38907,36820,36821,e91608a28da400313c3fb19bee72a5fccb0a2c010fc55d9a1ea35c6720eb11f3,764540f7904ce831d548b7fbbc91372369f8013f1244475fee03aaef136fa69d,exhaustive
6139,descended,4756,4756,9624,98480,4756,0,True,True,True,36834,38919,38920,36834,36826,fb427e1f85e8aa21a7c2c9fca88518a66cbe15fe408d159f13b776d7b4c90e1d,eef0db78c1ac146a37eeaf3052cfbb26dc68785cd28435fabc6d80584c749d3f,exhaustive
6141,descended,4688,4688,9518,98512,4688,0,True,True,True,36846,38932,38932,36844,36845,941fc26e8da8bd003a9e9e4bcd9f984cd7be763ef288999ffeef40d4b4cc8da8,17d10c3c3de34b7d608df30e662b5be28bdcc4d7214f6a3703cc7e6b010ee6bb,exhaustive
6143,descended,4663,4663,9478,98544,4663,0,True,True,True,36858,38945,38945,36857,36859,54f4a3ac965d3c135c5aec8c328a107a11815e9d10be20e74fc554217866823a,4ba9fb8be48f9f38bc295ecb96b9fc75577086ba83bbab0d8253f97a29b8a388,exhaustive
6145,descended,4605,4605,9387,98576,4605,0,True,True,True,36870,38957,38957,36869,36869,86cc5f23045726b09d1ad7f62ef52ca81908fb6d94fe0bcad3044274614e7ad0,8c43dd28924376983d63775593b92e0d6b7ebf74fb09ecf36881dce45f233a03,exhaustive
6147,descended,4919,4919,9885,98608,4919,0,True,True,True,36882,38970,38971,36882,36886,17de6a15456521ec3405faf8ae064140c0ac5284ab353170b94825188784ae91,4dcc0e3a033380528509544e61c93e968bb05b8d4b734e27401574b1acd19ee2,exhaustive
6149,descended,4882,4882,9829,98640,4882,0,True,True,True,36894,38983,38983,36892,36898,0f48adef06431a0a8a20bb66a6804b5a53dfeb40b0b05582bda9595fdf807c71,d0b34f3fce3c578f2ffecfe152d018a90806c6fe38ffc1f2151939a6ec12dcfa,exhaustive
6151,descended,4860,4860,9793,98672,4860,0,True,True,True,36906,38996,38996,36905,36907,8c0bde680dd33f8ae16554e6cfe2b1e0f096c3941db92388a89a24ebef63cf85,d434e24d702f9986cb3fcd7cfec720cd73f2fe93cb15835ce1c7ed2e71722f02,exhaustive
6153,descended,4841,4841,9764,98704,4841,0,True,True,True,36918,39008,39008,36917,36921,b736922fe6258c1c33d191e0365c8545acbf98ec152d43ba8683cf1e605e6726,09751bcfc69b0ceb967a9d8b277762c87509926cfb5244926425496614c0c303,exhaustive
6155,descended,4813,4813,9721,98736,4813,0,True,True,True,36930,39021,39022,36928,36929,7e1f90283b09d2399b658b57a2bd4e88cf6872ed0438c9aaad91326458a07ccc,18f8b25103a760a430e5966d516ade23ffde307e6616d691694c3eced6c289ad,exhaustive
6157,descended,4785,4785,9676,98768,4785,0,True,True,True,36942,39034,39034,36942,36942,60b31eec42224453943e6e245f3b8eeabb0b5b290f56969352d6a183e3f3fdf2,bb8f9335d235ff803ccc23e31cd0dcf3fc17be756d4796a50ca3508505d71f7f,exhaustive
6159,descended,4744,4744,9612,98800,4744,0,True,True,True,36954,39046,39046,36953,36956,94769700fff2698a107715450efd20ebf0d29e69f6bb61fc46cb99ec98ebe6e8,39ead88a81cfcd9513d87653d9f191ee136864106ad197c2e110e7e830d8abed,exhaustive
6161,descended,4718,4718,9573,98832,4718,0,True,True,True,36966,39059,39060,36964,36966,4b35dbe77d77e63ac015f2afed9c14ed611cea36f51eff0cd09dfa2397661754,fddb85a664929060a39497a3ce803e62635607277f2e528960a51425d6d18326,exhaustive
6163,descended,5435,5435,10709,98864,5435,0,True,True,True,36978,39072,39072,36977,36976,d9d991b025ff5d6f8a761eb0b3b06a0af81a97f264e359a90a73881512a63109,edfd07987a19e191356327989232a8eff9bb9d6512f08583b82e95b2a5ec87af,exhaustive
6165,descended,4662,4662,9485,98896,4662,0,True,True,True,36990,39084,39084,36988,36990,d5a19fbf113cca4e5719f092a06f60a559db601da2e247e4e8dae4c690e635df,76cab779e1c402b9e0212af535f463bbcd94ffb5cff3bb0da528aa91546dc853,exhaustive
6167,descended,5388,5388,10635,98928,5388,0,True,True,True,37002,39097,39098,37002,37002,4b5d3443a8c282f8e6c4b4635b4833374225c4a0ecb662b4188a425fc4cd2dfc,3291790e083a117aabfcae6f5aa00b4927b7b680a5dffa1fdb75726909bec073,exhaustive
6169,descended,5352,5352,10582,98960,5352,0,True,True,True,37014,39110,39110,37010,37014,0cedb2baabf5ba56d74e9f9c86c98884fed4f49416204010c1916c5b50e46f33,008859cc4555729f391244c2b5dd10ce2ad51adf5986a0a01dcb5db10d8f0fdf,exhaustive
6171,descended,5297,5297,10492,98992,5297,0,True,True,True,37026,39122,39123,37026,37027,d29a2a3cfda61f9791a95bfa38311d0fd15605adc4be9b7022921e4c01a4232d,8234b9d8c198043bc2a1592d5c856e2f2b287a8f7cc34cdbda41156d62401dae,exhaustive
6173,descended,5253,5253,10423,99024,5253,0,True,True,True,37038,39135,39135,37038,37040,6bab2d0d96eb8343e9ef8f75fe9fabf5e7e1b3bedc8f21e244b93adb79a22669,dfc6a1281f924cf875f689bdbdb2506e8505511acd9be663b7a733d4b710e424,exhaustive
6175,descended,5235,5235,10397,99056,5235,0,True,True,True,37050,39148,39148,37048,37053,3b2cb0d10f4a9c5af30f36f09b8941ac4023680ac0b302b0a96e5f73c28fb191,5c1f10bf5d02616bb7694a5cf61da5116d01dd9cf1b6287a7eb2a637f8cf1c0c,exhaustive
6177,descended,5160,5160,10277,99088,5160,0,True,True,True,37062,39160,39160,37062,37061,f8fb09ea19f657fdd8c5c6d39975cf1ba10d014cea87347cb08b9574f978f706,c5d8dd8b6cfbe9f1d1731781822a36f33140bb2b6170eca2462934c1c5f2f02b,exhaustive
6179,descended,5128,5128,10227,99120,5128,0,True,True,True,37074,39173,39173,37074,37071,d54ea98d4293397eaa834b2b12d26f4089129cb2c6c38722e443b6548edc8364,4445ab3a6859b1e3a6682d1a6827a7f068ec5a8fd1abdfd3f8b731e1d1c9c3f9,exhaustive
6181,descended,5007,5007,10036,99152,5007,0,True,True,True,37086,39186,39186,37086,37088,a466a96c3184707dba4d1271f449b11c9324ebdf48023a63dbb6f335e60fa78b,2aef91511228d67110223cac4793fa9b7eea148bde5d6ad03f432a8e0388fee0,exhaustive
6183,descended,4982,4982,9997,99184,4982,0,True,True,True,37098,39198,39198,37098,37098,2e8689601dff6221efb17c108c19a6a7c0b6f076229842509dc5e7dd5acb810d,570f144cd134d1207a32118be2fc6f8fbfdcc5deb7e380be1ef3848a8d8c4b16,exhaustive
6185,descended,4952,4952,9951,99216,4952,0,True,True,True,37110,39211,39211,37109,37106,9c8e4cdc65a66cc413e9372d22ce138fcaa20e37e7a25be20afd81b4ff2face4,d4ceb925a6b9a52b381f22092857fcf56441f145a11e0354e05c16de7e339d2a,exhaustive
6187,descended,4913,4913,9890,99248,4913,0,True,True,True,37122,39224,39227,37121,37125,50e61a767b485345dffbd539a185a18927c2ed7601e204483411daa55d084bea,cf5e98aea80757f7aab972e8d80cc33aa9cbb999445622400c197d0f7397bff1,exhaustive
6189,descended,4881,4881,9839,99280,4881,0,True,True,True,37134,39236,39236,37134,37137,5f7150fe80831cfa2f797631997ad4d47aa7667cdde2418618db133d86fd33b5,b5fda89d4c35dc7d59775a6db52d10e08968265b4813e80e092ecd30d17e5902,exhaustive
6191,descended,4847,4847,9786,99312,4847,0,True,True,True,37146,39249,39250,37145,37143,2c9d4114c96959cf560106c79418ef3d1be282b5b7828ece6dd37b4e9822c36a,466376f1b000681730ed423c6f6a792be079c6b69ed7b0949df721ffdd8a6a75,exhaustive
6193,descended,5773,5773,11257,99344,5773,0,True,True,True,37158,39262,39262,37155,37158,d441c10cb8d238ac61e9f7b349c81425ca9353d7c1ae5fa3d278205c3d3638ea,4d069b4e676213bd77aa318907057d93063179d5e681369b4b1a5095be7344bd,exhaustive
6195,descended,5084,5084,10164,99376,5084,0,True,True,True,37170,39274,39275,37168,37169,7048c1a824591bf1a094f74203014d69cc830d39ece5f7449caecde5a4a37ea2,5e43f9483be9de110bf4274e24f80f9d79d4754800a0c4c4ccd4eaa7877c942c,exhaustive
6197,descended,5711,5711,11157,99408,5711,0,True,True,True,37182,39287,39287,37182,37183,c9274f12b84149b5206c7c532fc3e188f659c6c8f6a72bc6c3e6c17a7331cabf,4b0e202a2d49b8fa829e20f8595b9ffa7a5ffa4d4d208cfe5c14efc961f3845b,exhaustive
6199,descended,5685,5685,11117,99440,5685,0,True,True,True,37194,39300,39300,37193,37196,2e4000cc977e56bf47de48c5e4284f9dd54408c87a50fad07ec7c528b3dc2e02,520e71c79b46d8c32f56a8ca91684e300b8fd96f98331084f09046f83a6365b5,exhaustive
6201,descended,4561,4561,9336,99472,4561,0,True,True,True,37206,39312,39312,37206,37208,06c8e6eae65ebac31c0e3c07ad92904e64dab8e2b63ea743c857ef4e53590302,d58450ba5a5e6755010b2bf1e8475d9fe453648eadc26baa27281b86bbd5ab77,exhaustive
6203,descended,4944,4944,9944,99504,4944,0,True,True,True,37218,39325,39326,37217,37218,6944a3a6650346953cc6d198df92978168a27e69954cd4e656f5072791278947,4da2c073de0ede70fe1dbf58ace9eaed6ff752faeccbc0201a0b1066fb4ca0a7,exhaustive
6205,descended,4889,4889,9857,99536,4889,0,True,True,True,37230,39338,39338,37230,37227,231080a57203c2735134ecb1b7e27b237f49b96bc1a0288a1474a684c5e7992c,d105d11351e77c4ddfbcb846da8094c0d880466dae300121e82bb535ea75ad24,exhaustive
6207,descended,5506,5506,10836,99568,5506,0,True,True,True,37242,39351,39351,37241,37242,4111a0c2e5bb274a929d571ceb0a7e36a8500c7484b4a732f1f7552504cfc060,c7db74be4b2072027a5676d69f22fe2df9fcbfc950ba2e6bdd9c471bfc79fcfe,exhaustive
6209,descended,5455,5455,10756,99600,5455,0,True,True,True,37254,39363,39363,37253,37257,ec41d44d82f5f6830f51903012aae73415c3771fcd35d7e3446c77131e7ef786,298b75dabda34dccd5b4adb51a22615ac9b61162ca18a988cf86379fdee0041e,exhaustive
6211,descended,5401,5401,10671,99632,5401,0,True,True,True,37266,39376,39376,37265,37267,7fd63c7ed4d4570e6414b5b84ded05ec1f4097691c4b4ac33d8f53283e02757e,f20b075aea77c3db399a52e4dc8ed2bf5938596eb2dfbbd0114eb585d5ad2041,exhaustive
6213,descended,5354,5354,10597,99664,5354,0,True,True,True,37278,39389,39389,37277,37276,8daf004fe51220c9416ec2a500c98d9b3147157721463e0d438ecc8f509b5b36,63ff5e33a53d9df3c224f2e4e513ee508fcbb0942777d55fdd59e5ab92beb1b2,exhaustive
6215,descended,5285,5285,10490,99696,5285,0,True,True,True,37290,39401,39401,37288,37288,63ce4daec37189c16cb94a95441a336605e1d831129bf23d857b69e33afdee24,6d1c5649bdc421f9172bd398a2b2edcb6e8deaf64e66346751cc2405b721bc3e,exhaustive
6217,descended,5227,5227,10397,99728,5227,0,True,True,True,37302,39414,39414,37302,37296,10fa082a7a10fb5de1e1b5b68fea55203aee05529fe2dcc7477d71fd36f8b2b2,f5ba6ac55adb8916ab4f7405d00905ede865c0a46695890d431b5a10301ece8a,exhaustive
6219,descended,5140,5140,10262,99760,5140,0,True,True,True,37314,39427,39433,37311,37317,037f0f4a7a0dddd1f6292292f01f688aa2e8568f7896191f5a33effc353deaa5,679eadf6ffe8d98fb682e13eb6758a0fd20dc6f25c71fd14ea3ffbabe19cdd73,exhaustive
6221,descended,5083,5083,10171,99792,5083,0,True,True,True,37326,39439,39439,37325,37332,8b42ff9b3ee19bae55ee6264a5956b71f9c8bd4a6f364d8aa43dee4e1d9e7ec5,4ca16ae2c87f745a4f4e44348de327ee3c8961f51b523d0f5f2b1682010d5e9f,exhaustive
6223,descended,5070,5070,10150,99824,5070,0,True,True,True,37338,39452,39452,37338,37335,da5fa3a1112be4e05c503f1e9b39e9b8c845003fab27d659cdd511f0facc3cca,bc6ced1c426abc71fda2476034a436293233f281cfa56a9e13da445ee8064eed,exhaustive
6225,descended,5032,5032,10093,99856,5032,0,True,True,True,37350,39465,39465,37347,37362,e98e2d75cce06e42e4b91dcd85fc2a1f8ddc32c0ed92575db3cdf54188578749,9113dccb42752d5921da5e1aa364665d24cb3365537f7569556a2cbcf707056e,exhaustive
6227,descended,5023,5023,10077,99888,5023,0,True,True,True,37362,39477,39478,37362,37365,cf17aae401ef9dcddc7946b01666df542501c0a55b9febdff97dc8b66f9ef95b,eabbdfabffaaf46543b76284865d0e621f96d0a843a62069947a982c60211cb1,exhaustive
6229,descended,5008,5008,10056,99920,5008,0,True,True,True,37374,39490,39490,37372,37377,498771de3d33aac1ab96af9844ca7ff953c6f4ad56418889ca2969d171670118,8cf76702b94691ac2bed57bcc198714b33888eacd3dc85e51fd6df3be7d0c2e3,exhaustive
6231,descended,5468,5468,10787,99952,5468,0,True,True,True,37386,39503,39503,37382,37387,4127aeea55a26244d15e4f8b281aba9fe6b6bf945c0f972bb8625af67dddd431,2067ad2ffa9fe0684cb127146d26b1fff411b7a94fd0eb98021fbef5520ccfd7,exhaustive
6233,descended,4960,4960,9981,99984,4960,0,True,True,True,37398,39515,39515,37396,37396,011c0e6ae1a31701690285ac1dd2c7a675cc6dec0d05055c5e68d49b0dc0a48c,0d92b97fd2646ca981b0057f7cdd8e0ef2651719777151b4d57c2e8bf6877163,exhaustive
6235,descended,5364,5364,10623,100016,5364,0,True,True,True,37410,39528,39529,37407,37414,0d52be9fc91c3add38cf1fc9e84768f3ad35b6acfa735439f24ef41485ab48e5,d668d94b43552b2367d0483fe4101fd5e187fe57b7a9355b409068882346d10b,exhaustive
6237,descended,5349,5349,10598,100048,5349,0,True,True,True,37422,39541,39541,37421,37419,651f2e64fa865484f6a0922dd363a81b7e2cb5e1cbfefa45b505e45a1df3375a,8153161414a43fd5d735fd06d84d21469088c1b30b135da8accd5e474516eb0e,exhaustive
6239,descended,5334,5334,10576,100080,5334,0,True,True,True,37434,39553,39553,37432,37436,9f8ab27e1812a02846168cdda2d4bee96b1360e66b87b286a07deb49bbfb086d,ddf712b4a62b65deb94ad1385a633a9f705db130f77e40e40ec48bb9d0c65667,exhaustive
6241,descended,5229,5229,10410,100112,5229,0,True,True,True,37446,39566,39566,37444,37445,495aee25ab681a2acf5fdbed89978a24c6a40ac532db86c79f9a44861277a6f0,18e31773f0e807730b731cd1e3406db3d8da0c69ee607a67eb9be672e8eae6b9,exhaustive
6243,descended,5191,5191,10351,100144,5191,0,True,True,True,37458,39579,39579,37455,37457,a78f4988da28aba003fb563e70773a18a627690e8c31dcfec9d9d829eb7b4e6e,21afcc4338dd40ad9c3fa503118629bef7388ed5ef955be14107771c92826a29,exhaustive
6245,descended,5143,5143,10275,100176,5143,0,True,True,True,37470,39591,39591,37468,37472,2395f0a27f832e4c0ae814e1b6eb30c0cf51c6694f10a46121c33d7f6fc6f9ba,393befe426b7c64242fa56ee1f58428ce0707dd8664f13e2abde857f643b1a7c,exhaustive
6247,descended,5100,5100,10208,100208,5100,0,True,True,True,37482,39604,39604,37479,37480,f1ada4d57d9fcdcc339c29fc1736c400e2d1b4b15aafb95b6e149d5fe51c30e9,225ea93fbf1d604658be8c1a35d113b4921f643d20b349c3e40b35bd972cef3c,exhaustive
6249,descended,5062,5062,10151,100240,5062,0,True,True,True,37494,39617,39617,37489,37489,3d3ad622aeb4e10645e8e4b818155bc99ec5a23220c670a1079a58963c1000ea,266e6946d85b31094d083843ceb6ea16ed4032776c9ca0ee94d1aaab50dae2b5,exhaustive
6251,descended,5451,5451,10769,100272,5451,0,True,True,True,37506,39629,39632,37500,37507,0451eba9dd5779ec007726601e177755baefb1be33bfa5fa226c7ff32f822b0d,2997e004601d8af736ac43c1c6c92be5b5556bb21ae15ff21649a681deb7762c,exhaustive
6253,descended,5430,5430,10731,100304,5430,0,True,True,True,37518,39642,39642,37518,37519,15e5b833c51dd81ca7122628ef67c585a87e4ddf784bd662d2f777569a437c63,82bd64a1c65fe67026c78c3bfba379429cec0e0231d2207c6a585976179f19b8,exhaustive
6255,descended,5401,5401,10688,100336,5401,0,True,True,True,37530,39655,39655,37527,37530,96b9d7ec64e51659ce36b2c9bc5228553886c99f7177715aa023466d2232a111,3eca7c1471a6b8f6c248df47b5e9cb2cb4a0eb5bc6203229937ae737a460c4bc,exhaustive
6257,descended,4819,4819,9765,100368,4819,0,True,True,True,37542,39668,39668,37540,37543,290eb456b4add565457785a58e8ef2bddc7971fe88637b3a257f582398150cbb,1889a2b2dea7f1a314d64abe4b5c402ba871116e9990a65cde2bde39e94e987f,exhaustive
6259,descended,4804,4804,9741,100400,4804,0,True,True,True,37554,39680,39682,37553,37558,b47e8842bd34966b5125b0d681cd732b118d1cbe47b879ef7ed6b870d06f19f7,e8a5956ea73e63efe69ae894d36537cb6826df49ee79885e42399f5a34fce98a,exhaustive
6261,descended,4776,4776,9698,100432,4776,0,True,True,True,37566,39693,39693,37565,37567,a97d8dc9e3cff01a426360e79557eb32164e2b699b7e340e30e30acb4fefdb61,2383b42ab435b896990c2c86a0ed2609810e46a4799e51b2c15350ea9c99b275,exhaustive
6263,descended,4734,4734,9631,100464,4734,0,True,True,True,37578,39706,39706,37578,37578,c351eb97eeb229e86a701ec65d3f16b7ad7a9e3d9010044a20bf58ff81ede716,c76769529004c2fa6cf9dbda3469655ab93ef444481b80e5a4915ace3c1bb49f,exhaustive
6265,descended,4704,4704,9584,100496,4704,0,True,True,True,37590,39718,39718,37590,37588,dfcb342b2b1cb059493f070e72010fdf789b5a2ba07588d6e9d3ab43f257e76a,559e7437bf20c6def4e9da0784f9a72272dfc8647f7b4bac1fcc1eb80e15c74d,exhaustive
6267,descended,5160,5160,10310,100528,5160,0,True,True,True,37602,39731,39732,37599,37605,f489c14b834145cfdfb241292cb65ee13022f6951643f5e9d65e52c348431cc6,3037efc4fc7b39fd9ab8f981548915a9e2f1d33deb563192ad61b972c9761cbb,exhaustive
6269,descended,5138,5138,10274,100560,5138,0,True,True,True,37614,39744,39744,37613,37613,11399492ea7227b88371e762ed2d61bbc35e4bcdb34a9e64bc42d7b7722a81fc,e74ee829e81e253e5131f139838e9652881d468c43fb4119002d6b89ae34b1b0,exhaustive
6271,descended,5111,5111,10233,100592,5111,0,True,True,True,37626,39756,39756,37624,37628,f0a726e5f16b8be46994c9eeb6f5b518f0cab31787762396d3163204574b2a22,d082580cd611afa0700815bd6767364ac9ff5284b2ae727bcccab6e8b28216f5,exhaustive
6273,descended,4570,4570,9375,100624,4570,0,True,True,True,37638,39769,39769,37637,37637,10f2d4723ea93a1a871b1aaa0177afa61aed8258b4dd51c1434d39d9ab17e504,9b91cc28d7a307afea786e3ba5235abaeb7fc82b01cd622127cdf0f35a6d72c2,exhaustive
6275,descended,4520,4520,9297,100656,4520,0,True,True,True,37650,39782,39784,37649,37650,c4d83e79336a1482e6fb40ff78dcec771dacd23546db09845d89fd9aac53c173,0968cef18c2f558822b064448ef70dc26eb89445834f1f08fe33d015caa3d025,exhaustive
6277,descended,5371,5371,10646,100688,5371,0,True,True,True,37662,39794,39794,37661,37658,df79767b17811e0cf459b7a26794356e5b2161732220ac3aa9ccd51dd851c4f6,7dd1b9b1494594e63563203ab40bbfb041aa10204d7ca0ba51fa3a3f3102e649,exhaustive
6279,descended,5349,5349,10614,100720,5349,0,True,True,True,37674,39807,39807,37671,37670,9ee3d702190bd3011b5e6b8724ce2daf762a7596ec60e8a2e3031200eda97834,b4ca6257790ed8e7590fae7da3383c202b934a0e1a759321bfbb1c5144e9956e,exhaustive
6281,descended,5306,5306,10544,100752,5306,0,True,True,True,37686,39820,39820,37685,37691,7454897ee1b0ca2d0340a3b7f8dcfd053118179dbd78ba37c53bf9fe21cc87b9,dfa50f26eb7b437b18fe31663918a9da444cf31420186e601c26af4198490705,exhaustive
6283,descended,5289,5289,10519,100784,5289,0,True,True,True,37698,39832,39834,37696,37696,d5fcf246d6a00bdddf2afe6e5270dff1f93b43855127c14099e5dc3a2fd811e5,604f077b8be6aa5ff2bb6f29b4321a287b14e9beec7566484abdaa6879265677,exhaustive
6285,descended,5258,5258,10473,100816,5258,0,True,True,True,37710,39845,39845,37706,37711,072593d8955d0ce658783b5a601b5d860eded794cec936acab4920dcb12b37ba,8a633cc6cd0ef8a658512994d4821349701e3a3f3f4a260652a99379c08435b4,exhaustive
6287,descended,5200,5200,10378,100848,5200,0,True,True,True,37722,39858,39858,37722,37724,d54baf080d1a44bf657aeb9057320f627babd2509dbece56ade66da43d7871c7,c68c0fd7c903084b8a516c6182c77b1ba4080c4a575edd052c3dfe4544b58ff0,exhaustive
6289,descended,5181,5181,10351,100880,5181,0,True,True,True,37734,39870,39872,37731,37730,1a9d30660f3428c1dc4a32d47c11c7d314f063df2efe7bf1d6844f0c872c9587,2552478ffb79386ca8c063d4c11268b85a2111a824ba728a0dc783cbc045fb8a,exhaustive
6291,descended,5133,5133,10274,100912,5133,0,True,True,True,37746,39883,39883,37745,37749,1611bbb9e4cae177c9aeaa764ef4fb43896cfa1d025276f5b6e2f29c17917670,2d368a727197bd59fc74f62a3baaa32f551b4583763d7e98c1cbf168c3ddf141,exhaustive
6293,descended,5110,5110,10238,100944,5110,0,True,True,True,37758,39896,39896,37757,37759,d6812fc79d176e3d437d5b3d6abf4cab305e308326a21a3acad2e68f4e659b18,bed698e6ab5347113dd91e0e2b8d7dc4e843856cc97b615869f5e68be4753409,exhaustive
6295,descended,5319,5319,10571,100976,5319,0,True,True,True,37770,39908,39908,37768,37772,3fb5d6dcf89556b49c88d2957339f98ca25eed616a59d04ddafc3bec3507216e,ea38765204a07bfdbd31059c074e26d772ef525c1deec61f69581c063d9c6113,exhaustive
6297,descended,5283,5283,10513,101008,5283,0,True,True,True,37782,39921,39921,37781,37783,9cee275b9bf3f70b5bcb134f2272339501f87f23ce747a7f10e8df973cdbd653,125db1c17ebe7a41781ca2f69a9362f69656b58147c48dc68467758bec2bd9bb,exhaustive
6299,descended,5886,5886,11474,101040,5886,0,True,True,True,37794,39934,39935,37789,37795,512f294ae1e42f7cd2b3627b68469058b13033fc3a53e804bcdc1c8e804dd57b,1063feb8e2ec3b50485e6d1c09c4cdb54d4ee2ae1cc456065963e54263064955,exhaustive
6301,descended,5824,5824,11372,101072,5824,0,True,True,True,37806,39946,39946,37805,37805,df015736c53ff6c4a15442b2535b0b237f252690f10d5d645c92e62817e65414,b5217a7c4287ea22c4b8124eb44a43dbf3b20c841978552d8cef479af99c61f0,exhaustive
6303,descended,5804,5804,11341,101104,5804,0,True,True,True,37818,39959,39959,37817,37819,666c46f6834f70beea5ac5d6dfee83600e41d67ea1a732a42b27ccecac805460,43b626a9124ff9064f5d11ccfe7bb08877a795880f5f0509ec17b6746920be23,exhaustive
6305,descended,4979,4979,10034,101136,4979,0,True,True,True,37830,39972,39972,37829,37830,c880d005447bbb3a8dfd49cba4a3908cf9ca0af3f7a20e6eeffc53d99d8012e2,bceb3f36053f812aa3140ab99c5eed09a2eed0d93627a918a3f209bb4c0aac9d,exhaustive
6307,descended,5744,5744,11252,101168,5744,0,True,True,True,37842,39985,39985,37837,37837,a8736900729583c84f3e9947dfba7c892dd5b6cf944778dc147b304cf48d29c5,cdc823ad65374c24c1f3e1b00210e7b77e40f2498aa6c683e7935e05fa1c60bf,exhaustive
6309,descended,5730,5730,11227,101200,5730,0,True,True,True,37854,39997,39997,37852,37853,07fc08d97c56cb10549085ff5812cff6cdba53b655f3ef022e6577203a88c84b,cc5b06de9a70455119ad717a60dc00c63195252af473e642bc1d4b5a59d86f3b,exhaustive
6311,descended,4856,4856,9841,101232,4856,0,True,True,True,37866,40010,40010,37865,37869,57180612947eb3d7834465843c1ab431daa25f847b101728fbbc96c48bc5b9cc,309c111723693af3f35409a4bd8b04ea13a714871760e01e1c87e24af3add548,exhaustive
6313,descended,4804,4804,9761,101264,4804,0,True,True,True,37878,40023,40023,37876,37880,abd64e99191c0b65c17acf5e9cba4d102461e7f7c1cef463f1883c71c0c4dcf6,8635158e4eba1ba7801298b6d1bb5443b4a5dc763489516f7d33bd650686e20e,exhaustive
6315,descended,4756,4756,9685,101296,4756,0,True,True,True,37890,40035,40038,37888,37890,421b91efd2481f584a2760aceae5de0f01af3403ec5f1239e6912972a03ec309,87a79a0271f78eb023649c6e5e1babc3a98d927c84b3c81e1f9b1d00e3e54c79,exhaustive
6317,descended,4731,4731,9646,101328,4731,0,True,True,True,37902,40048,40049,37900,37911,30998fae41a6f015d3a209ffcfae6c8369b9ac4e87037b25a5e434e649e2c33a,77ee7de55ef4895d1a7140e92132955f419bd9dd8f8bee6c85a2f67ea58b94d1,exhaustive
6319,descended,4711,4711,9614,101360,4711,0,True,True,True,37914,40061,40065,37913,37915,e6bb0ab61b5446ffdb6998ed0dc94304cb8bc6758033109cdee5bb5e316b4ef5,80efd7f5210a3b34171ad8d2d374306b0d23ae1fa527f9e9b0980d044d416e13,exhaustive
6321,descended,4698,4698,9597,101392,4698,0,True,True,True,37926,40073,40076,37922,37926,0bbedcbddf9eadf898dc696276eaad6f3d9c37154289c9b32160a91af17c570d,1842a7e067d144b190c866065fa6eac80ac09e47496eeaa33912ce4dd433b0ba,exhaustive
6323,descended,4674,4674,9558,101424,4674,0,True,True,True,37938,40086,40090,37936,37939,73b0d6cb4795722c518d3f7941c4fb16d93707fb1cae248f9d508d9b4144adfe,9c9c4d1014e15f2744d83a2108db743e29e137d826a900c9b47719f679840144,exhaustive
6325,descended,5279,5279,10523,101456,5279,0,True,True,True,37950,40099,40100,37943,37950,ea92914b2921a08644e8bd46bcf042e47ae81e0017503b6806080c2759885d2e,274ffe8b7f93a79e216ea49e2b55678bfcdc8a10ddc627f81bca0d559736739c,exhaustive
6327,descended,4556,4556,9371,101488,4556,0,True,True,True,37962,40111,40114,37961,37963,9f87d83b9f6783fa695fd3d513daff266c0e3bbf35df3336b550f7c08cab467a,34ecd350eebbbff7b7a167049ffc477cc6a3c2e6f30d45e7f9db6a8832814b24,exhaustive
6329,descended,4520,4520,9315,101520,4520,0,True,True,True,37974,40124,40124,37973,37975,365dbdd48a4134caef51f2ac61902872b6b6a317cabaef54a007768a15e04ef9,f1d1068389da9eefd344796439de60070604949bb1c2a21294ced15986938cac,exhaustive
6331,descended,5181,5181,10363,101552,5181,0,True,True,True,37986,40137,40142,37985,37987,24cce32346d7f79a5749a5677a358fd9b9407560270e1bcbe01549f45188e50c,6390c866a02542dfffc6bc582d42945507a6c0c9c3e07ec3a8b16e692a6a1701,exhaustive
6333,descended,5153,5153,10319,101584,5153,0,True,True,True,37998,40149,40149,37998,38001,fe8819738bdab6914c1a5b344c14e2fddbff60683fdc36fa25ddd475d9ac3dbb,9efb5e61256d34753c01c3f2db24fb75e376e2a21b2d5076ef23a3b991d0996a,exhaustive
6335,descended,5123,5123,10272,101616,5123,0,True,True,True,38010,40162,40162,38010,38009,61204f595cb9bbe56cf547fe8dacf3f98ee282fee0b0b554750affaf25f7b129,dfaef0590032f4aabe4ef3ab613b2c1b5bc21474bfb81d8ab540765c48e00847,exhaustive
6337,descended,5082,5082,10209,101648,5082,0,True,True,True,38022,40175,40186,38020,38023,2824d671db7fc188cfabf375c85fc265728bf35f744299023b4090b5084a38d7,b8e356b2039f0090376cdbc5331186fbd02133061e5a9a16bf3a7583303c3765,exhaustive
6339,descended,5057,5057,10169,101680,5057,0,True,True,True,38034,40187,40188,38034,38036,0a375c3400dc4f81fd0693a6183691ddea1846084e3b153b3bf6119b724b7299,cc0cef7008b3c5f6a07554d18dd2516dc29acc69af6927bc2d662ac86e01cd79,exhaustive
6341,descended,5313,5313,10579,101712,5313,0,True,True,True,38046,40200,40200,38042,38047,ed3dad874fe97cddf66f2082341f5e7fb691da79a43be9b817b7f2eee319137f,71c18c5813f4add9ccdbe38f358a18531d2dc5ccd118d38b576b38df36e19645,exhaustive
6343,descended,5280,5280,10524,101744,5280,0,True,True,True,38058,40213,40214,38057,38059,ca942cce9ef403f635d1d623461b4e198b7eb40f42a55afe66c7c401c8c90dc2,8fa0fef642ca94fb37d71a251f2a58a8f00f2eed6b3347502705bc5bbac5c1ca,exhaustive
6345,descended,5221,5221,10431,101776,5221,0,True,True,True,38070,40225,40225,38070,38070,7a2f6e53049f869b9492f4dc6d6146c229205ff38889c622756ca28a61219441,8fceb70b7a783bc84177028a851bee68448177feee6a925b50e0a7bd4779b955,exhaustive
6347,descended,5181,5181,10371,101808,5181,0,True,True,True,38082,40238,40239,38079,38080,dbafe2ce172d24235ea51165f10028e38255689f6a16c89914b6fbdbfc36ab77,dfd64cd32ca013ea29118a8c7b1aeebdc3170066f6d1c8db533bdf8d147e3181,exhaustive
6349,descended,5140,5140,10307,101840,5140,0,True,True,True,38094,40251,40251,38090,38092,28564ae8c8a45f9d4908d13c164e512450746b57b0ea08c831579775f9007bfa,1769bf6c74d8c7c565dea3b24594cda124919c0558b0094642975c7cff276782,exhaustive
6351,descended,5161,5161,10340,101872,5161,0,True,True,True,38106,40263,40263,38103,38107,2e3fdef0f5e3598af8537cf76d71f011f81ea29a0db6f2cfbb28bd98e4b6aa26,acf9e8ad36f96feda4b9bdf2e4f93e64cb765b70aed07b0a5a443dcad21438e3,exhaustive
6353,descended,5133,5133,10294,101904,5133,0,True,True,True,38118,40276,40276,38118,38119,50863299d1cbd5e819bb96e3814dda20f253b2a65a35a5b97acd261623066609,f847b2addf2dccc70c44cbc3940455a7a1b08685513eed67f28cc8764d41b9bc,exhaustive
6355,descended,5107,5107,10254,101936,5107,0,True,True,True,38130,40289,40289,38129,38128,4e375aa034939e8bd2e50fc2589ef06a855d610b67d107135fea8db2efb463f0,556ac1c2f10167729503f39ecd77887ee21f0a4164e7cdf04fac523e0d474b70,exhaustive
6357,descended,5070,5070,10199,101968,5070,0,True,True,True,38142,40302,40302,38138,38144,f4fb17cab2a5059e8c603886c59e35d414343883beba78bb3b9fe30867f0441d,4ff45c6dd6697b25f9c6b3f2b9dec6d21e3246615286539ef85819307c3b5365,exhaustive
6359,descended,5042,5042,10154,102000,5042,0,True,True,True,38154,40314,40314,38152,38150,7b12ed69b2d76767979c997a3cb9c7da7af0a3d698477d7021e351f17fe123af,795a63024ccf8f7cfe674c3aeb73ba230b71f1bc4e81a1ada2c49c28713a9a6c,exhaustive
6361,descended,5004,5004,10096,102032,5004,0,True,True,True,38166,40327,40327,38162,38167,3897fe0b5b5a1af0b1f0a948921d6b86f5e73f4764bc73e47259ab03f3e6e722,11fca56f0a446e8208b2b9249b140b0241fd1251b72f65528470d7c39fcddf5c,exhaustive
6363,descended,4975,4975,10047,102064,4975,0,True,True,True,38178,40340,40340,38178,38178,5a1e9961c4dc7810c2dc25cba8c1ef0c7847dfb7264292ee7586ccfc7fa7cc7c,ceb2625347055822c85b6ab84594cbc177288d853755600f994532dd58f59e72,exhaustive
6365,descended,4956,4956,10019,102096,4956,0,True,True,True,38190,40352,40352,38188,38189,89a21c74a49e7cf456c0cefb354fdd3b8b19c186cd7af495b2e56e77ac01b5b9,8d83438c845c63023aa7408232910e9ca6fe2d0e353b61412cd0645d2fa204d0,exhaustive
6367,descended,5190,5190,10389,102128,5190,0,True,True,True,38202,40365,40365,38202,38199,5d62f507b72550e2301056bd33f9b8e561efe42ea806e8b4348c9ae6a8eab4cf,50148bd4dc54a532b6fcec91f68bf48a6fd57fc2843061f3cdc820970725f2d9,exhaustive
6369,descended,4852,4852,9854,102160,4852,0,True,True,True,38214,40378,40378,38214,38209,99ead5afdd2f61ff8a57e76268c6d0492053dd2fa9a7278f925b6829958767da,075ea591ac38aedfaa695e84cf0693aaccb626e4a6dc150ff8fc34c00e33c5e0,exhaustive
6371,descended,4783,4783,9747,102192,4783,0,True,True,True,38226,40390,40390,38224,38225,c6abab5f480661d3cc3e92705bd4d770bfd5fb1b59591a3ab46ab40eeb4cec56,7e721b10dfd5ff781d3618909d4dcaefb96399f00ef99421d8459a9fbe9a52c8,exhaustive
6373,descended,4734,4734,9669,102224,4734,0,True,True,True,38238,40403,40403,38237,38237,ea171b4d5db0da9c6dbcbb2b19d1c4e02b46bb2885a484bdbcd3bc422547112a,78ff6c0696d2bf2c775d554d08e92c901f9dbc1ad76efffaad1ffaf711f626b4,exhaustive
6375,descended,5499,5499,10886,102256,5499,0,True,True,True,38250,40416,40416,38245,38251,a3fb1c86d83466d2c4c2387485b052d3c67f54dde4eb6ae45d0564f84fa29384,e5c3de33314d415ad70741eb8bbd350a1a8b5c94c3b5c21a18f0527093d36874,exhaustive
6377,descended,5464,5464,10828,102288,5464,0,True,True,True,38262,40428,40428,38261,38264,cbe583c8b5b140c805f4ee08aa3e50dcca86ae902a89b78cfb01756ab95de0d7,f3463b2efd83a460a3b19e2f72ac922b7e77ba11c50bdecfc5296c00a74f3740,exhaustive
6379,descended,5443,5443,10798,102320,5443,0,True,True,True,38274,40441,40443,38270,38274,a53b05f7f74870c5b4a21f2f09f386f713a6bf9b3c12f1828ddf598531f434cf,b0f258924e632ed501609c227d56724a313881bfbd386e5db629ac4eeda076bd,exhaustive
6381,descended,5366,5366,10673,102352,5366,0,True,True,True,38286,40454,40454,38286,38286,2e5f7e38e8994d11f8821f6587f7a7a5c0749125d3515e20bed7e9dae25bfc39,98e1cbd57349e06420b28476794619e96cc41fbbc4f789c4728ec823f382e9fb,exhaustive
6383,descended,5321,5321,10603,102384,5321,0,True,True,True,38298,40466,40467,38297,38296,5b6ff07b2bbe5ed8d58b84d4fc0da0d2ecf5a912c3f86981caeaed14a55d5441,48f569fc837c120cbbfb9265e58d26d587c3019a666bf311b905f0f2e6de2fae,exhaustive
6385,descended,5296,5296,10565,102416,5296,0,True,True,True,38310,40479,40479,38308,38309,194c6ce839896e68be9aa33fae635a8ec2f68303ddf8b0dc96fa6f730a07bb93,be51e357560072ad4fbf86751d00a7f78229ac7f6d0753964853ea5a35b346c3,exhaustive
6387,descended,4772,4772,9737,102448,4772,0,True,True,True,38322,40492,40492,38318,38323,47e456b147f2351941361a33cfe72626cf386050155cfac1a6a7e2a5e254ff7a,477d3d8fdb921ac3b69a228fbeae406930e536fef5382636c3a40d046cce1458,exhaustive
6389,descended,5491,5491,10876,102480,5491,0,True,True,True,38334,40504,40504,38331,38334,e78a38c56466f5873d5ec36762882762d697424fef932ca511b5d158026c92d4,7640a37950030713a4b312ba1c0ff2bcb71c3c7e924860071f4bf47eba7c6468,exhaustive
6391,descended,5468,5468,10838,102512,5468,0,True,True,True,38346,40517,40518,38346,38345,5e3e8eceb01243f0a351db41cfb9de1d535d280a54526f5ea5e45058a26857e7,b67a5833f30832d34ef185d5383d8c7a0b648b576d4b7a52b206b689626fd820,exhaustive
6393,descended,5430,5430,10779,102544,5430,0,True,True,True,38358,40530,40530,38357,38357,34be04cd71258874f2d1652097c22995c5d4c00c5250ff24d1eb9f10c2cd56dc,5a8c4918220c330376d97b7849f54c6227d0b13ec6547efb0b99a22b44db418c,exhaustive
6395,descended,5391,5391,10718,102576,5391,0,True,True,True,38370,40542,40543,38369,38371,e9a4b0da89dfa8394d9de139327acfe9b5822b6bafe83ef688fbe76ce4b9e4a3,d44b2ec691c09a4798190dae5841f95df950c432cf1209775957cfed8a425a7d,exhaustive
6397,descended,5355,5355,10662,102608,5355,0,True,True,True,38382,40555,40555,38381,38385,84f0af698f4801ec4b46d03389ab9ce22c528b2a1f57fa39dcb35fc0a8970c89,bfba32788b145b60619b0a6d4dfd7954c1946aa0578d4bf9ba285ed4c75b8ef8,exhaustive
6399,descended,5323,5323,10614,102640,5323,0,True,True,True,38394,40568,40568,38391,38389,d239ca34a4850851eeb4b19e54475530d3e46dc2b124345345e3ca28bc109c85,74fe5ce4b1b040ddeaf2219069b546582c8a2332de337110668aa7e5ffa99506,exhaustive
6401,descended,5293,5293,10564,102672,5293,0,True,True,True,38406,40580,40580,38406,38406,417ded414dcc4a6350f941ab8dc093a4cd62a5bc1e44507458a1dc0efab76838,bc43e4f59770e6beca823f92e1181c95de6877556b04ee8f02909bcd0031fe3a,exhaustive
6403,descended,5258,5258,10509,102704,5258,0,True,True,True,38418,40593,40594,38418,38421,58cf4f688213d4e2e1981b595c248d13cd78017d3653980c1bba14276db7dcfd,48f0e1bff37efdc376864b5ffb6b0be2f67ce13b031413cf10802a611c485180,exhaustive
6405,descended,5231,5231,10468,102736,5231,0,True,True,True,38430,40606,40606,38429,38429,a09db8d74e0980d12e714494870ceba2430579f30c347f17840f61d7b96b5df8,ee2da78d7b20a425abdcaa24ad71c94a6f68dff3cd08b808eebb7f25a738e931,exhaustive
6407,descended,5679,5679,11178,102768,5679,0,True,True,True,38442,40619,40619,38442,38440,0cb50a2770bcd0c9a56cc19965eb0d7a462961716a5e43f1ef801c4cb5f56409,47fb9f5b43613e12e45ebb2248cdc4a8cda568d459f7529cf04a01eacde8bc51,exhaustive
6409,descended,5630,5630,11102,102800,5630,0,True,True,True,38454,40631,40631,38453,38452,8f0f46cfd462fb33733f3686ff89a8d769d85ed57b6907fadd9065c16058d1f8,e988936e9e0c1244487e7dab09eadd49d083d0f66174ad1de6324fa073827ab8,exhaustive
6411,descended,5513,5513,10916,102832,5513,0,True,True,True,38466,40644,40645,38466,38463,c5e9c07b47698f55ff34e4564e2f8d65f40769e3f3bc9dffe233f0064db126e8,400b1d1d53f85bcac632ae8367e0ff264fceeeac906bbfe7cd5fb2cba2d02515,exhaustive
6413,descended,5482,5482,10868,102864,5482,0,True,True,True,38478,40657,40657,38477,38475,228c81721f482b8d8b90870a1dc2ac951c54e96d2223e1eae1ea8a17c4225d25,1310a402e7ee66c50c553fba25732b91fd3df3087bb9116dcf2659914b6b5fba,exhaustive
6415,descended,5410,5410,10755,102896,5410,0,True,True,True,38490,40669,40669,38489,38491,3f128082aa75f4fbea1a36cdd5da7a35bad3a6e95a29511f9fec1fdb641f884f,17a1ab946746be8cf30df62fad0d5e4d7e509063b26d6fb9f961f85cc49fce69,exhaustive
6417,descended,5379,5379,10707,102928,5379,0,True,True,True,38502,40682,40683,38500,38502,4a19187b456ca62fc27a2b8b766fadc24f3d2380a63e37f80f7023682af0a5ea,a97a5243f6407b86f937fcf0a548ada23337deda73d8ea6347175cab8d45d322,exhaustive
6419,descended,5361,5361,10679,102960,5361,0,True,True,True,38514,40695,40695,38513,38516,c79d7b3fd2836633c1883146174ee451685339b7bea882a46c3c58cf95f7656c,489fe057941f6b8b86535efe1a3bd51cd9ed951ef4fc015aa550e4a6df23c55f,exhaustive
6421,descended,5351,5351,10670,102992,5351,0,True,True,True,38526,40707,40707,38518,38530,f9bb139c03e685c2f27567787b16640fe9ac50489b6010c82303803748668006,8e7f5175745041e2448e501b8c977a059bd307670613c733d339b0f4384081f1,exhaustive
6423,descended,5330,5330,10631,103024,5330,0,True,True,True,38538,40720,40720,38537,38538,08922940a972ecb4a77f8ab2c1b2ff2e78db8edbb15e46321ebc39d5542597d6,056e12bb3788d0e175e310423244e60667defd7371983f6c889718d6d5179ba9,exhaustive
6425,descended,5257,5257,10515,103056,5257,0,True,True,True,38550,40733,40733,38550,38550,8f12b7e8c219247bca10481b699a945e25cfe535cc522cdfee5bf3654a98b1e7,7228e1a9132e5df9053bf69cdb3b26275929e43b8e71ca2e9d203e1f02d5906b,exhaustive
6427,descended,5224,5224,10465,103088,5224,0,True,True,True,38562,40745,40746,38560,38562,34704c3659fb70c89140dd975dc943242de90a648ca38f5d1f6e6b19ac131cb8,0923c59f9de62abf9aa2cefc72f45184144fdc95ab826e221d3d6aee4cb52ef7,exhaustive
6429,descended,5179,5179,10393,103120,5179,0,True,True,True,38574,40758,40758,38574,38564,9d2893ae797fc3a3fabbe1944e2725c5a83bd0f940c927796adb8fda942f2996,04ed5902165d932f4c8c84141558a4a1956b55d7aec53a688cc90cd0c0046f05,exhaustive
6431,descended,5150,5150,10349,103152,5150,0,True,True,True,38586,40771,40771,38584,38585,463a3384529373445165df2bc18421afacc24d6060a6d34c06c24710af750490,5af0939af87dc75616492e8be6dd8123f20d1a320c85f90f66b43390173e90fa,exhaustive
6433,descended,4970,4970,10063,103184,4970,0,True,True,True,38598,40783,40785,38598,38598,b3fb08c79da2813555705c721d2e54c00acd6b2f1c50dce3efc43a9e70505311,ae3daa7dcf5d5cd2efe493ae163b777f3d4180d5add268bfa69cdf69191a11b2,exhaustive
6435,descended,5329,5329,10634,103216,5329,0,True,True,True,38610,40796,40796,38608,38609,e01f679668501a52cffa1b5247c53d5c37cef55f5e1306502abc64cd685da24b,dff242a9fdc065e32d1f0700711660ac592b0b1e7a870f7fccaadae656adaa24,exhaustive
6437,descended,5277,5277,10553,103248,5277,0,True,True,True,38622,40809,40809,38620,38623,a47358b4b3f76328e7265f74ea415d2f1b051ef698e730efb9d3e01694b36f2a,6efd946286e7fff0a92f6a9c18141c5fb64364a3e4d51c2588d096beaa3033d0,exhaustive
6439,descended,5241,5241,10495,103280,5241,0,True,True,True,38634,40821,40821,38633,38631,db4bee19162ec6666085d3b07009f62793cef033613d617aa9e363fdc4454871,3f9ee91734610b63cd9bb685e681b443cbca9fd64005e3e7b3682173bd23f836,exhaustive
6441,descended,4797,4797,9796,103312,4797,0,True,True,True,38646,40834,40834,38641,38647,6bce1c9150099dc292623947bac1cd074aee4edbec581214143a0f1208089b40,4e786c9040550c60d7255b2abcb64d64c45782519900c299a3c30c6294c26603,exhaustive
6443,descended,4779,4779,9765,103344,4779,0,True,True,True,38658,40847,40852,38656,38655,b3215e083d6ecca96f993fb567b0fb209fd2436464ce82612cb64acb0b195b8e,9f3deb54752ea1fdc8498fabc786677e7845b8d561e91e587c517f7d4c06090a,exhaustive
6445,descended,4734,4734,9695,103376,4734,0,True,True,True,38670,40859,40861,38668,38667,1e19de363b3236c200e2c12ecb7af95ba7f832bdc68475899cf1d3bf4c722276,8e0c50ae7516a6d4a77d3f88db61b52d7ce4ae4bc9edd325f87d0c639f403ab8,exhaustive
6447,descended,4663,4663,9581,103408,4663,0,True,True,True,38682,40872,40873,38682,38684,7f834e68ebaea4f8660fdfc2d1decf74fae0ea60a3667090871a5eee90e794f9,4d27cf194919555fad1c43732381ad98a611396f5b8f7aedd0e3860f3d75d914,exhaustive
6449,descended,4636,4636,9541,103440,4636,0,True,True,True,38694,40885,40885,38692,38695,41b4fe8087d10ed1487ef30fb977e1bef61f5e274cacbf11f6e0abc28681615b,34e2e39a03f0e2ca1fcb192edb7166b6a9dbe505d29e6c71fb620ee5abda812d,exhaustive
6451,descended,4597,4597,9481,103472,4597,0,True,True,True,38706,40897,40898,38703,38707,0890249c3137772f1421a5859055bede1b891ac26293a11e35131c618da97cf9,63f2ac020a813e7c2473a0ba7cc63596524b58b4f1800f94259131c14292b81c,exhaustive
6453,descended,4567,4567,9431,103504,4567,0,True,True,True,38718,40910,40910,38718,38718,f230b37a2b6ac787ebd8282611f0212931fbaaeeb72633bf129edb841e0d00ac,23625353fc83c2eb8fdebc7794d324f89e90ce363f99e9b7f8ab79f5a35a5cce,exhaustive
6455,descended,4551,4551,9411,103536,4551,0,True,True,True,38730,40923,40923,38725,38729,49c3d9abb6e0fb5be4030f000cb28f6d355477078703f7eeb6137e596af8fd22,4d2a259e6bc93e8db06cec90756451ad9871289b7bffa940c4599ac825579a9f,exhaustive
6457,descended,5232,5232,10487,103568,5232,0,True,True,True,38742,40935,40935,38741,38744,640342ca1f094cfd7c91f339383de4adf623bb24d1f70208618e91a9325f77bc,deea30571e0ef5c5570649c5ee2575dadbac23eef092b7e73fd37e5cf47aa90b,exhaustive
6459,descended,5189,5189,10419,103600,5189,0,True,True,True,38754,40948,40949,38754,38754,cada75348416b4d3baa6b659911e888a2fd9517387dbfde220801298b865c083,17a2a78bd195330bdd1f6b8d5017717e53ca2ef4357d6eb0c837c809ac168d4f,exhaustive
6461,descended,6127,6127,11907,103632,6127,0,True,True,True,38766,40961,40961,38765,38767,5bc3e10bb2dd52748c924fd0723aa05b8f8c3d1c9e84ebbf23ed1268f1bfed25,16b8f97eac96f627e59fede28bf20497fb9be65f705955040f08f9b79ca47af0,exhaustive
6463,descended,6055,6055,11793,103664,6055,0,True,True,True,38778,40974,40974,38777,38782,17f523cd3ee13b03ffa5fd88aeff52906ad75b0a4e49b4c91e0b66de717739ea,02d4cfde766d6c018b0acbc34e3ec7f9858233d6c1dbda57e50b62d9d73a0b37,exhaustive
6465,descended,5078,5078,10246,103696,5078,0,True,True,True,38790,40986,40987,38789,38787,b95dfe65cbf1444e9faa3d74eeb086afe020340df8ade17b052cb5d4f2190128,ff33d6cb24bb2db37ceb8d4f5c0b02a7909a9420bc6aba655c6a0469cf798d85,exhaustive
6467,descended,5975,5975,11668,103728,5975,0,True,True,True,38802,40999,41005,38801,38801,68102e6f7a6b4900b172253376fec7e072b3bab25f5f97d4165c10b6344fd4c6,2b1e50b7b05409f7a9facf5cfd0149bc06724498ffc9652002d86e68a47c8012,exhaustive
6469,descended,5942,5942,11617,103760,5942,0,True,True,True,38814,41012,41012,38812,38817,7194925ab6634080718d6a944282bfe4f4ac113050e9f0d920404c4a6e5ec3b8,fdf4e480dad4e343ea09a389b76c354a3ee0afd0067970a6f1f274735e82a668,exhaustive
6471,descended,5914,5914,11572,103792,5914,0,True,True,True,38826,41024,41024,38826,38825,1240a8a00c3848a9a53199f12e0eae01c63c1f5ae6aa8d885121c103ce615135,cc452e7ac03df62509fe898e22d167a5306c90d3a9cb8b6387f427b47365e826,exhaustive
6473,descended,5873,5873,11509,103824,5873,0,True,True,True,38838,41037,41037,38836,38839,54988a89b6d2b7504f1173162523aef0a56309ef5a81b7d237241dd66e1837dc,ff11b950760b833aff29541c458f360c90d6af2120ad6c104951f2341d839bb8,exhaustive
6475,descended,5857,5857,11484,103856,5857,0,True,True,True,38850,41050,41051,38849,38853,9e8549334fd43cf673aa23829c39c92ca2b4643d671b958454adce16fca37e70,df4f2345236eeca5dd71d23623cd32096d4ed4b863953c0f17d2609abb53b222,exhaustive
6477,descended,5799,5799,11393,103888,5799,0,True,True,True,38862,41062,41062,38860,38862,e7123136299a61cb2408bb681f396aa3e255a3c8cb8e3dc05c0c5f25995ef96a,996c3c6d294aa4aeffc5a5754d12fa92e03b2b09bdf8dc41028ba8093b7dfca6,exhaustive
6479,descended,5763,5763,11339,103920,5763,0,True,True,True,38874,41075,41075,38870,38873,9401e1dc019f0054af116400c8f5688aaf7fcc874bcf584f88aac10d80f8dadd,5892e83eac745665f9629b01c70da2ae10e37f47d77277162f13fbe5d73b98c1,exhaustive
6481,descended,5741,5741,11302,103952,5741,0,True,True,True,38886,41088,41089,38885,38887,2a901d04a884cd1cf5cecfcdc1795090b5b1a6da13e583db69701aa671b67918,2efea54086114373a1f564843d01eceb7d1746184e8e40d4eb9ca4e830fa1abe,exhaustive
6483,descended,5717,5717,11264,103984,5717,0,True,True,True,38898,41100,41101,38898,38898,d96b86383a644d602b8f15e4176bec1491ebda9d2c18faee15dcc80f6715951d,9663e7b7c7261a04e58bbe05c30b212e47346f03513181f7bffc1e4e0704d9aa,exhaustive
6485,descended,5699,5699,11241,104016,5699,0,True,True,True,38910,41113,41113,38905,38908,15dd3fc387db747e52ddfd105d2e04c2a3cd7a451a5e2dde9e7333e6d1147f58,c55bacc1c90f0cccd678aa2cd9d4206c16cbe6c48e840d3d6f8e0fad7ba3ca94,exhaustive
6487,descended,5626,5626,11125,104048,5626,0,True,True,True,38922,41126,41126,38918,38922,2bb6cd45d0099094b4210899335cd9e333605cabe2e9e45e75e9cea40eb3d35d,f2783d0c790fe9094fd966e1413896e412cc3f29df2294f846de9d322658d644,exhaustive
6489,descended,5577,5577,11045,104080,5577,0,True,True,True,38934,41138,41138,38933,38934,6891b6415bd6f909ec2a60775c8cf07a043518f8d3d8c7093fcef66145d62d67,68433630302a4475ee67b073f1fd46ed9865c4b0777112d0dc1db6b1a97a89cf,exhaustive
6491,descended,5551,5551,11006,104112,5551,0,True,True,True,38946,41151,41152,38943,38942,baf859e912ddd627337387e64668fb7d3e4a7f3a1388bcfdad21540083995093,1513e896b26d14a606d630f108b4c5e2c14bf29b8ce60a5e60af611b28274771,exhaustive
6493,descended,5536,5536,10982,104144,5536,0,True,True,True,38958,41164,41164,38956,38960,b5889423f99426cb5c58735fc0f07e5d936dc737e36933db4fac770a4559068a,a50553e0a3402bda43d71dd7b18a7cad78a0b323fe9a4b0372f66019295d578b,exhaustive
6495,descended,5490,5490,10908,104176,5490,0,True,True,True,38970,41176,41178,38970,38969,baf5dce74c7e1d9a0fbdb80cf6f31a38bc200415b1e317c123a3d727ab1b30e9,2a45916d20261c86bc00be9c6d42df3c8c547afd9f364b3e916eee69c5512d70,exhaustive
6497,descended,5463,5463,10868,104208,5463,0,True,True,True,38982,41189,41189,38980,38978,e98f037acdfbfe2fb35ebe021f942f0a7e50ef43f327b02e7ece9b59789638e5,3dafebce25aaa34264fac56b7ddf3bf6ba3274190d74df7658a6941ef558988f,exhaustive
6499,descended,5414,5414,10794,104240,5414,0,True,True,True,38994,41202,41202,38989,38990,9d1c267d848d935bda79cdf988e599b28a045960510ff9f713e965fe6a71d50f,ec069005035f67374e40a83e34140e2c16928e9e23d1e3aee63fb86741354fd3,exhaustive
6501,descended,5366,5366,10715,104272,5366,0,True,True,True,39006,41214,41214,39004,39007,7662e086d8de2733c065c0b9ff9ea1b3193f8015d3c2bfb2943e3647433f5903,5552f505e87578148892f87e87ac2b8db0995df69a44dbbe1a3d8c6ae3fdc025,exhaustive
6503,descended,5322,5322,10646,104304,5322,0,True,True,True,39018,41227,41227,39016,39017,9e6f5320c46591aa170cc953b0627df23765cee13c34bb4948079d56f9e36d40,924a630f037c10b85217d474527d0144e3634e65366dddbb43b32f40bace9c50,exhaustive
6505,descended,5273,5273,10568,104336,5273,0,True,True,True,39030,41240,41240,39029,39031,435c1ac171d45eec10c3a297d0375e9b06f685b2485c740711dbf74bb75e7c57,411d31c5d1dfab43630374242329e1f571080f9f936f2fd443ba6b6247d7d408,exhaustive
6507,descended,5231,5231,10504,104368,5231,0,True,True,True,39042,41252,41255,39039,39045,b00c531eac53778639465d806c21c75724226e3a089bc2b0e8f9311c48c33463,421d7d39ff4f22b86727859ee0129829f0d2ba12d983f9046a25d0a23de33058,exhaustive
6509,descended,5203,5203,10458,104400,5203,0,True,True,True,39054,41265,41265,39054,39056,458658349775df11598d83fc69e391ebdacafe575215626fef9b9606b672d87d,77bb49636b5dc6824802e83159835a8b21e437ef4b559ac027ad4bdddd2a0eab,exhaustive
6511,descended,5171,5171,10409,104432,5171,0,True,True,True,39066,41278,41280,39065,39063,a0a78893b87e4ce803dd30a276d5f32262f136240cd1113c8f6e97987fb42b60,0d948b656df5d5ac3e39ecc2477d2d87f6efe82549e704bc80be4e4d90a873ea,exhaustive
6513,descended,5153,5153,10382,104464,5153,0,True,True,True,39078,41291,41291,39076,39080,141827b87c45cbe0b224a903d3fe398c6f088e575246394f6b054974c04e3ba9,fa9686f61047ac6f59b18a232dbe9afd23be3717605619c8879de79c738857fe,exhaustive
6515,descended,5117,5117,10324,104496,5117,0,True,True,True,39090,41303,41303,39089,39090,79e15f11fe5b38f40e66ee44ba1f4c12d06a577ce3e0880c35f81fd9f3ea080f,1ae6bac347a89a82484c15d0d45a887df632a2ed712d278fbad24d2b8a1717b7,exhaustive
6517,descended,5088,5088,10281,104528,5088,0,True,True,True,39102,41316,41316,39099,39101,b06733431f749284943bab7b7ab359f7cb85e9341af291d79697c1aff9528cc3,143e11b3067d98363d3ed222443f29f4988a5a21f7209aa54b1f72381632acb7,exhaustive
6519,descended,5049,5049,10218,104560,5049,0,True,True,True,39114,41329,41329,39113,39116,401253d14c168e489504243849508fb32c90e7c912e9b72900b86ebaf3d770fe,618edd1b3cb8024ac7c3ee88652da1a8bd17f9ef5fbe8e4925d83f66abf72b15,exhaustive
6521,descended,5014,5014,10165,104592,5014,0,True,True,True,39126,41341,41341,39123,39125,d4e152aa758e3702470576732fa1d3e04c340458e37b0e18bc6d8cb43fa97c95,f7c8aa16149e8727c6a14980954d11e1e9f5a263496daf8e3d195b03162eaf6f,exhaustive
6523,descended,4996,4996,10139,104624,4996,0,True,True,True,39138,41354,41356,39133,39140,5dcdfb6e00721b4f336c1b3462b1de994b5038ce9aa93fa43a7615f04cecfcce,e63d8312f193cdd8bfe0f4bb1ebdd251f31b0dd65111550033a89fbda8f39958,exhaustive
6525,descended,4973,4973,10103,104656,4973,0,True,True,True,39150,41367,41367,39146,39150,b55f379c5659c99a9bfa5a030bb4143d249c6e6a93532713cf7a7a09cef54ba0,d1826f66b35328dbb54bd8085c2c09415e9d492cd3459b73d0610f6545852912,exhaustive
6527,descended,4923,4923,10021,104688,4923,0,True,True,True,39162,41379,41379,39161,39171,50eeeb3a6d4168154dda19b0dec02ef3d162162c4b08039e09a6847587d17cea,935cadf30c11acdd663470a7511015fe028727866758dfd1d92fd74f2718f267,exhaustive
6529,descended,4896,4896,9979,104720,4896,0,True,True,True,39174,41392,41395,39173,39173,8a947c7155760afab767460dfd14e4efdeb6da59877fa2709d99ef924d929478,2216b57baa722d64f71396d8fed2f802f42438670d09fa735407f96b3a0499db,exhaustive
6531,descended,4870,4870,9941,104752,4870,0,True,True,True,39186,41405,41406,39182,39185,e5b8e5afede204055d10080796ed347f4285a45653b87c653a2deaa6fa8632a3,f6ca400b3aaad386ea27e7ece3a0aa69c9f64c77e8c5e56b572414263d24ee51,exhaustive
6533,descended,4836,4836,9886,104784,4836,0,True,True,True,39198,41417,41417,39196,39196,947aaf99a7c6184a500c6e9ec069987cf4e3f57d8978ea41efb250fb457c40d1,3d525c9cf638cd3dece7fdc7e5f91df4102272718d0b8a056b36a6e14aaa86fa,exhaustive
6535,descended,4801,4801,9832,104816,4801,0,True,True,True,39210,41430,41430,39207,39209,987f6e4910b75798c0ae4c51be11e3d4258b0a6ee2d143aaefd4a62ce1f16299,433984b03dc2855f88f07924e34f4b6a9a941e27a1f5e92d40c791d9ba18dfe0,exhaustive
6537,descended,4780,4780,9799,104848,4780,0,True,True,True,39222,41443,41443,39220,39223,1145687486195b3d035c026bb9f54c29be74c69374ce8e56e08cdbda05ed620e,64b37ca70c127c5278c4697c31f460741e1b2191517ba0d08f96ee2c5e23e12f,exhaustive
6539,descended,4746,4746,9746,104880,4746,0,True,True,True,39234,41455,41457,39232,39238,6dc7d272d59a0e8330d4e364a048f0d3b8fa5181c4a0f2dca933ef7311678ab1,d25bbaa413f49f5d59f3e1f8c38be0bba84fbb002aed8aacaedad8e7dcfc6bc5,exhaustive
6541,descended,4723,4723,9708,104912,4723,0,True,True,True,39246,41468,41468,39246,39249,27b9f3e9b63f1f1a418fc59659b99b25b80503f26948f1c2c3a04c460bd6cb22,67d8c32df9978152e3c6884818bc6da2ee7156659de3edb03b13ab382e5b9873,exhaustive
6543,descended,4679,4679,9639,104944,4679,0,True,True,True,39258,41481,41481,39258,39264,3b8fa45f54b406a8d60e4409179a7d9086781a0dc899db1e90d91f47e8071188,464ff9b5f50711f7a66498544d07533f6789db6db857937afe27db2955652205,exhaustive
6545,descended,5187,5187,10445,104976,5187,0,True,True,True,39270,41493,41496,39270,39268,fe7a477c1dc151eb522638df559506c83ff1980644ffff239e016dd7130e31e5,c320ab0f38269f5e4826f3ce0b257be9306a79fcc0376818aa36b382756238be,exhaustive
6547,descended,5720,5720,11293,105008,5720,0,True,True,True,39282,41506,41506,39279,39279,380dc7319a8f2d440cb540e90880b638d32a6064d11ead5fbda3d50f913a1884,155a885f0ce7abdb8ead2ed3d2ecb22dfe00de56bb3b0e3866d0360e5e787c8e,exhaustive
6549,descended,5683,5683,11233,105040,5683,0,True,True,True,39294,41519,41519,39293,39294,0c61d8ce20e81f27851a525c6ddfe3756fc7eee44453b5892e18419514103b82,11be5f0d61d109eb523a784163dc3af5e273fe1a27f3f5478eadf6714b2e1ad8,exhaustive
6551,descended,5645,5645,11175,105072,5645,0,True,True,True,39306,41531,41531,39304,39307,cbaf8afa0948e5610f97805cc3c18f37ca6c6b47aabb41dc51cbce0e12c46000,d6bcb78618c2848b6b6ca77883482e3d3135c9ac7b65b55d275857a6d5aefc7b,exhaustive
6553,descended,5617,5617,11129,105104,5617,0,True,True,True,39318,41544,41546,39318,39316,59a9c421bc192c3c56c24832d511020bbea08ae20b1377a57e64421bef761e54,82411a45ac3c3696450e38a18ed94c93cbe48cffed8caf5ad712445463cd6851,exhaustive
6555,descended,5598,5598,11103,105136,5598,0,True,True,True,39330,41557,41558,39326,39333,2deea545f64b1936d9a2c4ea8317e43b7d5e749d02a71c2a2a5ee8ad80374530,668e846dff5fa909dbcfddb7be8687bc702c046e0dd3fc0fee4a9795b7cdf158,exhaustive
6557,descended,5572,5572,11059,105168,5572,0,True,True,True,39342,41569,41571,39342,39339,c599d2defe5811d77cccc61e13525156909704827ca5a4bafe6b1e94bffdd23d,c8dd732dbe9d2eb2d5f393e05581948346fd6ca1a06429c04e198142b641a3af,exhaustive
6559,descended,5512,5512,10966,105200,5512,0,True,True,True,39354,41582,41582,39352,39357,f1d0be3b19b9593dc63b869b50f98c702dc85cf882d97c60c24f221075176080,ab48269afea432e41736f2640f21dbd69cbbed191b254ffd72a8e8d602187187,exhaustive
6561,descended,5492,5492,10935,105232,5492,0,True,True,True,39366,41595,41595,39364,39365,31d20eb0e0872bc7d05314c59b83cf571dc61a5a8b1110d216c3a70153aae6a7,e9e73e5a3041bb51cf277606d2b42797cb1e1667677609ba3e5e88e340d43e25,exhaustive
6563,descended,5195,5195,10465,105264,5195,0,True,True,True,39378,41608,41608,39376,39378,3dfef74a644d33a21c382940a2163c9dca92f3b613b710725e944e2ef7aa35ac,0f6ed161fe29a271d1debdcec87ae29acb2c972b1c14c477274fc29bf87a57f0,exhaustive
6565,descended,5174,5174,10431,105296,5174,0,True,True,True,39390,41620,41620,39390,39388,7033367537fca85ddefe4c96532252f0b64649bee0462fad3950295d97b68ba1,ef070946aaa3a664e8d12655c191e09df1dfa724a7bc1f3e2b91c9a4f9e02b28,exhaustive
6567,descended,5451,5451,10873,105328,5451,0,True,True,True,39402,41633,41633,39400,39402,0d4021c819e9288cf88a537e34a707b080aacfe2fb2ec483762c76b25eae1a2a,c78c70657a8d954e43f13aebc92da8cc4f246cef93198eb290661115ea20760d,exhaustive
6569,descended,5420,5420,10823,105360,5420,0,True,True,True,39414,41646,41646,39413,39414,6fbd632bf18171c556e07d953f29d34413be0e2ae9d3b91ebf473d34df566c49,4d27655e9889a9799e866408d67ee68dea62ee5b9f5540a394252de1edae7a84,exhaustive
6571,descended,5084,5084,10291,105392,5084,0,True,True,True,39426,41658,41666,39425,39425,668402bcc8b5a31fa43674d74b931ea39f75d2eb8a1335c108b7c9ceaf3782c6,e9222fce7e7e55b32ca34b52505111cfdcbd409d24150659c710e5342b9c8278,exhaustive
6573,descended,5031,5031,10209,105424,5031,0,True,True,True,39438,41671,41671,39436,39443,b90c92bdb96a72925b5e1001715e4b48c0be61ada57b429b1efcccb4e40db80b,337f235099cf92877a9aab0c85997c9da5837d70263e3645c6cca87e9aa2949c,exhaustive
6575,descended,5648,5648,11187,105456,5648,0,True,True,True,39450,41684,41691,39448,39448,ba4f88f786593f116728b3adde1625f09d4f9a5435b49848657f57405ca10170,43c40565bcfc5c2aba9be64244eaf6916667cd7a06fae8f8b7e9aae584aa8d36,exhaustive
6577,descended,5604,5604,11119,105488,5604,0,True,True,True,39462,41696,41697,39459,39463,e4db5331df2699da9425f709b81751028c498c2b87837445f431d21e59fcd2dc,7d612538899463f619bd6a958f1d1909746b1826feffa139221f6e40d0c57629,exhaustive
6579,descended,5222,5222,10513,105520,5222,0,True,True,True,39474,41709,41709,39473,39471,ee6444d379cdd63939d18a5fc2b528339df584753223ee05b93a66308e5c02cb,e11cb72ef1db75b430464118ad0a8703309caf3b434a28510d4c3413bf1f4ce4,exhaustive
6581,descended,5193,5193,10467,105552,5193,0,True,True,True,39486,41722,41722,39485,39487,74acbd2af070af979fcb1c42061f39dbc1f38628a0c2b9e514d82154a4dac9da,1283a5af00e5d4e391c91065399062ed3cf30ba1cafd9e885ee5a733334dad63,exhaustive
6583,descended,5173,5173,10437,105584,5173,0,True,True,True,39498,41734,41734,39496,39494,6d38a251d8c7352ad8f3572c77d6c3b6e99980642d2a4b6638aef8d70f347e57,26036dfdc636c8a27ddd841e2d9aa3e49fccd8002e4b5ca9ab8569deebd434a3,exhaustive
6585,descended,5475,5475,10915,105616,5475,0,True,True,True,39510,41747,41747,39510,39509,c05439bab018fbcf9cb2ca1aead67529f5b42e152bfb28ec5105c84dc5c74f75,f39cc7bb66fff8fd0cbaf050d3f5d3ee711c0a59a406cd5e89ee3e832597d703,exhaustive
6587,descended,5400,5400,10797,105648,5400,0,True,True,True,39522,41760,41761,39521,39522,7de33207319fa7b45f4e3641bdd08d8a753c2455d18a5d7ce3752a7727655e69,a42dff5624f6a481e13d8209ab14a3873c27bb3b495f0899f1f09c9e85128489,exhaustive
6589,descended,5019,5019,10194,105680,5019,0,True,True,True,39534,41772,41772,39533,39533,55590c357064474e9af34d87d93293b82b153bc335288fcabbdf048d9c284184,c66ee93e5520b651e6ff57d4d80f67bad5d13519293f25c96d316857124fbd75,exhaustive
6591,descended,5000,5000,10165,105712,5000,0,True,True,True,39546,41785,41785,39545,39544,397bd468994ab2134c9874897164a8bb5e3c9504ba1953f1eb1aadc936d1fba4,6b5156f999d3fe4027faeaa2a564baf367051a7bf6ad6fdcfada0f5868e86247,exhaustive
6593,descended,5593,5593,11106,105744,5593,0,True,True,True,39558,41798,41798,39556,39560,39154bcebf4f5b951334c02e1796699cff0f1f842dda07fabc2dd78b57e8c35f,23511a10e23bc55fbbc8bedb1573287f03b12c51e1e2891993f859ef2925be30,exhaustive
6595,descended,5578,5578,11087,105776,5578,0,True,True,True,39570,41810,41811,39564,39570,421332abcacd7a2a3c58e306c59ee92fbcd4ae747f4e448ca4809dbcd9be65a4,0b48644fa64d2945c76baec1d02a1040bbeab56918e672048998bcaebebc03e7,exhaustive
6597,descended,5550,5550,11038,105808,5550,0,True,True,True,39582,41823,41823,39582,39578,ccc6964cfd4cb0972404b1876c5feae6a9d02b211a11f978e73ddc6d8128eadf,5e7e08179e132c9c22a26e35a328476ee3375620c852ae6bdf920719a2060829,exhaustive
6599,descended,5513,5513,10986,105840,5513,0,True,True,True,39594,41836,41836,39588,39594,2e88bddaf9886d8446c5f70e775e6247fcdcf8a06dc0b65251dad9c9db072bbc,b087156afea2fb740d27359adf30893b498588c9f1aea9d3c2d4505c4f0e10d2,exhaustive
6601,descended,5475,5475,10923,105872,5475,0,True,True,True,39606,41848,41848,39603,39606,2db835e87d554da97e94c01916a2fa2740e34eca9755c753dc16fce452f5c0fe,22e790e43b2ecb85daa907109251cca2e0d688421f1e55eecd3a880103c97190,exhaustive
6603,descended,5626,5626,11161,105904,5626,0,True,True,True,39618,41861,41866,39617,39618,fb66edc1d5af7755a8be002db81f0fdc66737ae0977dda437ef2301fd796ff6a,5e244b4d02d143e4c11e5454acbe18ab77006fc565ae2aa0dd39d9dea96cff9e,exhaustive
6605,descended,5594,5594,11111,105936,5594,0,True,True,True,39630,41874,41874,39629,39631,ad4ea0cc35ff3050a73067ca4f73ceaeea0906b6b39c5273bc7dd403aeb6d8a8,3aea8ef658d4ebee87f56c601bf58f73e67fcead8a97801c34793d2342427f09,exhaustive
6607,descended,5553,5553,11046,105968,5553,0,True,True,True,39642,41886,41888,39642,39642,3892517950748dd04cae3cbcf7faeaff95cea52541fa9b192f3792f089249a9c,1f7f19a2f7ba25e25c30f19d8491f159f03bd369926979fc44609a53586a8c66,exhaustive
6609,descended,5521,5521,10997,106000,5521,0,True,True,True,39654,41899,41899,39653,39656,9f92cf46bd71892d628fde7432da4c7cfd745cf2a580d8f8efda4a98d6c58cf5,eb11812a8ce55c59d75d021a5904b6dc4f01064997b603adba900a18881c60ad,exhaustive
6611,descended,5497,5497,10961,106032,5497,0,True,True,True,39666,41912,41912,39663,39664,869e6503f15996b07e3009149e69979c0221c34454f2c6e3412fd4994116fa00,b37f962396fdb72c63070c9972f1d3312c99194dc35b6dc8882b264c854365f2,exhaustive
6613,descended,5440,5440,10870,106064,5440,0,True,True,True,39678,41925,41925,39677,39678,4191a08a8753912ac676086384d4fef64bef0bb2c4ee1ebc8627be0808837357,dd2d7663b4b34424a41aacfe6e0490681d19f096144394c20aced79fcf343dea,exhaustive
6615,descended,5413,5413,10827,106096,5413,0,True,True,True,39690,41937,41937,39690,39686,f903a716f7d29cbb503514a98f7f9200c2789d9c2a3e6f12af6f776ff4ea3769,9697c2d9c3f115ab445db7b4e2a4454c820c61c95b84664871fc1ffef1805b6c,exhaustive
6617,descended,5385,5385,10785,106128,5385,0,True,True,True,39702,41950,41951,39700,39704,f08551b2c14ec6493479036f3b9308765576524f8dabcc87fd7e99e498a87540,edfb05ea564ddbb0b7e9dddcf00c8f70846cce124a1f2910303ca00c2c1d6c77,exhaustive
6619,descended,5359,5359,10743,106160,5359,0,True,True,True,39714,41963,41964,39713,39714,f2581439abffb716bb715bab7a9e916a6e5af2928f44c80414ac9e6c1e010ef6,27f267dbe74bd5cb06d855855c7f4f10b974d107363c0ec14823122b2337264f,exhaustive
6621,descended,5251,5251,10572,106192,5251,0,True,True,True,39726,41975,41975,39726,39724,5b7b10807213f5fa3900656033589884c1c03784daeb1df3b1a0a4214bf0e526,4b92a7346bc898045ca504ddd11ee084ca8f6dbb739dbb2a56c1a960e5572be8,exhaustive
6623,descended,5229,5229,10538,106224,5229,0,True,True,True,39738,41988,41988,39738,39738,ea7cc481e67f4e832f68cc9a17a9924bb7592a0c7d633364e1b69864ff4f150b,ecd33f1ce4383c3bb9520fbaae40d3012d380db17cbbeeb544a73d25b42b6906,exhaustive
6625,descended,5203,5203,10498,106256,5203,0,True,True,True,39750,42001,42001,39749,39752,3ebae33baa08ac736a76b4069c349682e119c035fb8a071fa3861da4ded20057,4f0dd286ac4d142f8291570f4449e8be0778f63dd98825419c6bb8207ae46271,exhaustive
6627,descended,5178,5178,10462,106288,5178,0,True,True,True,39762,42013,42014,39758,39763,c0d238e44532c0e05abe0836edde50e580f8b83c0a7c086dbd295b6cd638719c,49e9cf23a6d548cca6ed8346d04328258058a5674f8df19bdf2fb099d75d647e,exhaustive
6629,descended,5150,5150,10416,106320,5150,0,True,True,True,39774,42026,42026,39773,39774,3bf7464df99352aea10d846fb112d6b12bb8f3b34b98ee10a78a930edd03afbc,9d74a10039bea40f032178a43ab08b97b0762417ea7d005f622e8c75a499f747,exhaustive
6631,descended,5566,5566,11076,106352,5566,0,True,True,True,39786,42039,42039,39785,39787,fffdb2c083d4f010322732ab6584603525a36edc72e09e58af26085d85c94648,40f6afad5c6c08b2b67484f1f817c4b218130a3a4c0892787a42d00ccb33bdc2,exhaustive
6633,descended,5543,5543,11042,106384,5543,0,True,True,True,39798,42051,42051,39795,39799,8caaf5334f6a61ad1c1997050634f4b3605c68aaeef1761a34baa95bb30fcb0b,29c85755c827e9c7586f97d5562b7c989fd24962c372fb22a11d32ca61eb1530,exhaustive
6635,descended,5509,5509,10987,106416,5509,0,True,True,True,39810,42064,42066,39809,39805,ee68b16bc8af42454b1173f86cdb6c1859e5453b57465a626733ebce528f71ab,793c5f0eb9de994e6f55981db6cf5444dda5dfacf41011216f7ba50e724ff0c9,exhaustive
6637,descended,5597,5597,11126,106448,5597,0,True,True,True,39822,42077,42078,39822,39819,a54922033265341fe69834bf3e87f695ce1d6d61b0bbd13e9bce975156e30e55,a66c4df0496cef84453a9a58ef4e54572fcb4b275f912e905fb426e359c72e9e,exhaustive
6639,descended,5556,5556,11065,106480,5556,0,True,True,True,39834,42089,42090,39830,39834,e85fc0584ad7ce0b3403934ec43a398914e0ad281608e679f7d3854dbf02b42a,4b625d497881fc1cd4c61feda5147e52f8c398a92161ae50bf7e576e11004ecf,exhaustive
6641,descended,5513,5513,10997,106512,5513,0,True,True,True,39846,42102,42102,39843,39850,86bb51f48dd2962777463081551fa690d72bd16f7418e89b82d6b16aebab293b,8715e5eb48f0b2adc9e48a53de690c64567ffb3ef80b4faa733a10c1b7e31d58,exhaustive
6643,descended,5503,5503,10979,106544,5503,0,True,True,True,39858,42115,42115,39858,39860,eb09c91fb4182a215705baf9f47201ae93093fab91bd141f9802a672512fe3b2,13bc412e04564893813b291c5c4af818c0f32c45bce8236a920c8758a6b58aa6,exhaustive
6645,descended,5482,5482,10947,106576,5482,0,True,True,True,39870,42127,42127,39869,39872,42086bfe40221ed337317918184f041b78779ba49044d6ed03a8d9857c811b2b,81181e250d9d5d744a08effaa7b6ce3514f3064e830a75b7a1ff5d1a68a227c1,exhaustive
6647,descended,5309,5309,10683,106608,5309,0,True,True,True,39882,42140,42140,39872,39886,601a2b1b3bb0df956a9b95a0eea5cd18cb455136c458b5d64271715a9ed8561a,6f9334b2b398bb7bb5a6d865c85f1f3a532dc74083f5eb212cf3fe42adb9d0d9,exhaustive
6649,descended,5266,5266,10610,106640,5266,0,True,True,True,39894,42153,42153,39889,39893,2afe4dcdde1ed77b60e02f0bf0c69f27db169fd75326e074be1bdfdca4a88ce4,ee51291794830c24793c2972d31a9ebccfbb5c866173ac5353c6adb492e732ca,exhaustive
6651,descended,5775,5775,11414,106672,5775,0,True,True,True,39906,42165,42166,39905,39908,1688c433d508aeef6b5216032d222de2b3ba94078c987e808d4ab2a4ae2b2465,ca7ac28fbd9f9b35cabc6b9840af52ffe6e6382ead67d7463d3c96eb997927f3,exhaustive
6653,descended,5734,5734,11349,106704,5734,0,True,True,True,39918,42178,42178,39917,39920,5c710b0dfdc425e19998d6712c9947a05f7c6f39d4ed458b1c09bc8d590980ff,02b02d62d8783c5622891a38ebf93777946e0f3d671ac41c01f36d0e6d0c891c,exhaustive
6655,descended,5685,5685,11272,106736,5685,0,True,True,True,39930,42191,42191,39929,39933,cdaf223722ed09dd9749da615f9c92edc45944f356fdfcad0a6bfa71ef23c2d2,754d33fb02a107e32c69dbed48d11d5f597753198a06bcb8a3334d5daacfe2bd,exhaustive
6657,descended,5660,5660,11235,106768,5660,0,True,True,True,39942,42203,42203,39939,39942,9c31c4529e2c9f8e222e9bf50f9cfb9743ac997f63b48f412e015e471bc85f08,db995f5cdbc502615ddef3347f138c086e446692cfb3d7e8acb36b5bcd50a931,exhaustive
6659,descended,5619,5619,11172,106800,5619,0,True,True,True,39954,42216,42217,39950,39953,194f564bb81b40e5e5b2545c6b01bd8cd13971545e43da3e2bfe4d4857ee6b53,ac0584d93301091878cbc61f07cce52fcdf5be09ef8129a047918fd99fbd0d99,exhaustive
6661,descended,5588,5588,11122,106832,5588,0,True,True,True,39966,42229,42229,39964,39962,7b7cd4f4d53a5b85b3f077108985d64cda0f093cea84cd895c0e62c9ad6299f7,b63f7282299d911c1a0a74c763518bca985c5f201c51907a6d15a32be7849063,exhaustive
6663,descended,5567,5567,11088,106864,5567,0,True,True,True,39978,42242,42242,39977,39977,1927e2117732862666bec1dcabefae4564d0c2a21f56bd657f250a63cafeff0a,e1b1f4390455395f2d586a66c4adde50b143456d9ccbe1988d818a53fbce93ae,exhaustive
6665,descended,5537,5537,11043,106896,5537,0,True,True,True,39990,42254,42254,39987,39989,fabf7a59f8cf2d7e9d526e4f147b763217c6f401a8d8ff327bc4c750058dfa13,e8b29fcba42fa7e78c68505f4046f789e2302e4cc22053028c5d2e8e3316524f,exhaustive
6667,descended,5427,5427,10869,106928,5427,0,True,True,True,40002,42267,42268,39999,40002,126d97a536a70e87b47b2e2bcd81ea3839757ca3180334fd2f18d50e9a302e5f,3232de0a7866daf198a026a94a2d36bd759323908adf597eb949af300900aeef,exhaustive
6669,descended,5392,5392,10813,106960,5392,0,True,True,True,40014,42280,42280,40013,40011,79af655abd39d83829d1346140409a293ddbff8f87a5c3ce50c7b55e4d43b3fc,54326969ee7d96997862e64656eef22597c7fd68b89c0607056c21f640014498,exhaustive
6671,descended,5343,5343,10736,106992,5343,0,True,True,True,40026,42292,42292,40025,40028,db07ec72d534d76f9326f20650b3fc3cc28e89462a5be52c29c25d1e0c4707e8,5036e7542e79be4a63d02be946463cb3cc35c3aafbafffc6898518db384ec63a,exhaustive
6673,descended,5309,5309,10685,107024,5309,0,True,True,True,40038,42305,42306,40034,40036,188c3edeb95055d65e01f04d29e623e83cdcaafff7f558583e473a760a91932d,434fe1baec6ba07688644e5499f537e98461386dc10ab12bef94f411a78987e3,exhaustive
6675,descended,5272,5272,10625,107056,5272,0,True,True,True,40050,42318,42318,40049,40050,ab531218624ccc9a27ccadfe29b60b29078b522e1561a7f2116831ab0d97001f,6e67cc7e6fb30e430f26104f02afe84e93aa4294392c4792f9c8101b8aba163a,exhaustive
6677,descended,5239,5239,10574,107088,5239,0,True,True,True,40062,42330,42330,40060,40063,66456ecb44ce51701c995e9a80fca23df6aeb3e6cd8574cc94f8f1415b79a29a,1b8beacf045aadd5d363586a9ab0703b068f489299e2631f3c6bcf27f6509090,exhaustive
6679,descended,5205,5205,10519,107120,5205,0,True,True,True,40074,42343,42343,40074,40071,f92c30c090575e91e2017bc0a8e908f7c770946dbc7a4e54df686d11cb511c1c,b391bc5cab21d4a1210cecff523eef25af6e253ed1f8ac55df1f6daba14f6afa,exhaustive
6681,descended,5175,5175,10474,107152,5175,0,True,True,True,40086,42356,42356,40084,40084,bd5268a6af14cb32a8c60e52884f6cd7f22bba88bc2ffee79fa7ebd61f86edb1,ae9620aa6c428bd162b2243e7db3f1baf33eea4b8754dcb9bb15312e58449f92,exhaustive
6683,descended,5143,5143,10422,107184,5143,0,True,True,True,40098,42368,42369,40098,40096,f6799780f80227286088d8e0a9bc36d42e29f0340ee46252d00483b6cb083f56,4a497b564c67c983d06215aa179f16bd2ced5ebed5d1298ba2229de3389d7e01,exhaustive
6685,descended,5105,5105,10363,107216,5105,0,True,True,True,40110,42381,42381,40109,40109,f560b40d315a7ba382c6a75aefd29c75288f6fffe6a1c790d89c5698d6553fe9,21193aa9d29fd9bbb146b58710993d7e6b7ebbcc560cc0d8aedbb451bb8b1b01,exhaustive
6687,descended,5081,5081,10325,107248,5081,0,True,True,True,40122,42394,42394,40122,40123,e4f26c4a354dd2519561ba2899ef3dfad1c00a4ff8b58fe85e4ed3da7060fc4a,d638530b2ee4d48dd48d97f824d0c8494142aafc88105c5bff056950083d1047,exhaustive
6689,descended,5038,5038,10258,107280,5038,0,True,True,True,40134,42406,42406,40133,40137,7d3396ef21340056754801ce705cc97ac3f6e9d605a8dc7c72e39c67fb51723a,2b186fa3bd8972bd766b70556cbe0bfecf32642a0d1f35f07d3a9bf3bc64813e,exhaustive
6691,descended,5459,5459,10926,107312,5459,0,True,True,True,40146,42419,42419,40145,40146,a07d454ed27be3cfe93058a663e0dc40a85a484446a587d70007b96131f4daae,5b22899188324e13d3d9287873f32ffe928e5751f29f0c73d9ad1acfd415be2a,exhaustive
6693,descended,5444,5444,10903,107344,5444,0,True,True,True,40158,42432,42432,40157,40160,69e221420bbc0e377fe9ac0c38d893302efc9200396250437735937f8f4bf5b9,47c8bff0ba1ce7829d242da66531390ea728f93bd8714f6bde6890da2a1c2ff8,exhaustive
6695,descended,5396,5396,10829,107376,5396,0,True,True,True,40170,42444,42444,40168,40168,78c91706e7acf7a846983318f81d1bcc6dcd2904b453212f679b6e79bcf61bcb,71d98d8eb3617f1ac5ffcb15aba48916c38202241426a816a605184c231fcaef,exhaustive
6697,descended,5892,5892,11614,107408,5892,0,True,True,True,40182,42457,42457,40182,40183,cf14f7bbe2de4fe960634aa4aa324daa04d2cecfc27ad4e38ed5037e9d62ec9b,a6f1ef4f6c5be05944f86679c71c7434f8af8354d309dadaa6d09194e63e9d82,exhaustive
6699,descended,5862,5862,11568,107440,5862,0,True,True,True,40194,42470,42475,40193,40192,cb63d7ce9ad283b8eebbfa6ea92b958aef58661336963723cf9aa7d29903a645,54fca59744712352bedbde37738d2f2db0a361fde317d8161e6b7d1109d4fb65,exhaustive
6701,descended,5844,5844,11541,107472,5844,0,True,True,True,40206,42482,42482,40204,40198,0f5dfbb427229b49878712160c24ebb4b119852597d8d4a6e12bb8db138ecc02,d079ad805b602773b07f5e016a7739de1480a7bfc7743ae66a875ef242134d3a,exhaustive
6703,descended,5791,5791,11456,107504,5791,0,True,True,True,40218,42495,42496,40218,40217,d56a5f035044392d7a83067002d615f5a900e27539d665b4d8cdb723e8714109,6abd71b1928d172d99e3b02aee932a01b7b88244e2614d91a5bb7f58fbdf14a0,exhaustive
6705,descended,5773,5773,11435,107536,5773,0,True,True,True,40230,42508,42508,40223,40230,17c6cd5707be72befb172039ee5f554b70770f926273a76caa83b0ea48791dbc,77ca52f61faed3727e03ba31c8c5215c8b2e0b5454af9cd5e2f741e7cf24e877,exhaustive
6707,descended,5755,5755,11402,107568,5755,0,True,True,True,40242,42520,42521,40240,40241,6e67b979ff5a0e90d0e19d6a7fddf8e46c40c44b065ef72130d3492b83ce86a7,8c95648dae40508f4a58c786b6336f9650393feaa1f0f7fe3e41a08c916c300a,exhaustive
6709,descended,5722,5722,11350,107600,5722,0,True,True,True,40254,42533,42533,40252,40256,028de0290cf3b6c43de0f320e001fb3f0b04659226aa9dbc66206c62b77bd6dd,1c04a7c22071501d9d1b969207a10342111e3c8753558118fec3fa11fd02122d,exhaustive
6711,descended,5674,5674,11273,107632,5674,0,True,True,True,40266,42546,42546,40266,40268,f54a5fabd77951d2ec8b61d49b4b8d0d8099730667546d3dedacb35c069c0e48,37c7904b7f50573ad8ee9d09a76c0575fe1cdf056b49ed5f99bf721d831fa8e4,exhaustive
6713,descended,5635,5635,11213,107664,5635,0,True,True,True,40278,42558,42558,40277,40278,5fbed296b9b2ff334719aae223db5e071bd8b0885e50932a0407223ee0ac1858,d34e198a622100c09cc1610ceb8d7e1ff7034cfe239eb77eb0b31eef5f21a75e,exhaustive
6715,descended,5597,5597,11154,107696,5597,0,True,True,True,40290,42571,42575,40288,40291,ab0e890d0e1029e5ae16182df7b2ea8c24f12568ad3ffdcdabe8f7a40e93e0ef,8a38d9164c34a0d279cf0d3b2e122a5312da4bb57ba502cd26d779c5d23c05e6,exhaustive
6717,descended,5571,5571,11112,107728,5571,0,True,True,True,40302,42584,42584,40302,40305,9026f400026a3f079b2862bad739fafae06a30968193835a6af191a2c8f8083a,5a4c1521d81cb08f187f6e0c5d7ac556fa6f449154978b95c0a5c9d42626ffa7,exhaustive
6719,descended,5542,5542,11067,107760,5542,0,True,True,True,40314,42597,42597,40313,40314,a8e117f08a78902308a4db20a52fc357e322c25c1be08ae518eec515f1a2fffd,620c0df79eb4c10d5429c254a3b76eab48691087dc9f94ad13ddbafa9a2d0ffa,exhaustive
6721,descended,5916,5916,11660,107792,5916,0,True,True,True,40326,42609,42609,40326,40327,9811276bb483aeb599330522c04b35d038c1a2f830bd1bd70ea0dd26900b53f4,cb144ef071e49d5d6f4acc6c14ff22ffde5aa384880e007c9bd41d2ce8785d91,exhaustive
6723,descended,5897,5897,11631,107824,5897,0,True,True,True,40338,42622,42625,40337,40342,6334483aee833bb9a13e6d806bbb3c0226650cf705299cae5b3df857d8b6f12e,e1953ed2f5c4f0a45b46478e1f58b83c10b270df2780c5a72f299d611aaed8c2,exhaustive
6725,descended,5840,5840,11541,107856,5840,0,True,True,True,40350,42635,42635,40350,40353,79c815afb970637908297f57f1991740e3c298d8d64f61d6df312b2d855738e7,0c1c15d764862711fb3c8d2f89b72f06c44dff1702f84631d5798970ee715fb6,exhaustive
6727,descended,5805,5805,11487,107888,5805,0,True,True,True,40362,42647,42647,40361,40365,8f5d7b418652ec18925f9172587a3e8a456922502ce64827c85b0eb5f61fba68,5ab5119d0a9cde67fa0a490f8b493c8fa1a8e4e4f717c0554d7c53dab931c987,exhaustive
6729,descended,5774,5774,11438,107920,5774,0,True,True,True,40374,42660,42660,40374,40367,e301ee13140ae8795009124052424daf6a251b018834c6c658aba75905f0a4c0,c3ac18c03bb688cb4f9314ffcd086ff0b9444da3022c1433d8b70f5cb44648bb,exhaustive
6731,descended,5733,5733,11374,107952,5733,0,True,True,True,40386,42673,42674,40385,40388,8d37a54c0b95607ddfe38fb8c8be641a57459665fcdb2775edd74d7766cc94ed,3c36793cf5586689dd2357fb03768c2776fc3ab291673d2fb27d4882819ad5db,exhaustive
6733,descended,5269,5269,10640,107984,5269,0,True,True,True,40398,42685,42685,40396,40395,7af90ac800fffc12198024f166762ee5dd9e52be063972ebcfbbcf7ccc6dc0b0,48f8e1615959ee871e6adcca8459cf7432cfbce07354e848fdef0dfa8d12ab18,exhaustive
6735,descended,5693,5693,11312,108016,5693,0,True,True,True,40410,42698,42698,40409,40409,971c5a043d6bede61ad86c2078588704a43225fbe49dfdcd445847efe994ddde,6fe69e1a6f667a3804ddec7270e2c695093b6fd54b21d2dfd4d91c86931fb3f1,exhaustive
6737,descended,5674,5674,11282,108048,5674,0,True,True,True,40422,42711,42711,40422,40419,a4dd84cb0f878b57cb8a427df49b3a2f710434511e3b75ae27d78e54243f8e0b,7d3701bd712307641dfefa59b6781e15a2391ced44c1b377281467831713526b,exhaustive
6739,descended,5603,5603,11170,108080,5603,0,True,True,True,40434,42723,42724,40434,40435,f49e48afc41870331828382be44ac3a7743a04dc355d2bfc72bd5dd7aed17387,bdb0daa20cab9736adb6ae9d4537a059d1170205ed279f7f9f3ccbe316eb3b09,exhaustive
6741,descended,5576,5576,11129,108112,5576,0,True,True,True,40446,42736,42736,40445,40445,e84c59a35fb86e1e54fff85d17304ba185c4483ac02ef90e0d4affed2af231f0,b00f9711449e2326c9660a1f5bf0e239074ef1b616040d5ecdd761d549aca5f8,exhaustive
6743,descended,5514,5514,11031,108144,5514,0,True,True,True,40458,42749,42749,40457,40457,ed7124d916b3f88d19c056207e164d2d5713a7f0ceeb3b8574a211a3b6bc9516,3365694b3ab65591f9fb3b7db5156f7c5698e4fa1f584893e5b4c92baa519359,exhaustive
6745,descended,5491,5491,10995,108176,5491,0,True,True,True,40470,42761,42766,40469,40470,0e3d525d782f1886fc9a65acab0fee7d5222a81ff74a9e8cc76b687a1dffb9d6,e6593c11a2a8b019f408a79b11600f79206ca37ea5dfdebaf2b947735a4aabcd,exhaustive
6747,descended,5468,5468,10959,108208,5468,0,True,True,True,40482,42774,42775,40482,40482,fcd82ed2933d4ee2d5447dc5b371b915e87b48a1dd5ac60b9364baece87cf3d3,e589d7aed7db166b7ec315ece1310a2d48ae79adbfc94f879536867aed76f4d7,exhaustive
6749,descended,5444,5444,10926,108240,5444,0,True,True,True,40494,42787,42787,40489,40494,37bbb4603bea6b3ba4e627cdfdceaaea8846b0b3ba54dde25464c61124a087c8,94b6a7d5d280794a862d56748f5a161fb02fe6e43a205bd48ae88e48bceeda48,exhaustive
6751,descended,5426,5426,10898,108272,5426,0,True,True,True,40506,42799,42801,40501,40509,2bcaaa1c24063300c457c001be162456f8aa1f2dff2913d6ba09debf6a64b1b3,cd15ac9122894bda3c86ee8ff4b6112ee028297df9f69d5ecde9adb5a03f98da,exhaustive
6753,descended,5409,5409,10868,108304,5409,0,True,True,True,40518,42812,42812,40517,40518,dc1a330480b85ac234d1ce3273a356d7fd751e17ba7bf9bc7a9977656bb4d408,25ee83a9601817c422813d8970b61708554d621bbc9cced0aa640b4b51cd646b,exhaustive
6755,descended,5383,5383,10827,108336,5383,0,True,True,True,40530,42825,42825,40530,40532,b1572c6d37b60edc12a3df87c7c287d55d486a033a2f772a359f598e22788ead,1db2ce4b12d3c2d39f9d1264a07b8787a16e80207fbb98dc8980b8740577f13a,exhaustive
6757,descended,5341,5341,10761,108368,5341,0,True,True,True,40542,42837,42837,40542,40539,26fb35ee7bd14453bf1c1460986d328f9c62cc86600790ee5c1d9c705d1bc539,0910313893948dc0bf34d1431d04426cb8ed36cafb103a569addedc8ee2425f2,exhaustive
6759,descended,5314,5314,10721,108400,5314,0,True,True,True,40554,42850,42850,40552,40550,04d10a5d1abdf95a44a82f903425d11a118d49a02c33215b2ba7593cb89e467e,018cb86bdf86928796199ab1ba52b75c7c8ff8e6e79dbd70f24e1a8845d2c341,exhaustive
6761,descended,5276,5276,10660,108432,5276,0,True,True,True,40566,42863,42863,40565,40568,f4e42a41a5dee8d46b0b660553986006292c88861753716be198050ddd8ed636,5966c787e90ba0997e71a43514cc580749ea63c9ec860fb17764afe9ab5845dd,exhaustive
6763,descended,5245,5245,10612,108464,5245,0,True,True,True,40578,42875,42877,40577,40581,9638188b51ad62ac0c08cd052f0bff5fb4dcd4e27af390a0f851eab53dd7fa94,3988369f76e62b10a0226f4db757b15397a1dbd3be9a0b12c86fbb83638db92e,exhaustive
6765,descended,5601,5601,11177,108496,5601,0,True,True,True,40590,42888,42891,40589,40585,73e0d1f1fe54e6a83adfa5ac18818456fc67c4e48d898065c34bd8a14ffebd96,53f57f88ebefb94f6564c76229811b98a1043ac3d8529a9611dc3eb22e5b046a,exhaustive
6767,descended,5548,5548,11093,108528,5548,0,True,True,True,40602,42901,42901,40601,40599,ddafc4840f819022f21e53b80629e517903f49276a0d9a2840151163ea8eaaae,8a91b08ad7225f3384444f3a22aa23de55c6c43104a26b843d98a8845524773e,exhaustive
6769,descended,6011,6011,11827,108560,6011,0,True,True,True,40614,42914,42914,40614,40611,86d8dc2804d7d24a9c016410216f7ce98e295aa059a1ecf132409ce1d16ad515,8cab8d70c54dd27c4c6d4a285497da6344bb15664613a8cba9b7aefea7d1ab1a,exhaustive
6771,descended,5988,5988,11795,108592,5988,0,True,True,True,40626,42926,42926,40622,40625,c930c988686c578c1848116a0974262fe7efa467bd4d135c1fb739534ce77a40,6a1ed241db9075d77e8d8fb338c291d91016db41234f74fc72ad9bff64ab1e01,exhaustive
6773,descended,5953,5953,11737,108624,5953,0,True,True,True,40638,42939,42939,40637,40639,34134597a737cc9699166602458e9b61066da6acbb205929117ec1abf4ddefab,f1508c0719556e179ab0f48a9a2327cf6121c778a308a770ce8c146528697da9,exhaustive
6775,descended,5897,5897,11649,108656,5897,0,True,True,True,40650,42952,42952,40649,40650,872516bacf305288e87db137906bc0ccc12a8e659647879399df99716c5fb75d,b7de55b400dfd3b170b96e2294b6d5e74ce31e9604664d0af6706e1844125535,exhaustive
6777,descended,5827,5827,11538,108688,5827,0,True,True,True,40662,42964,42966,40662,40660,30ee2e665693feaa3b4e7cec6c52c7a872057a09f704aaf8eab806b01acbb509,2eb661fc46c1c3c284fe945a07805da80e3aa210840d53232bebbe881e6d3581,exhaustive
6779,descended,5809,5809,11511,108720,5809,0,True,True,True,40674,42977,42978,40673,40670,4aba3d768d371a66d3f7fa70e73d2e0c4f5cf9408be22db772e2255183b459a3,c1a36db9530dcff7364b5b7c4939b4c844adaa3e159b923ac77f01a1be77f533,exhaustive
6781,descended,5774,5774,11456,108752,5774,0,True,True,True,40686,42990,42990,40685,40676,6c3a5ba32131d2a7771bd6a9175c7aee9d780930895cf8486a53f5e03b25d12c,6145f588376eb5bd7f33af5b428b405304fec128562f3c2c7089772c0e3d9bd6,exhaustive
6783,descended,5715,5715,11363,108784,5715,0,True,True,True,40698,43002,43002,40697,40696,7e65531465cc54220ed28380e770c88cf2d696d795fcd1311d46e716e92f23c4,afe20f73271d89aa466c7882532619977635a05e56f8d5cd08b17da8600496f5,exhaustive
6785,descended,5622,5622,11218,108816,5622,0,True,True,True,40710,43015,43015,40708,40712,c5c3777286016415133e5981241183fb12ee5c39a3c0a5ab50868d179cfc3de8,0d6795fa061ffefe61e3f3438a827b5f65e35ed881e6615e3768ec0fb5428ce5,exhaustive
6787,descended,5596,5596,11177,108848,5596,0,True,True,True,40722,43028,43030,40720,40723,67fba07a9fe49d5a9bced9bdcebd4edf1c6c82172838b5819af820f5c9fafec2,44d3b01c5b7d29e76b9614866c15094b2bf7fc560e8780db2ffa51c451f01001,exhaustive
6789,descended,5564,5564,11126,108880,5564,0,True,True,True,40734,43040,43040,40733,40735,0f9d0c44a6fcaf56136a71643c58cd8715bf0cc10cdcfe44fa459f1a80414c7c,729e757e4fcf737ea30e7091742da786e582f9e232d6838b7fe43f61c3d900df,exhaustive
6791,descended,5542,5542,11093,108912,5542,0,True,True,True,40746,43053,43053,40744,40747,972958738709e596ad676f55f40f0bcbdc7aa92e721769c82ec81979f1b2ccd4,c5974c001d4a41d501862fff162c2cb0ed18173ec1b0a0168c431abd9333f4cb,exhaustive
6793,descended,5467,5467,10974,108944,5467,0,True,True,True,40758,43066,43066,40757,40759,988116be5ac11e58288445a8d19e9337ec57e015628af2a68458729b06459046,574750ee6bd71a0129210b59266e873704dd38cab5a48a85f03901c47e9a22d8,exhaustive
6795,descended,5449,5449,10947,108976,5449,0,True,True,True,40770,43078,43080,40768,40770,733b70b62e995c47ff8eb7f39dbcca9c257d9da59436dc7a0b29f2069f11b82e,8575b035cb898748e803320a2f309789ff571da172636fec9a494235bb3e7be7,exhaustive
6797,descended,5407,5407,10881,109008,5407,0,True,True,True,40782,43091,43091,40780,40778,878b2e70a5e1edb738219062efb92ccf4d365884315da2b0913715c4a54bac92,7dd74b6c4661b4cdbe50289824b037f05500cfdb03631861292e40da0aaba39c,exhaustive
6799,descended,5363,5363,10811,109040,5363,0,True,True,True,40794,43104,43104,40793,40795,8beef777b881dbff0949e147924be47694082f3b9fd88a226c67aef75ed6960e,83962bd9f42985c7dc84b0e043fa490fa32c570fb58abf46a47c74c6938ec731,exhaustive
6801,descended,5785,5785,11480,109072,5785,0,True,True,True,40806,43116,43122,40805,40806,2771f256b628519f9e5e56e52e3afda25b999bd820eac283e3934db3999f2807,e4474193783fbe0c249a28330ffb432c7096dc72e7d46b8335aaf101a403351a,exhaustive
6803,descended,5763,5763,11447,109104,5763,0,True,True,True,40818,43129,43129,40816,40817,01ca7b446121a3e5f224c91c012e48734f2ed071ca750acebd72d60e638667bb,717e7a255264ac98eed533dd730c26a2eb0cc97512d3bdc36f69d9f080ded9a8,exhaustive
6805,descended,5726,5726,11388,109136,5726,0,True,True,True,40830,43142,43142,40829,40829,c839b6555e758b58db58cc85714e709046414c51e338a7ee2ee29933c5b06196,63d5db5a0dfc32f504e6d6b03063987d78af8cdfef4737f38c7d1083ecebbd5d,exhaustive
6807,descended,5199,5199,10558,109168,5199,0,True,True,True,40842,43154,43154,40837,40843,e85bc4000ef4aa77ffdfb7c2380bba99b364b3c809736856ddd5d0015c5451af,dbbd5cff61430bc49a1fa68c62ba5cd5644a52fa1f5cfe53bce216cd39a7f142,exhaustive
6809,descended,5687,5687,11327,109200,5687,0,True,True,True,40854,43167,43167,40854,40852,430a3ee0d46c13524d51ec2d78148775080dd7790ff2d7cd4b5d6eb732e9783f,98a96cef1d70cb960b06cd366a8178d3bfbb942a35e096f0202605bac112cc30,exhaustive
6811,descended,5638,5638,11250,109232,5638,0,True,True,True,40866,43180,43181,40866,40869,0ec176425778a706a0d2ca147159f835563c8a53632d4d0f0ee649b0a481b0b6,1f74e0a18ed27167ecc84475b8fb38530401fd9297d287d66cfb1f3cad909cab,exhaustive
6813,descended,5616,5616,11216,109264,5616,0,True,True,True,40878,43192,43195,40878,40875,89fd1694efdcd576481e10001930ec2c0f764485a2e7dee833d97203f0eea66b,eef5afe3d55fa2c7e4c4a8d43422153b94234cdc35dd97862263797c96352fae,exhaustive
6815,descended,5587,5587,11171,109296,5587,0,True,True,True,40890,43205,43205,40889,40890,d6e53627e00bf33248de47829bcffc2cd87adb8d5e742c96f508361252c5fb30,42c9e32d5ab29b316515c78b3f1b36a635ce1fa8c5ee69ec91cc9dcb835568e3,exhaustive
6817,descended,5566,5566,11138,109328,5566,0,True,True,True,40902,43218,43218,40902,40899,753f09d734f6f77c4c448f332a7ce56abe2450401a56ca1eb750a3099396e9bb,f684b5f2b8395e898fd05c1dbddbb35996eb6edbf7dc6935f6a51b49789723af,exhaustive
6819,descended,5528,5528,11079,109360,5528,0,True,True,True,40914,43231,43231,40913,40917,aa22084d500da5da9b15280a5057dca06e90867cf6bade649e56de4f8f23eeaf,ad7720c33528bf665dc5e5f1e70dbe5028a9594bb3537370693cffa17501345a,exhaustive
6821,descended,5480,5480,11003,109392,5480,0,True,True,True,40926,43243,43243,40926,40928,0569cb6be6761cde514d8eb54a7524b2d00065f4d13aa86faa17c4d71ae96d4e,e5a285251f3f22ba68d44344f9452b438412b4b9ba97117c3ee90404c0033f4f,exhaustive
6823,descended,5450,5450,10957,109424,5450,0,True,True,True,40938,43256,43256,40937,40940,23140f4075021c7fc12199491d56a4de3fc2242b84c9734a06d29c350384873b,b9ac0e0a5a277f39770e974a5f601d28f3df8334d4e9a7becdd95c2121577bad,exhaustive
6825,descended,5429,5429,10926,109456,5429,0,True,True,True,40950,43269,43269,40947,40950,94f652a32dffd650fa89e29bb64ade03f1b036dead7badcd8e0b259d270fe158,825ac274154cbe66a3af5bdbc4474ffd85ce3cfc92cc075f6b8dc52b18cc38c9,exhaustive
6827,descended,5398,5398,10876,109488,5398,0,True,True,True,40962,43281,43284,40961,40960,3865ceae51de4ee5780ab545a61bd1783966efd5a14603af4d17f43087e92ddb,737cb18c2e56418e7c4d4cdfa38bfbfc748df2c0309e505b0d860e3b953f12fa,exhaustive
6829,descended,5365,5365,10824,109520,5365,0,True,True,True,40974,43294,43294,40973,40975,82de3793b7025f448a38a7a50f49eba061d63bafb94ccb1774232e6a8cb52584,f002973c5df9940f2012fb9fb7adca4fba7cf5547313a3535e1f3fb12bdd608a,exhaustive
6831,descended,5332,5332,10772,109552,5332,0,True,True,True,40986,43307,43309,40986,40988,856dc6e2dcd77e9681989ae73f24f0ea8f16838b5f4528c310fb68f1d88868b3,5679c582551a1a1ec7107f4cab26442e4dbde8f289f1a1ed5f1d2846235fe390,exhaustive
6833,descended,5309,5309,10736,109584,5309,0,True,True,True,40998,43319,43319,40998,40996,63a66a8697346dffdc8bcbe6b56d5e25c09461ee46e683bd4709cfb3ccd55ea1,92c2721b4eb0e061f17fbf335aa5192b517986abeed1f4da055ea640b152e9e1,exhaustive
6835,descended,5279,5279,10690,109616,5279,0,True,True,True,41010,43332,43332,41009,41011,8908ab1ab2b87008469bbbed5b8dcc1842a76c54734f27415b3f1be06cd2ef9d,2dc20ad4e07eaa2584baac533513cd4337ab95f260dde08407a8172e4e1443cf,exhaustive
6837,descended,5247,5247,10642,109648,5247,0,True,True,True,41022,43345,43345,41019,41023,cb371369c1288f1cb61976584f498b56d14e8717703a424ef806210fca5c5a03,b8dbe14c9d66c528e4e1295609cc38d8d27688c415b7176cf4ed4650b6048ce7,exhaustive
6839,descended,5656,5656,11289,109680,5656,0,True,True,True,41034,43357,43361,41033,41032,4e905a8a8cfaf2be38e114b711e537bb3a13fde6ae46e64c3905715782ce9ec3,99f93e423ff945a8b2f1eff660af98266306c709a3b23b1a3a98f07f13e20cd7,exhaustive
6841,descended,5165,5165,10512,109712,5165,0,True,True,True,41046,43370,43372,41044,41043,12e8f1fd567c51eb2635b16382622884731845035d86e3635bf7ddad0ea5b28d,7b30aaccd6890a6d12f4e4f55e592a86a4e6393d646d468f16630a65924c6193,exhaustive
6843,descended,6119,6119,12025,109744,6119,0,True,True,True,41058,43383,43385,41056,41057,d2a78016372c7e2582e4fbf12d21e3d4fec52566f6c608b89eb69f908a42b364,0ca9cfa196a07c41885b17de117addb1be546c139533830ca43468f1cdec0757,exhaustive
6845,descended,6058,6058,11928,109776,6058,0,True,True,True,41070,43395,43395,41069,41069,001132d802b75a9829b97ff781faab80b25ae3fe99fd8c632a397b752eb085dc,2c65add02cbbaa7dc047e60f39048eade39596a9c07032d9aa1c3a1890393d75,exhaustive
6847,descended,6020,6020,11868,109808,6020,0,True,True,True,41082,43408,43409,41082,41075,29fd5ede5d3d2d39d00ff003f36b2efda089fb70a04d17d94e8795675243b04e,c006aa06571f2874c279e69cda96303b8a7de29fd4888bc7dd2ea5158d506916,exhaustive
6849,descended,5991,5991,11823,109840,5991,0,True,True,True,41094,43421,43421,41093,41098,e0183a5bdc273cc7d1617845a5c03f7e975c1e92ee06150113225a3011c3614a,1c24861689c474659843322127b1852bc8b6106080c8e9e594f87d98160f5a50,exhaustive
6851,descended,5948,5948,11755,109872,5948,0,True,True,True,41106,43433,43434,41106,41104,29acf8b2057af10c3b5196b0bdc1b5ec3ac6b532e41d335c8a8bf7dc3ee72cac,3f439c93a07be8536b33340660002dae26b61c7bb653e7db7c9001cf5b4e9cc3,exhaustive
6853,descended,5911,5911,11697,109904,5911,0,True,True,True,41118,43446,43446,41118,41120,cde39140fbff892b5e094625acc463c7f7f3646c9e8eb3f85dc81e445ee98125,ec47480c261a67a51815c4a33355edf16e1a1b291bfa31fdfacba27d9e56a285,exhaustive
6855,descended,5891,5891,11666,109936,5891,0,True,True,True,41130,43459,43459,41130,41128,d79ef894bd5cbbc016f531028197b9167dca68d22f9ae50cfc93308972a43fad,dafdc05a14d2a683df28a5fe50ef9b52292b7489eab2823630e1e6775fb97468,exhaustive
6857,descended,5842,5842,11589,109968,5842,0,True,True,True,41142,43471,43471,41142,41138,d13a81abad678034fd83b49368836122f86de8c5188d4293b22e0c09674481fa,dc5cfe7922f6ab0c315e29eec1eecbddb648a71129fb7213c024983653cd81bb,exhaustive
6859,descended,5749,5749,11443,110000,5749,0,True,True,True,41154,43484,43485,41153,41156,d6398a8155b95107126011ff5605ed5d530e5e0a3f222b1e635f8c9ed40655ca,3dc453219e1275d6061c481f95d09a74bd84ab8ade4ded10aa784d3b711ef3ab,exhaustive
6861,descended,5631,5631,11256,110032,5631,0,True,True,True,41166,43497,43497,41166,41163,2fbb32141444fa75a452d8e6c129ff842e89a8ced4c976c0558d5bef966c6f5f,db7a8c37fe834ce8d22d60e7bd31183b41a6caa3e575f740302ba7cb9a4ff4c2,exhaustive
6863,descended,5698,5698,11369,110064,5698,0,True,True,True,41178,43509,43509,41172,41178,aacde55a42f430e15faa806e9ff46aa6e8b0e3039dbb042f4af89d0f4471c11a,57b06ef95ab26faccf97fcf19d1d2c30b6ea7688f357be0b162137ad8182a88e,exhaustive
6865,descended,5580,5580,11179,110096,5580,0,True,True,True,41190,43522,43522,41187,41189,c673bde013aef0b9121322fdbe10b91e5c4361ce670e1cf7cd5aa2671fed6ef2,0cf16fa4e325d41ac3e428a170dbe82c11a61327e062c944b023b640a82957f6,exhaustive
6867,descended,5532,5532,11101,110128,5532,0,True,True,True,41202,43535,43535,41202,41202,67d984c3cc6cd1062f0c7234e1790bd2921af9aeae402ca37a3a2ce3e3f0d416,7708276284aeb9995a499599f86bee6a55faf42cc43f00f4334eae67cdd1dab7,exhaustive
6869,descended,5481,5481,11021,110160,5481,0,True,True,True,41214,43548,43548,41214,41211,150ccc2e53e8fcd2d9670cc2049ab83c734302e187473c73076780be79f4a0e2,d65fef8ea87cb4096251879a2de5ce88281bb412bd90d1564e2433d55418ee3b,exhaustive
6871,descended,5425,5425,10933,110192,5425,0,True,True,True,41226,43560,43560,41226,41226,556394690141348016fe84ee589060e2ade29c62ef8f72a06b0b8d3404b080d6,f26d23369f16b36b4fb868b897ac14d772f25395f0ee453b76db12cd23fb78c8,exhaustive
6873,descended,5402,5402,10899,110224,5402,0,True,True,True,41238,43573,43573,41236,41239,2086040fc4948839b654e680b31e10105a5b03a55d7e5649b3585280b1dcf87a,c8512c74e54c6a527595981c85b0e4ac3cc02a5101fed399a911204fd6a89a53,exhaustive
6875,descended,5369,5369,10848,110256,5369,0,True,True,True,41250,43586,43588,41247,41249,1736971f27d7626ca40f475d2e2a5605aa02102c68d66b01e7ea7ba1acfb2e62,48c710de9d5c318af8045ccbdd9ec0d1780ddafcb740e15102063c072d396665,exhaustive
6877,descended,5339,5339,10799,110288,5339,0,True,True,True,41262,43598,43598,41261,41266,8f7885a646aa4b9bf33235a8585271c288bcc47ba8be411051d8adbb32146c69,e170071a5c248d3e489ff6647785b5fb4848fcaf0adce985d2b75f5fb8cfc933,exhaustive
6879,descended,5310,5310,10754,110320,5310,0,True,True,True,41274,43611,43611,41273,41275,91910b187e2d3f7f9aa44a4e41ecbc4cde8a9f3c2f7d7aadec32f57333b791ec,e5c4f02c683d069e6846ee6ad52b81b3a0573580810d757c5043ff6a6f90e523,exhaustive
6881,descended,5925,5925,11729,110352,5925,0,True,True,True,41286,43624,43624,41285,41286,5829df651ed128f7a154046b122f2db77d487b6f7df7fbe4dc2d8f7ee70a8f4e,bc6514ed83053c24947176cc864e0565f3ab2d43d5c5b320764471616e9db06a,exhaustive
6883,descended,5888,5888,11671,110384,5888,0,True,True,True,41298,43636,43636,41298,41292,5bcf5a5a350e1caa35a4c11f5d86d860af09a5a3aad405bd3f4444aad5f19e66,98d927b21a23a0a0ef520a305ac15680302ec8ce1c8de35f439c4308de87f75a,exhaustive
6885,descended,5795,5795,11524,110416,5795,0,True,True,True,41310,43649,43649,41310,41312,c44dbaf259517cbfefb2e191811f22790172d7f5ef4bc42384b4a71e81c88893,aac0aedd35e9e13b50c096d472589122266f0d61920318710e0f95778860af77,exhaustive
6887,descended,5770,5770,11486,110448,5770,0,True,True,True,41322,43662,43662,41321,41322,4dc2b13aea0a50e27e7c95e7e9a1c9784cbfdc14ed895d3974c93533651e98da,8de83a39aab6a58c8e2a2cbaef823c4040e851aabb0af8cb004b35aca55aed5e,exhaustive
6889,descended,5756,5756,11464,110480,5756,0,True,True,True,41334,43674,43674,41333,41335,95a4b1c766d9c954a2d28de875fe903c36242ef701bb04d21e7e704edc97c6e8,70bc3cfb37e0830b8542a4097d7a456d7a7d8fb646af88ecc0bfa775d75bd8ce,exhaustive
6891,descended,5742,5742,11452,110512,5742,0,True,True,True,41346,43687,43689,41336,41348,30cf3fcb5de238e2926755997ecb81687fd774366c8e5ad44d28f333adde7441,a1618d048a2a0c7a43acba78392c70c09cb864ffe1596cd8ca44f5cddff4cab8,exhaustive
6893,descended,5679,5679,11343,110544,5679,0,True,True,True,41358,43700,43700,41358,41355,1745658a9b8ce3943dad2a48344ac0941a20b9dbcdd3b599cdc7848193b6be53,a71fa0783fc47e23bafe4b12641741efe445243054e3de4b2f020250b349b134,exhaustive
6895,descended,5659,5659,11314,110576,5659,0,True,True,True,41370,43712,43713,41368,41365,4c1c1a34ba853e38d303efe9dd985f04b91638ad62986e5161c32b8a56b34d95,cd5fed437384be83b6f60f8d346fdb567594745ed8ef7d0988bde515cf3f3c81,exhaustive
6897,descended,5619,5619,11252,110608,5619,0,True,True,True,41382,43725,43725,41379,41382,0dc9db944439c424ffa9c293a382d488647deaa9d6b6936816ed36494b586270,4317d55efb96896ae687c0047a2c679d51d5e2d62767734b3f604ecec13e426c,exhaustive
6899,descended,5556,5556,11150,110640,5556,0,True,True,True,41394,43738,43738,41394,41397,ba589aea9ad97b1a594ca5aca5f11f936a2b8f515cd3a27857c029a7fd3b1803,749f47a1f160d239cc8c4efc4f11fb4011bf95ead8375e0411ffb15b0589d8da,exhaustive
6901,descended,5522,5522,11097,110672,5522,0,True,True,True,41406,43750,43750,41406,41408,b5c3325a4024746cd05da8d37cf58d9b1c24d421ace295b7fe2a46602ff17043,7e45f1a2b578af821419504bd7ef48428c719ae046325b479b150946d36876ac,exhaustive
6903,descended,5497,5497,11058,110704,5497,0,True,True,True,41418,43763,43765,41418,41418,c7bd1e5a4f7b3a679afe9c596837223c943f6bdf00f22fe62b12053724246ad5,0d87c8d609a40f5790e77666cb8689e1017596fc781b0a3648b8515379581bfd,exhaustive
6905,descended,5470,5470,11018,110736,5470,0,True,True,True,41430,43776,43777,41427,41430,7e6f59d283d4282ee7aff3c2ef578fce259470413a7d501d57a4ebcf565be0a0,433bdb3c2c6d4a210e378e3f0f15a0952f192c1fa80e50e2237ec420849d1a5f,exhaustive
6907,descended,5396,5396,10900,110768,5396,0,True,True,True,41442,43788,43794,41441,41442,68915f349374b5aab5e31d1cae45881d3151ad10935f8e96bddf57ae92e0bef5,b54fa8f7125a77e77c1dd9a62845211ac76fa4d656aa9031cfce8a3baa7b741c,exhaustive
6909,descended,5384,5384,10886,110800,5384,0,True,True,True,41454,43801,43803,41449,41451,764c34bfec5757453979a254fa37429d1226dfcbd1ebf6c8fb006b3493e1825c,fe1029d681ba042cca70b4f92927ce09657f90982389e468c62c78f38553d09c,exhaustive
6911,descended,5311,5311,10767,110832,5311,0,True,True,True,41466,43814,43814,41465,41464,6fbe1a87f8c424e4fb699926112be774829efce5e5e14004916315a43806aab9,32d6c68e9b692c695f055eb1c492968cff256e49c897f0c2cbb88d998729f89f,exhaustive
6913,descended,5644,5644,11296,110864,5644,0,True,True,True,41478,43826,43826,41476,41477,fb7a8ee9706f1d3c6d4196531f716fd7c76e0271cef1ba00e5d40f14c4dc8ace,39024f90ede02357b0b60dd8ae470e3d5ca2eccd380427e97231cca433b77386,exhaustive
6915,descended,5252,5252,10674,110896,5252,0,True,True,True,41490,43839,43841,41489,41493,2905f813f1fc45ec755a6fe3747a197782600b1fd559a5d91bbcbf89d8d8aeb3,22c58ee2a65c9c6ad8f00932de5211a639b24b7820d3133484f12f14e7953ca5,exhaustive
6917,descended,5208,5208,10606,110928,5208,0,True,True,True,41502,43852,43852,41500,41510,634aa530ee7f34df222531be3d5818a5ed021af2204a53edfb5005405079614b,9c9733e345048031cc78bb1f8fd8ee1f2332ac0dbc226472d603e25c6da9f7fd,exhaustive
6919,descended,5143,5143,10503,110960,5143,0,True,True,True,41514,43865,43865,41513,41514,609bda7918d4acefd0bff50cc14cd0cf5697b1b8f81b94ead87ff74b7add6582,dd34c60fc88db4063deee684b38cc3834f1b340aa4dce950b7635535225bfd87,exhaustive
6921,descended,5536,5536,11128,110992,5536,0,True,True,True,41526,43877,43877,41524,41527,c688a219760ec875b96cc8763531fdc58f2d8846d44d86cf69f24607dd2d9b4b,cd95e7d9ecc1088bd29037a631ca83f4eab22dff4cb4ae77f925ef228641c214,exhaustive
6923,descended,5504,5504,11080,111024,5504,0,True,True,True,41538,43890,43891,41534,41525,30dc53f79c29eb29323a14a8adc7be5823cc78fc0ca4c9bd341befe6e7037361,adbfc5372d646519dbc48e910de1be76d9de3690420d01da6518ce619b7d2dc4,exhaustive
6925,descended,5490,5490,11058,111056,5490,0,True,True,True,41550,43903,43903,41546,41551,0bdcf535df1c09d118e4293a15bb07f284082c5c09dcda21a6c8e693d6707816,e9d727c0bced522dc4b968d9723976f253d6e9ba048134b3e6b67d3269e2f5a8,exhaustive
6927,descended,5461,5461,11009,111088,5461,0,True,True,True,41562,43915,43915,41562,41564,ff793277e43410eb3fc9838afe9d62518d6aadcb5172cdb9b4837a2b34cb775f,c5ac74a22345e42c5477eeabf950ba9597426207f9b9ce7ff22e95d5f96d8710,exhaustive
6929,descended,5870,5870,11658,111120,5870,0,True,True,True,41574,43928,43930,41574,41576,18fc2d9d8117cf0f3d767fae55be2cb52d122e77a56f68512322f2678455b2a2,70c4c9bea9c80c8767b9e19af90c6ac3329d8e366d0a7c192ef836495151797d,exhaustive
6931,descended,5820,5820,11580,111152,5820,0,True,True,True,41586,43941,43941,41585,41583,0758633058685a4794a66f7bb2c77ee6e0b23ad0a73df122e4e1522ffa02c6f2,293f54fe2a9507558281a4a04853c7be8dba41519125217e8dd9623efc6248f9,exhaustive
6933,descended,5786,5786,11526,111184,5786,0,True,True,True,41598,43953,43953,41598,41599,64bc1a784300812efe4a9a723594fb27ba0ed7419c0cfe198843b75ee0296555,917825cf1cc1baef2610a5c6f250af79d91a2bdcbbb480ddb254a176028d8b69,exhaustive
6935,descended,5725,5725,11430,111216,5725,0,True,True,True,41610,43966,43967,41610,41608,3e0111ca0922f8e2e1b579a2167057da774ef1f9dffa512b3c9d51053d283a4d,3c9474e65a86a3848bdee501366487fd3f10149ca44991f3a7b0e10cc190bf91,exhaustive
6937,descended,5694,5694,11382,111248,5694,0,True,True,True,41622,43979,43985,41621,41635,42bfdac71dd9b6eaf89771b9c5dd51e9d9b9dacf185a49f69d1b1d3326a77e37,5f6f7f3f0594a9116d742546d786338ebb8cdfe6e857a1c31e7ca3bedf8417a6,exhaustive
6939,descended,5686,5686,11382,111280,5686,0,True,True,True,41634,43991,43992,41621,41634,06ab523fcf690577a739719634c847463c429252f1d1c4edd35e52bd9ba14d87,5f6f7f3f0594a9116d742546d786338ebb8cdfe6e857a1c31e7ca3bedf8417a6,exhaustive
6941,descended,5619,5619,11265,111312,5619,0,True,True,True,41646,44004,44005,41645,41647,16cff6552830c883d62b2e6d1c89dae6117a9ad96b89f3e893637ce09ecd358a,04b541ef72ad7cf5caf78d5afbdb78d885d3971c9ac80f95777b187d039c2de9,exhaustive
6943,descended,5614,5614,11258,111344,5614,0,True,True,True,41658,44017,44017,41657,41658,274dc31ffeed5d0dfd5ee52cdc21629cc4e5046cb9e446310cbf732ce002dced,182f8170c6c8107251823e4e48d917ef0ceae14e4a2bc25096188fb4dfa2151a,exhaustive
6945,descended,5596,5596,11230,111376,5596,0,True,True,True,41670,44029,44029,41669,41672,c4173de3c999cbf3f0cb12336511b0ec4926ccdc01427fb8077627f4afe7caf1,1b21f2445ba6346d0d02434c9fdff7f2e1484b370620a43882f9279212e2148f,exhaustive
6947,descended,5552,5552,11160,111408,5552,0,True,True,True,41682,44042,44042,41682,41677,34b81da3faa50806a1bc99ee4832d9c0791a6df9a6aaf19ccbc7c3e88b94af3d,1b53f3e181ab973e1d32b09a66f0986222973eeeb189ee7c4943564c58fe443b,exhaustive
6949,descended,5525,5525,11118,111440,5525,0,True,True,True,41694,44055,44055,41694,41694,cc1a4397e8a90dbbc6fa693d4321fdbfa4ec1aaf8e223fb993d42d75ba1ed489,0457d9d44e39607803a9e2eef194ac542ed7aa76b1339e169f4f2497f3b1fe92,exhaustive
6951,descended,5476,5476,11042,111472,5476,0,True,True,True,41706,44067,44067,41705,41707,8d5ba030a53ca9a85fdb7f141553ce6981da0e241f150b474d59dc6214768c5b,ee547dc8499b60df328b29801615423a589ddc599d12374651eec2f9dffb6e4f,exhaustive
6953,descended,5453,5453,11008,111504,5453,0,True,True,True,41718,44080,44080,41715,41719,ed9702476317f95a94bda2237b04a5e43ca5e944429d5aded3b9940d2aae5f72,e94a0bf02e428881a9e73dbd2bb4a53f92f7fb65efa20ed26996b31db531a648,exhaustive
6955,descended,5440,5440,10988,111536,5440,0,True,True,True,41730,44093,44096,41727,41729,c0cce5bcdf5d1a183105c47de6bce6a3a5c86add4bae1e4fbe1c3856597729f0,a566af32a440008ba5eeb88f6f9e1cd5dc1be2e67c45fc45993b9bf6f9a28c93,exhaustive
6957,descended,5360,5360,10860,111568,5360,0,True,True,True,41742,44105,44105,41741,41740,62c89a11a7cbbc268171db607427919eea817155179b4737367ec1094c9b631b,f57a81718ad7d373eeaf54c4a069747be3bf9d7cbcdfb27b2f8be45f72a85bbc,exhaustive
6959,descended,5333,5333,10817,111600,5333,0,True,True,True,41754,44118,44119,41754,41749,695265ec842aa1550f1e1daf50bf9cc0ec86b0ecd3a87a17f6e02d410353cb98,15b2301922cb0c0cc6454a0741d1268a69f343e30251454c0fcbec8a5d74cb89,exhaustive
6961,descended,5603,5603,11246,111632,5603,0,True,True,True,41766,44131,44131,41765,41764,3574f97f21e97cdd5ead89fda51a655ab62b92875a896af5d357c911cab0a5ac,7dc46c595cbef077d95fb503f5afbb7d27acc3a8406d844d8681f5df0fa9b59e,exhaustive
6963,descended,5541,5541,11148,111664,5541,0,True,True,True,41778,44143,44145,41778,41774,a3ab539c896810fe6d050226588724300a691668df63bf0efb8c094488df66df,da6938529c86abed1e0fff2e0e8336fca1fe76a6dd45f562885e2c4c9eba427b,exhaustive
6965,descended,5466,5466,11030,111696,5466,0,True,True,True,41790,44156,44156,41790,41790,498e556c3b0a16fad5731f22c6517ad94ad878e7e795be2dca9fbc9d3c867946,35398757cbf0ad4b3241f1984289af5b5fe68add30db0b0f248b67184ca289d0,exhaustive
6967,descended,5183,5183,10582,111728,5183,0,True,True,True,41802,44169,44169,41802,41799,a214cbc872547e755f36d9dbea14f9a5136cfe6f89b01e298362a80fa517937e,bc90bc01a303efdcb724ca96de2887d9f1acdf4c8b4b11873995407a4d949ee9,exhaustive
6969,descended,5417,5417,10954,111760,5417,0,True,True,True,41814,44181,44181,41813,41815,8ebb78ba40038ef73144a97261fd4947aaeb418c933b4ff46400cffc90a2a701,015c0fd3284bbbd7f2e397e96139fdfa75bb6488fa905987ac6230a2f9cddd0d,exhaustive
6971,descended,6027,6027,11921,111792,6027,0,True,True,True,41826,44194,44196,41826,41828,f264aad00fdb44c19b35cdbbbc9829cf7ab4ccf86360e9ffc0cca5bda2187dbc,cf65a3e3896ba36368d5c85e54c234e3ce5319b086b5c961ebdd9283c2c11236,exhaustive
6973,descended,5981,5981,11850,111824,5981,0,True,True,True,41838,44207,44207,41837,41838,73440e5054b1050ed5758134b1f5eb3062497e7d229adf7fcb6e7d022773a528,987a66fdbcf0b11ac063961a7a6b3d17d90e3ac0c4b4fa00a0d659da5db341da,exhaustive
6975,descended,5939,5939,11783,111856,5939,0,True,True,True,41850,44220,44220,41850,41847,49517afeb914d3edccafc16fc31b8882e25569aa1ad847be47e653636a6ced68,ba91826d1e97fea49702ec95c1e5900a2237e8c58b903619f70d1029e0bc1f89,exhaustive
6977,descended,5866,5866,11669,111888,5866,0,True,True,True,41862,44232,44234,41861,41864,0c5421b7ae567b4db6575d983754766f2933e7cf1c26bd9aa669db84d1352d9c,4e4381328ad0cdb83623210cfbb9abb2857032b0a479f4fc0350ff9d4114e0fc,exhaustive
6979,descended,5779,5779,11531,111920,5779,0,True,True,True,41874,44245,44245,41873,41872,c983ee438d7d2d75823a6370403e00d3146f766a5f38d2106ec08b006b79d296,0cdda1048da3da5e644effa99cb5d56b651edf93534de2f497f23c21b12094ae,exhaustive
6981,descended,5742,5742,11474,111952,5742,0,True,True,True,41886,44258,44258,41884,41886,f935db86ac3bfd0084ade1655eabf38dd66ae60cbec3a83cc4a38aceca24a345,d2363b757f879d45c3dcb473d2de7724fdf0b58312c24f4222e2d1e365651e58,exhaustive
6983,descended,5709,5709,11421,111984,5709,0,True,True,True,41898,44270,44270,41898,41896,50866b14ef96144088edadacc9fe9797b36995ad96b561d5f36aebec93c7628b,2803d6eb97fb80dbbc066e45ddf642e797cb407135cb0e75d9036c1b305b0e3a,exhaustive
6985,descended,5956,5956,11815,112016,5956,0,True,True,True,41910,44283,44283,41908,41911,f74f42751c5171ca31360b39c485ca15716d5d207ead754266f765fc7b557cdf,9719446dd70936a6efaebe3d06d955ff2614694414537f4348c3ff5042a14bc5,exhaustive
6987,descended,5599,5599,11248,112048,5599,0,True,True,True,41922,44296,44297,41922,41920,b129bd1c3d4984c93273d8ca02262699905dcf3a74ff280490d4c54533804b61,645fc3bfa99a238ebdba7611545cfcdc54b0c2f19473b5be9dc9c9f2e708032d,exhaustive
6989,descended,5535,5535,11148,112080,5535,0,True,True,True,41934,44308,44308,41933,41937,ab2231cc94c068cbc526e5723bd1e921a569401cfd5d8be53602a1cd96ee6d9c,efb947d9c5da3879da3099396c3b09972c0e6a5a99032fc9468838c72c04388e,exhaustive
6991,descended,5884,5884,11702,112112,5884,0,True,True,True,41946,44321,44321,41945,41949,c9f4b256a8705c7aaf7d7fb6d2dbaa7981369df1356bf81a1b5c3dca32390114,7db3422f1bdeb8c7af69e75de070e7744158245a26139e3e5feac77a72688c3c,exhaustive
6993,descended,5862,5862,11668,112144,5862,0,True,True,True,41958,44334,44337,41957,41964,08ff54eb2cf5a41bcb21c99698d9b7245301cb963fd289c8750adbdca5227c85,a2c78a2efd1e12e974675199a40ba241052169da6134f068fe0fb6443deef5ff,exhaustive
6995,descended,5837,5837,11629,112176,5837,0,True,True,True,41970,44346,44347,41969,41970,31ba464201e84d989fde58479bda4206d53987bff76f0f2d31f5fc5ea43cf962,2fd193abd308f17d2daa7d51ee60ae9d87da8f5d0f007ece6c988cc4361e635c,exhaustive
6997,descended,5809,5809,11587,112208,5809,0,True,True,True,41982,44359,44359,41979,41979,24e1d58988733cebdf092ea70cd925b565b5278eea0a812a56324a713daad0ee,aaba34ebd63a83c3f0894a930247bdb06b96394c4e9475585cd0d30f84ceb228,exhaustive
6999,descended,5780,5780,11541,112240,5780,0,True,True,True,41994,44372,44372,41992,41994,ba3f88dbce308d8e3e2af4b82e7f64a9b7bd77ac7c03d14d445304760782a89e,ce3dee409b855952d420daaaa63f1a7407e4b8ec78835befef1fb8a5296a010f,exhaustive
7001,descended,5702,5702,11416,112272,5702,0,True,True,True,42006,44384,44384,42006,42004,dab0c581ac06cea6ab9edb13835128fb30082bcd3a5815309f3ee8157daab77c,7c8ae98bd8793beefc69a475cb1675e4e7d28dce4bc0d37be0371d8e7943901e,exhaustive
7003,descended,5765,5765,11517,112304,5765,0,True,True,True,42018,44397,44398,42017,42016,760d7ee4896616880aade85d38a9254c54af4eda22a6d760961c3ca1974ccbe0,0e2e10e9e7bfb814ed108eff2a183cb1c967146286aa0693908ce0e5ff455bf8,exhaustive
7005,descended,5746,5746,11488,112336,5746,0,True,True,True,42030,44410,44410,42029,42031,06bd9caa9453042754c091eb0736f407e70a534c1914a0b5486ac3727c0887bc,cd609c5c9269acc42703af7f4f6bef45a89e4a2454ed0cfd160a9a0358b86604,exhaustive
7007,descended,5715,5715,11439,112368,5715,0,True,True,True,42042,44422,44423,42041,42040,eed887d88999b6d95cc35fd557c80c73d7fab68b249d568b09121c2cba513fa2,49dc2d716d86209b87ff776f0fddead45f266175af4aa63e572c3385b3c58d11,exhaustive
7009,descended,5674,5674,11375,112400,5674,0,True,True,True,42054,44435,44439,42053,42055,a31d926cdf221f842e5fdbb970f52fefe68a8c33ba8738b537139e23c703093f,5051ee0633444376b79fce2d28df2d7bf30a9f709269324c275b1a849d3ef598,exhaustive
7011,descended,5635,5635,11314,112432,5635,0,True,True,True,42066,44448,44448,42065,42067,dbb0ffbd93dbc7d99c49c116be962e38e6c1503b970ef89a5d9476fcfeb24b33,f31b1ee38257c36ec88cd7bbff4f33d98b55efb0f04b089038e31b73699d39e9,exhaustive
7013,descended,5587,5587,11238,112464,5587,0,True,True,True,42078,44460,44460,42078,42082,b543344a31a8652bc077b91819c288dcdfc28a3a978b5e67fe4de9b3c00a9c5a,3623b1c5b886d541b2eb277d9848ab3af0a7538fa28a0c8eb1d6a0afb4918be3,exhaustive
7015,descended,5741,5741,11484,112496,5741,0,True,True,True,42090,44473,44473,42088,42089,df7a116ff716fe0be2cddbdf1f4ba660937f22c2b054d9944b7419861c01b04b,45ff7e7b3c218dc3ace1a636ab5c94517ed8ba64a6de0df6bf4756ddc78fcf73,exhaustive
7017,descended,5542,5542,11168,112528,5542,0,True,True,True,42102,44486,44486,42102,42099,e56fc488d726aa96035e24b60c4610e7d037099d651fe1d3ac7864ca104155e4,3297bd9663a504cfa709571d5c840c599b6818b10b769c3466e4595c093588dc,exhaustive
7019,descended,5481,5481,11072,112560,5481,0,True,True,True,42114,44498,44501,42114,42111,c9c3449e9b6b490e54a4f30a1d8b4068783cb5c0a69c6b9f3e41f819d599ae54,6dc2c84f06e285d7e110fd6e4e3fc1a097444434b87521ee288b50c2112f2088,exhaustive
7021,descended,5643,5643,11333,112592,5643,0,True,True,True,42126,44511,44511,42122,42127,f4e703312d7e1ee243e159869cec95032d42f3c01b6cbcd45afdb1d8f43268f7,088fad67a45e9506952b1964a387a792729e30348eb7ea2aa3e23a62841fc50f,exhaustive
7023,descended,5631,5631,11316,112624,5631,0,True,True,True,42138,44524,44527,42133,42136,d25504c35125ced02bba1c30efcf4444cabd3395439c3fe0960cc177b62de1fc,6ef336fd752653dcab9f866f3e966ab7000536e996c12fbee673c7cb5d5974a6,exhaustive
7025,descended,5389,5389,10928,112656,5389,0,True,True,True,42150,44537,44537,42150,42148,9c1a9071305c94482bc1ccd44c43979e69178015f618953ea6118cbfe9e509d8,bc35aa8910d4e332b4e7158e041d81750cc0b3fd13ef34c7fa106bb9ae57e835,exhaustive
7027,descended,5553,5553,11189,112688,5553,0,True,True,True,42162,44549,44549,42162,42160,158d182a9702a65bd56cfb0523befcac0324834b895c7e21db537c75dd57302e,ee20c19376c09224030d1c6d1bf6df9042fb53c193e8eb0a6db23d64d79eaa27,exhaustive
7029,descended,5508,5508,11118,112720,5508,0,True,True,True,42174,44562,44562,42174,42170,05f4e86472ccb4669cd3c8fe2e37c4e721a328fec0a5179cfb3216808471648f,37af559f536cbf71fd13cf17c3b60903e337eddac862d835e0a19e79bb97fff9,exhaustive
7031,descended,5423,5423,10985,112752,5423,0,True,True,True,42186,44575,44575,42185,42187,af3179afaae036da16669682ce7f7a9a4cb8bde2f527b6cdd9a31830234b9719,06f3df561752df064d1a458710f9d08de3c12053bab199c3e08972995b65b6e8,exhaustive
7033,descended,5410,5410,10964,112784,5410,0,True,True,True,42198,44587,44587,42198,42196,222d9b7f374593cae018425ce4d434ce35189fad2b136ab83e8a9529eec1cd01,24ea2444c6ace38a7123e32bd154882d3a82fd93eeb11f3e869cfd1ccfb1a22c,exhaustive
7035,descended,5364,5364,10892,112816,5364,0,True,True,True,42210,44600,44601,42210,42210,2464b0e98aa2130d7bf216ce87442fad12be0804fd41b5c54fc062980b6b4417,3750ce4bdf2e7bad8a6c1a4677954e375752e7f79c1ee4e4a24c93f5ed00a9f0,exhaustive
7037,descended,6491,6491,12680,112848,6491,0,True,True,True,42222,44613,44613,42221,42221,f170d2ed40e5190e0b58ab61b2afbea2b6e5c32106ad96912715ed3983f2cc1b,d5de78f83b6100823b563c161b21bff393a586dc3ba3f04d38ce3395a25a4094,exhaustive
7039,descended,6453,6453,12624,112880,6453,0,True,True,True,42234,44625,44627,42229,42239,ca2a158c0a15ddb8c081919a0e5ee83b80a061a85b1e509414bf3a0b14ae72df,d6c1a64768640fca844bfd93443018fc35ade6f52921310dde33689ef93b5cd1,exhaustive
7041,descended,6405,6405,12547,112912,6405,0,True,True,True,42246,44638,44642,42243,42243,1ac41ce6671011248b380dd87896e7165a8579734f2864f650f40c9bbd10e804,c99a43667a04a1562de8bbe52679ecc23f83b55aedabc4d148651c4f0e6b0fbb,exhaustive
7043,descended,6372,6372,12496,112944,6372,0,True,True,True,42258,44651,44652,42254,42257,5d7743a08420ca4cbc30901c95e2f32167e15e900eae0ac720e77f2d0da0926b,e66e01a49faec187429da75046f1e0b0cc06d615363d15213283ab279a1454e0,exhaustive
7045,descended,6333,6333,12431,112976,6333,0,True,True,True,42270,44663,44663,42270,42268,3a581f62ad8a59b80b2f0befa537373225227ea2c4923532926b7620f7a5c872,cd4140341466c91cce7234db962d1bd9c837dcfab9f61aae073656a4e677c9b4,exhaustive
7047,descended,6299,6299,12380,113008,6299,0,True,True,True,42282,44676,44676,42280,42283,476e5458a28a4eb1b3ddbc7503cd2b7d36e0c270cfc01decd312a9a7e145c83d,517e98ae4bcdf02d797f593d59aab3d28e03a6ae7b0fc332d00b1981f2e3db32,exhaustive
7049,descended,6252,6252,12307,113040,6252,0,True,True,True,42294,44689,44689,42291,42295,47a4eda64f351238188e1df3f01e74cecd3587f9cb317a2cd8f7957265b6d4f3,be74f8a9b384d427a6684a5d04621f2237a67612d666eeef1258dd634cebe1c5,exhaustive
7051,descended,6184,6184,12197,113072,6184,0,True,True,True,42306,44701,44705,42306,42313,ae6a7b98100435e85a057615ccb6d8a89f11347768ac81875c70b9c13b51122b,5fb45443bd18cfa8acde78c80eae7bbc786bdd93e6dc7eda2ac5e30faa2f7a16,exhaustive
7053,descended,6167,6167,12172,113104,6167,0,True,True,True,42318,44714,44714,42317,42316,c6cf9abddbdfa21bd739c82c7e42526df9a2beb6f45ff30b7e7c73bae1be3d49,bd945dac3e14dd4361a1a649971d9a3bcf3ecd82dc69e3e41336d1f1ff9dc1c0,exhaustive
7055,descended,6120,6120,12097,113136,6120,0,True,True,True,42330,44727,44727,42330,42330,54718f8a5bf6d93e4d3780d5ab9ef704a1204c52e845a1924d95def629f6d598,565a4fe909e7ec8a1da0c306c4cabbb30122cde82140ccb00f7dfdb216414e77,exhaustive
7057,descended,6094,6094,12058,113168,6094,0,True,True,True,42342,44739,44741,42340,42338,210f2223aad515a5e7305ec258f08ceff542dbf0f8e1d8414cae025e49c09191,30296e823896a43dafa66d5051e5a9aa05302a2efc5885ab416a2e1ceaa19925,exhaustive
7059,descended,6038,6038,11969,113200,6038,0,True,True,True,42354,44752,44752,42353,42355,90b77474941359c730e995557bb518f8fa57bd36fddb5ec77ea396b31ba44aba,c57338cfc4dc684f9594beb0e355f1891bd9a3ddcc08b28bd07878f070aee6ec,exhaustive
7061,descended,6026,6026,11952,113232,6026,0,True,True,True,42366,44765,44766,42364,42368,ea3f2c7e4b092e5e1f049b3505cb0d6baf62fb7f1213cd496b9a023b1d22fef4,bcec849cad9562fffde6ad6d7af7568c438adcb5732110bab2387c341b39ceb1,exhaustive
7063,descended,6010,6010,11926,113264,6010,0,True,True,True,42378,44777,44777,42377,42377,2f2670b8543e3fa0c2b10ef9323f91b5a01e575cbed4874a4403a667ea861516,6780c42f1e137ac934d5c106c8433dda99d8ff05c26e0c91bdd844dc97d423ab,exhaustive
7065,descended,5921,5921,11786,113296,5921,0,True,True,True,42390,44790,44791,42389,42384,99742e4d420f1b5326ee69173693401225b7ddc6a2fa66374b9aec943f833c73,c6015b59fd30d3c59a66606e5a8a8362e923d4c688550a7ca50ee33eed6406d9,exhaustive
7067,descended,5872,5872,11708,113328,5872,0,True,True,True,42402,44803,44804,42402,42400,53c3c4e943bb7c8de213226997c83ea2d1342f7d0fac72514b196a80f3c6a1bf,bf9dea849951d9a4eadf554721e7890c522a0d1b6b5ccd44e14cb2585017b85f,exhaustive
7069,descended,5818,5818,11624,113360,5818,0,True,True,True,42414,44815,44816,42413,42414,4d90bc0babef22e1e00c2511fae27c73541f896c7f0e3131f826450e18074c9c,20588b0011213dc26e09dfb5ebdba80255f5e0525323323669670d3ab6adcb40,exhaustive
7071,descended,5784,5784,11570,113392,5784,0,True,True,True,42426,44828,44830,42426,42426,6af192582518338ba33d9373fc3df1810de42cfd2a499c02817cb2f5d7f5082b,bae636f00645e8c2d2bf8d9bc626fe17fe36c0cff972810c73a85917418c26a0,exhaustive
7073,descended,5721,5721,11471,113424,5721,0,True,True,True,42438,44841,44841,42437,42437,5b049f629c7a24255ad0e215c7900f0023086d22272f1da5fb93805e61cacca8,daf871b6c217c0bdf25c8149239133b120091f90bfaa99658d529498d1e452f0,exhaustive
7075,descended,5679,5679,11405,113456,5679,0,True,True,True,42450,44854,44858,42450,42450,994d34acf7e1a43b8f7018e56ede8176a03cad2bade75309779f6f8616bcc178,a4ee2502ceeec9eca4d56d84fa3df63d39e99ef8e9bfc0bc58d61c617d884ee1,exhaustive
7077,descended,5663,5663,11380,113488,5663,0,True,True,True,42462,44866,44866,42462,42462,02d93a868b8da8d6e88f3a2816f6c24351ad5f1995351203642d638b42347774,5f82c1cd26d77428aaa5e36d6ddc755ffc87d4ecdf3af1e163251c86a7b98ca3,exhaustive
7079,descended,5560,5560,11220,113520,5560,0,True,True,True,42474,44879,44879,42471,42476,cf87e12360aec7b5dcd7bdacb18afacb0912acfb2f53bdca1cbac6c44851b834,3ef9f4b60a6604e5cc4cdbca9fc3eeb324c45004e0a87d9c2032cb265e18f6ae,exhaustive
7081,descended,5533,5533,11180,113552,5533,0,True,True,True,42486,44892,44892,42481,42485,8c986dde771e19e6e8f075e7b6591440158abc8f30311571929c5baf22b700af,8a96eb27abdfa42255c0216733498d48fc5f4cf8936bc70d8dad42fb94d508a1,exhaustive
7083,descended,5660,5660,11378,113584,5660,0,True,True,True,42498,44904,44907,42497,42501,63777a27fb2522fbb8c44844d607ec0ce6881c5cb97084527421393e16b6d4e0,b8924997d3f8fe2e68e25a1e9dc04dc6e9e6de8034243ce587d3f9f048c84007,exhaustive
7085,descended,5628,5628,11328,113616,5628,0,True,True,True,42510,44917,44917,42509,42509,c6be022855c5ca84f793da2e632ed503d8409cadf4dea5a8bd221c13aab10e84,067c142f0753157f23e701a2eff6c22c47b17f0f2740570390b7e2adcecdfede,exhaustive
7087,descended,5589,5589,11267,113648,5589,0,True,True,True,42522,44930,44931,42521,42520,5e79a9202d4f3f0ab8c26270761592fc0c9160d4b8141151e401c66aa06700dc,69f0be63fa2b2ef21b6f7ac187c89d74575f6813ee28363154f2d4d71550f68c,exhaustive
7089,descended,5558,5558,11219,113680,5558,0,True,True,True,42534,44942,44944,42533,42540,d00915b265f76ca056de5c87b9bdef53096533faa53372e7bbc6750336c8da18,9d4738154faf97e8b8b9ae3dfddf4ca8edf4db86876b966953d703be8d103fcd,exhaustive
7091,descended,5540,5540,11190,113712,5540,0,True,True,True,42546,44955,44955,42546,42548,89827d059ed8aceb14b255ef30d35705a30a4f9b90b3a8a26d9bc4237495de74,dbf50f4fbdfa102a3aa6c50217b9c693d5c3c2555b2e57425f7ab60b9010f169,exhaustive
7093,descended,5307,5307,10824,113744,5307,0,True,True,True,42558,44968,44968,42555,42560,30ab4c9b94252257ce83a1201b831a73f09274cc3e15c079a034b90ca50d5bc1,03c7a11cf79d9d1e8fbbf408c85444fb91e95f23a72244889da7f82d094eea73,exhaustive
7095,descended,5247,5247,10727,113776,5247,0,True,True,True,42570,44980,44981,42570,42569,3eab2138d07b1ceb545ae284499bfc8ce1b2860872cc10cbbd2371f77262cd5f,0e9e10e75e9df766025c4d3a8b86611634d755f06b701470fa6834d279308675,exhaustive
7097,descended,5170,5170,10606,113808,5170,0,True,True,True,42582,44993,44993,42581,42582,7ffd7ca3049311f4a1865a625d55502e75bfb6951bce478b87147ed96375e75c,3dbfa47ab3ced073a7f61701137186326c2d14abcd2103a308e5750b6ebce081,exhaustive
7099,descended,5433,5433,11023,113840,5433,0,True,True,True,42594,45006,45007,42594,42594,c574757e91cdfcb9efabcafd425a1d589d82b3585b73afafc8f330b1252f3802,d31a215366e9294b01fef18f8be83c825ef34e8695e887337cb5894d90cdbb3c,exhaustive
7101,descended,5411,5411,10991,113872,5411,0,True,True,True,42606,45018,45018,42604,42605,cfd502c35e3e204fe70975b916bb257c7168cfb76709a5a6695fbe2c38e082dd,69661a18afee778aed6e6048b8b2f1ca2d53a9eb8012b41e68fe736425078657,exhaustive
7103,descended,5384,5384,10948,113904,5384,0,True,True,True,42618,45031,45031,42616,42618,683acdbed70566f3c7e0abf64698fb2d44af314c6849a32fa89227f4ef106a07,d94e6e64585bea603f31441f042f5ca569b3828ccd617a0cf426a834110ffccc,exhaustive
7105,descended,5355,5355,10903,113936,5355,0,True,True,True,42630,45044,45044,42628,42635,f70c6a48149917e9962041b898ac541069e6a1d427e9c8a77ef15b3182d9608a,58f11f1eb4c502164f883379f3e65361e3a83c665c6ef2e48361ec449005abed,exhaustive
7107,descended,5317,5317,10843,113968,5317,0,True,True,True,42642,45056,45057,42641,42641,70132847705dd3c69c508606141ed8f53293d98db48bb90dd8e236d1b04c5072,9fe15e16e76164dfd69e2f811e663fa4240d2a5953c5585ad19e4e51e86f9f52,exhaustive
7109,descended,5268,5268,10766,114000,5268,0,True,True,True,42654,45069,45069,42653,42651,1aa69011de5c4c853dc22cb95e63ceb19fb6694017b855b1b2151241d7cc8a0d,3db1865339557e2e640dbaae2fec014760917e4bb926563eb126ab765b473616,exhaustive
7111,descended,6263,6263,12343,114032,6263,0,True,True,True,42666,45082,45082,42665,42667,970040ca85ce31d669828d80fd9f8739b7b92c82bd3dc3982fc89bc63b7a3b6c,752eeb569b808a4ef1e79be2d4ef42ff691ff34c61043e3e631b2f03bf563fad,exhaustive
7113,descended,6234,6234,12299,114064,6234,0,True,True,True,42678,45094,45094,42676,42676,2598401c3659ce26ffc6eeb90e1d442489236adc0a56f14ec595102f9dbe5489,a02c544c18d0312f330e73ef336befdd6588776ac08c12074b9e6d34b7058075,exhaustive
7115,descended,6201,6201,12246,114096,6201,0,True,True,True,42690,45107,45108,42689,42691,b06f31c41c9f6832328b31abd3d411776430fc72f99803c02e7e0678b412d8ca,bdf35883fcf8cb090a6d6f7f11e0e42340d1c07d15e3d3e7c43822bb8754e834,exhaustive
7117,descended,6149,6149,12164,114128,6149,0,True,True,True,42702,45120,45121,42702,42706,e6d46eb8187cb55c29c0eba978c6ddb7d9935981884acc4bfe9fd1b3297e93d6,445d92d8b3a7e8657981015365f8db4732ceab414cd2317bb551ff3981361245,exhaustive
7119,descended,6110,6110,12103,114160,6110,0,True,True,True,42714,45132,45135,42714,42715,f24417fc55b47fbd2379c20b0383af4356bb4bc46baf3bc3b694769fa4d1a9d5,70e15528eba319d0efdace05c89b9dad82180c9975b11912659e2772edcba9f0,exhaustive
7121,descended,6093,6093,12081,114192,6093,0,True,True,True,42726,45145,45145,42721,42726,f3dfcf0a659d8ac876a4fe7d1f8a1e27e384816971ced7cfc19b42de8d17c07a,304ef7be4d7dea69e9a5d6f4a5f52a7666f99fe929785107e4af13df0384af6c,exhaustive
7123,descended,6251,6251,12330,114224,6251,0,True,True,True,42738,45158,45158,42735,42741,08fcb1f2fbe34683ba9ab723e5d2c132fd1831ca708e535af18fde886f692f20,e345703b633a88dececf0c752605fa4873227b18d380e1aae0c62fb27cf65c79,exhaustive
7125,descended,6209,6209,12262,114256,6209,0,True,True,True,42750,45171,45171,42750,42745,51db75354b4c2a73387758b7f388cc9d5f397ef9d59cfac982d169f86643fe87,72b34aed78cf76ce644e71204fdb1cd70013c8fc7b89abb601f195baa205b97c,exhaustive
7127,descended,6025,6025,11972,114288,6025,0,True,True,True,42762,45183,45188,42761,42761,955c36b958e8e31721194c8cbee967482e044ab353605236da847273330fda50,1af15e7add8c1cd33003fad304228a8a1e7246ddb9e599153015fa700ed3056a,exhaustive
7129,descended,5995,5995,11925,114320,5995,0,True,True,True,42774,45196,45196,42773,42771,5a746dc684676bb3d787c5e22b74b639e58e5745da907afdcb96a88f0ae4446d,56163340ef4d32e7d337a1399ccfd28d3cd7826a2ee6db523a5c3c7b3b263ebd,exhaustive
7131,descended,5973,5973,11896,114352,5973,0,True,True,True,42786,45209,45211,42780,42792,7257a11be507b993305fc58a2f13ebcfbf15277e5182a008110ce762d6fae17a,cc92d8e1b7c95f615647d8d217aa1ec55bdef9169e6107a0ea25ff9712d94e57,exhaustive
7133,descended,6019,6019,11964,114384,6019,0,True,True,True,42798,45221,45221,42797,42799,ed9106355cdb51510da1e3a304ab37c66177dc2a7d97d77102da88f243c85297,c17a1c1510c7161d65d787e73b15c8bcfe5324f4d25c9b4666e8e6f52b221012,exhaustive
7135,descended,5927,5927,11819,114416,5927,0,True,True,True,42810,45234,45234,42809,42810,813620c7fabd35ea81f29e5100117dd6dbc8ce381dd8267ff0017d79b7400a90,2ab5b9742cdf5a70606f4b3f2b7399464cf27025af6a1d53772a55432ac77efc,exhaustive
7137,descended,5988,5988,11917,114448,5988,0,True,True,True,42822,45247,45247,42820,42820,a92b48a30dc7676672005cc5aa0d54d0619f13340f6e767e6b8e9c8dde661d8a,5710a6b5560d6767e3818989697a5f897a0d39b25e358cd45f45cc4aab207d43,exhaustive
7139,descended,5952,5952,11862,114480,5952,0,True,True,True,42834,45259,45259,42831,42835,3ec5b597af79006e464e890df5423111aa812d9b8b1e93f8fdbcedbefbe6d0ec,4aed1ff8d9d981e0d4864f235931c4f7bbf7d142ca5b5d5536de9b363300fa28,exhaustive
7141,descended,5910,5910,11794,114512,5910,0,True,True,True,42846,45272,45272,42845,42844,6da738851d03ccbf7b7a4ddcad1c8bf22747244dd49dd495e577ea101421ada6,c0d6386eddd88cc9cc9aa0c7117f1d1a964ca73966c428a1f658e491c3296438,exhaustive
7143,descended,5842,5842,11687,114544,5842,0,True,True,True,42858,45285,45285,42857,42861,2004b1d634d7917995ab1db49225faf8bb3f96e4f9b7d5798af5176f0c5a8bd0,99d2835b00652c7860c8920aebb42499860e5c4d1c0ed97004001971a4114c08,exhaustive
7145,descended,5822,5822,11656,114576,5822,0,True,True,True,42870,45297,45297,42869,42876,5805f09da14aae3a9d82f38475f390d5e7ba35dd30163ecf27e8da492c1b2591,69bc30f5c1acf4ef95f53d2e1b21b4c09b8ec5d5711eccbdb946bc2ba79112c6,exhaustive
7147,descended,5805,5805,11630,114608,5805,0,True,True,True,42882,45310,45312,42881,42879,4bbe4089bc4fcbb104da117313d0a242eb4180e44e4f8ed81a23b54bf2a02dcc,8c0de3c1921d05948b1051eae9da8a1572cbd49fd2db5274351fb637ce0114bc,exhaustive
7149,descended,5749,5749,11542,114640,5749,0,True,True,True,42894,45323,45323,42893,42894,6a83151655885f5ac1fba048a05bcb8b1f3a1d12dbc6e70b9795975503e4ef39,8409f31e7d28d52a4df53d8ba2b41597cd9f677417ba3a81b7c5d4db020977ea,exhaustive
7151,descended,5731,5731,11513,114672,5731,0,True,True,True,42906,45335,45338,42906,42907,ce5fcd84e059a92fe30df7d415c36480409cef6566272ef245efe121037355d0,11c2ff48c3542b2a38ad8191c58e9d7c8a75190e0f6150883ed4fdfe5003a73e,exhaustive
7153,descended,5717,5717,11494,114704,5717,0,True,True,True,42918,45348,45349,42915,42910,aeb4d192e12ca8ee3e27b6017ef7fbd73bfc5770007f515b5ed8a7c67f8d8598,c23125b8c5fffb520a28926db41d827e3ede6d1ff5c3a0483658569f186a830a,exhaustive
7155,descended,5656,5656,11397,114736,5656,0,True,True,True,42930,45361,45361,42928,42929,94b5f4ccfc5db03682a502e2b7dbfd267a7df2a29858a65ec035cc59347022c7,70b03f7330e606d0af444510f702fdf1cdccf9430bf129d7ff625f24b605be64,exhaustive
7157,descended,5629,5629,11354,114768,5629,0,True,True,True,42942,45373,45373,42941,42937,8c2d8b8bbd0cd8f0a906e4d0acd05fd8fa022f3c90dda973c250d0fa375eb236,d47bf542eaf26c9109b4eb37b81b1fb9cf151f85951de08b28cc40f369a75226,exhaustive
7159,descended,5954,5954,11872,114800,5954,0,True,True,True,42954,45386,45386,42951,42956,d30f52a189e2d69f735ca65fb33f4395a0fb352ac0f2ddfb37aabd748be6d7bb,deaa26d0d47992f89c55b9c72b0c0d3a53e067290feb36cad305e59470d78bd6,exhaustive
7161,descended,5880,5880,11754,114832,5880,0,True,True,True,42966,45399,45399,42964,42968,b2d612e5f7af2c1a69fa2e7a43914ffea2ed0cc9f9bc6b6f5f7232622d8d95ac,47b9539e2b2446dd4cfaeeff76d8896c5aeb489c57bea9969d9005f35e442e2a,exhaustive
7163,descended,5576,5576,11275,114864,5576,0,True,True,True,42978,45411,45412,42974,42982,2cca2b9cd984ef462d30a5b54e13928e6f79fd070ae17cedc4a7e9617c23f0dc,509a7599081cb47b292e97d0b81d40097829a9212745bca9b226fd88513d0e83,exhaustive
7165,descended,5563,5563,11259,114896,5563,0,True,True,True,42990,45424,45424,42982,42989,40f6e3ebc0597db6448353ae131ce36f8d071463feb36bd5b8422a16d8e7f7b9,d93519e1661d49ae579a29c500bf211f5cb2e008176eee28690906db6231f1c2,exhaustive
7167,descended,5760,5760,11567,114928,5760,0,True,True,True,43002,45437,45437,42999,42998,fe13caf65ee064b249c5b5951cea306f46f5384ce23697795f999f384d212ea6,f746b4269cf392bf0f0b5fb4364b3760611881b94f00e4d91ed45611005e4173,exhaustive
7169,descended,5737,5737,11534,114960,5737,0,True,True,True,43014,45449,45454,43008,43013,c065e0ee510fdc69976124dacad0cd59ecd5dc6ecb88b94aa0661fc23a909925,9000139336a1c7dd3f94d08bff966e2704f5383d6be6bcb5192e8eab2c1f49b1,exhaustive
7171,descended,5466,5466,11100,114992,5466,0,True,True,True,43026,45462,45463,43026,43021,840f6b52e24e13cdc146902c9946e9ae0f6e807cfb4624da1e549e46c1c29dca,8ed51359b72f76e2d78cb30c2ea754088d4d40eba5f2a1936937ecacf616e914,exhaustive
7173,descended,5623,5623,11350,115024,5623,0,True,True,True,43038,45475,45475,43037,43033,85baf597039e52c8d8afbd0b71f08a3dbb58c9002090179d42b22181e972069c,4c88925c4a46499c799ce46ce95ec63b4079b3c0d87bcf98d16a92cb675da03c,exhaustive
7175,descended,5589,5589,11298,115056,5589,0,True,True,True,43050,45488,45488,43048,43052,b080fd3d04cca120515021a62f32af74d3ff55d812a038cb2b5cce958435cd37,7676830a63787b420819c068a0ddd2a89b833c976bc8798e5893d573198fa28d,exhaustive
7177,descended,5559,5559,11250,115088,5559,0,True,True,True,43062,45500,45500,43061,43065,19cdf7b8ca461744e4d0ad207efe16f8f2865287b729fc5a277093e26d9b90c2,f5684597f41aad67091cb99c735bb322a5700e46de7115a5e2014d3c7947c929,exhaustive
7179,descended,5543,5543,11227,115120,5543,0,True,True,True,43074,45513,45516,43071,43074,d95fee4ea4f06884f694e2fa415afe44907d05dd2fa554842b9ef8023f8daee0,822efaf93eca01a3dc5e988a1412ef712c924e7647330da56b5ad3c5cf42b216,exhaustive
7181,descended,6103,6103,12113,115152,6103,0,True,True,True,43086,45526,45526,43086,43082,3ed02376e231c44f0d949af23e98cfcd7b7add8e415a3517c7d2080b56d59ec3,9b7fe72a65e4f4b7ef70a1dddb9202c2cbfcaf7bae58ea802b42c4f0112cb9b9,exhaustive
7183,descended,6063,6063,12052,115184,6063,0,True,True,True,43098,45538,45538,43096,43097,ad0338b3c1ee7ffe132223b980da4ff55700906f126fcbf19b3f1a4bee2b84a3,05abe59e149c4a76c4f8ae4aec00f6f7daa8c3c09803c3abb39439898595e5f8,exhaustive
7185,descended,6007,6007,11962,115216,6007,0,True,True,True,43110,45551,45552,43110,43115,4e8e7fc582625927ad824d177455012db80d69845b3de2345b648c2a209b0320,d2d40c93db31be62eddeb8cc132909f1f107069f0f38995d0cfcabba009d7472,exhaustive
7187,descended,5448,5448,11080,115248,5448,0,True,True,True,43122,45564,45564,43118,43125,6472b52428852e9854159526218fa351e0731bea24fa3d37f1d92c97b3dec997,74cfb5ca7d7eeaff7b70da447bf8016d273a9ae58cfd25adc724844a1fd83fb8,exhaustive
7189,descended,5401,5401,11003,115280,5401,0,True,True,True,43134,45576,45576,43134,43131,2bee375278c4ba9d196d20c5a9200d4cefd549e3cf8abd6d27c4ba9318ca368f,0e9c74a7ab417e9095014abb5bc36988b83f3d891376ba1a9a4c6844cb01f049,exhaustive
7191,descended,5379,5379,10969,115312,5379,0,True,True,True,43146,45589,45589,43145,43147,6f318548e2a39ae6d4f03268d6170dabb8a2904d7d632e6d1f733297d94e7a41,bd7ecda3482fb825e29cc7f5f3a64343171a5c9f5ae119677e7d6f7ad208a66a,exhaustive
7193,descended,5347,5347,10920,115344,5347,0,True,True,True,43158,45602,45602,43156,43158,58b1ad0697bca003cab0f15dfb851877d7f917052044233e5202b52c8860b2dd,92dc8f94a82a52c2d50a8fbde6c759599bd84f9be9184d31470a574ba402d9df,exhaustive
7195,descended,5929,5929,11842,115376,5929,0,True,True,True,43170,45614,45615,43170,43169,54ff4ec6b6047e06798ca5939996ac3c0e4dce5fa25a442cfad7297ae107a048,7ebaa97cb9d1f2bf767aa486738eac4b4dcc019b5bd7bd60125a7d78704bc2be,exhaustive
7197,descended,5871,5871,11751,115408,5871,0,True,True,True,43182,45627,45627,43181,43181,f13555697882123fee0228f21f955a6d8c895afa4b46970e13fccc1a5c0b22eb,18cbd141fdbb44b0966941bf1ea421efdb95a9740d61e51f1c097f510b9c654b,exhaustive
7199,descended,5826,5826,11680,115440,5826,0,True,True,True,43194,45640,45640,43194,43192,82e42471f74b06d680de062e055d7f5ec52c2f147ff0dab2330423add9fd0e3b,3294845c694169a3b553c9a0e8dad71f0a8ac6383c6b04664ccdb2bc8713b704,exhaustive
7201,descended,5775,5775,11601,115472,5775,0,True,True,True,43206,45652,45652,43205,43204,cb48f386e88501402de8116c0bc1daa39dabd7b1ada8d663531c489f15c63813,b58cfdf5ddfe7c015990ca791d0703d15cb7acf017bcaf2fa01222697a846a9b,exhaustive
7203,descended,6325,6325,12472,115504,6325,0,True,True,True,43218,45665,45665,43218,43220,7715e1f2720ca0bd26815cfb6f0bd4ae912295507e365f99d5ce887c437cd92c,1a535d664a971a56e5113532af6ed9261fac809c8e3eac17f3b96225a03431b4,exhaustive
7205,descended,6281,6281,12403,115536,6281,0,True,True,True,43230,45678,45678,43230,43229,81227c84adca09e1ca3fad7ddae41e0dd48857f3dde1747ab9b68b74f229ceef,bd0bfa5266976a5629f0362a99324bb4a033a60631a92974b4ba71f3b2991064,exhaustive
7207,descended,6242,6242,12344,115568,6242,0,True,True,True,43242,45690,45690,43240,43242,2483f48501fa9930f4514110e936c6d7a83702270809761e7164cfd57df1bdc8,78a8c16817a8a4b86cda428a73f72611ef88b8b7e5edba960850122f8b533db4,exhaustive
7209,descended,6215,6215,12300,115600,6215,0,True,True,True,43254,45703,45703,43254,43254,b89de586fd0049e82a61b1f5e389fab028fefba2638290537ffab49227846be9,27648ed5a55476d58c80ea1bb7b6693a93a3bb05cc4f2136b420b60aea90c866,exhaustive
7211,descended,5573,5573,11284,115632,5573,0,True,True,True,43266,45716,45719,43265,43269,62d506048f23097a33e15b5fe927b6931ebca6ef9cf8deda0d4ecf59fa76e744,6019c32f8c735bb6b23517552ed0bfb6f0a3590d83c009dd93f1d236ebda6538,exhaustive
7213,descended,5505,5505,11178,115664,5505,0,True,True,True,43278,45728,45730,43276,43281,238278e0cac8e667ba7b81b646f4741d3691a166622e40ac6462f4351d484704,fb078ad18b2a6e0333b388dc5ac2e7417ce743c85f629f586f81f9711050b7e0,exhaustive
7215,descended,6102,6102,12124,115696,6102,0,True,True,True,43290,45741,45743,43289,43292,e60df25d365e4b4e3a4def5f3f1c0e4961bf3325c49459303308480ddf4942d7,ca4fb5ced7bbc5d96de2ce2fd53681ab9b962edd822b52b176d0aa39331113c8,exhaustive
7217,descended,6074,6074,12079,115728,6074,0,True,True,True,43302,45754,45754,43302,43300,8cc73031b1994c085ff914abb3677a0a2658c7d1708892debb22fec7d1a95a79,08a325253eebbdcea3c986a2c8a484297eb1e1e31b995644a2b6e3103e66343a,exhaustive
7219,descended,5947,5947,11879,115760,5947,0,True,True,True,43314,45766,45767,43313,43315,a81a93ef511bf40d3d2832c32193bdbd03d74681af5a849b3d0e83c8fdafa055,f7471ef1a658119b2c716cc089b9f224acadab3eca7d13b2b28aa5dc5770f402,exhaustive
7221,descended,5921,5921,11838,115792,5921,0,True,True,True,43326,45779,45779,43326,43326,baf8a3370432c373242be6fb88a92ef513550224f1694b5638351f899212dcbd,7be18a385bddce059d2ea3ef1782068e6de09d3e6f06de5408130156e9abf960,exhaustive
7223,descended,5896,5896,11799,115824,5896,0,True,True,True,43338,45792,45792,43338,43338,a28f597685c60f7d986881e1828bb3af7a074287f5d1fd946048722ad1d4fab8,495b9594f63bcdb52ac8ab12291830462193936228ef3347fc12012f34e12082,exhaustive
7225,descended,5863,5863,11748,115856,5863,0,True,True,True,43350,45805,45805,43349,43351,89c80cc004eb5c5cd7a79375b9b3a505f1851ad965e0101dcb6dd2702800d6cb,945c43dcac3582e6491839f60058bfb023a8f23ff0ea580add897c4bceb3c51b,exhaustive
7227,descended,5829,5829,11695,115888,5829,0,True,True,True,43362,45817,45818,43361,43363,7cb2b06972fbca9147c9c486d8710194684d057852ec29c41394d23a85a4f14f,982e6fd32c12f10285f7e362b9c6e80fc0725d2a373fe353b9cf560d1ee90a58,exhaustive
7229,descended,5810,5810,11666,115920,5810,0,True,True,True,43374,45830,45830,43372,43375,9a76e8081e2b125cc6f9fa6aa6f80dd8c73384d505ac3566ab31c304256a3dc4,eee84f23052abfb5b5c8a6b6823bfb5e1ceec1fcefcfa9afcffbb9925c7ce618,exhaustive
7231,descended,5789,5789,11632,115952,5789,0,True,True,True,43386,45843,45843,43386,43384,689f901bfdd49a58a6f965cdb41c7107b28c8b0d7744d54301690b21229a072a,717136ba44199de4bff54188e98e7fae040f99383de7d0af86341fba9a24bfa7,exhaustive
7233,descended,6045,6045,12039,115984,6045,0,True,True,True,43398,45855,45855,43397,43398,846e2d75f4af79b7fe903c720c706d69d98873ca22d7df44015794ce7d0fded6,6ecc607af7f6dfba6b4d309f61b6eebda0cb607032c6b025cfbe3601794d0365,exhaustive
7235,descended,5994,5994,11959,116016,5994,0,True,True,True,43410,45868,45868,43409,43411,92d57d632892f6d139e394fe4ef39dc42519ba2ff052dcf5492be245850555a1,8b62a498a5f2fc0a2d358ec3fa6dab4634152a83d5a3e3e12407c67ebe570b89,exhaustive
7237,descended,5963,5963,11910,116048,5963,0,True,True,True,43422,45881,45881,43422,43421,81e7f97dfc8acb63a4b6b2b9b613246e7f5195be15746a3ecf3f9ccb61d69e1c,c5193b84a377141729526f4d5e5a6ebcb51348d9a016b9c14f51c559b4db8390,exhaustive
7239,descended,6389,6389,12587,116080,6389,0,True,True,True,43434,45893,45893,43433,43430,3ae9d397bb93bf198c68c956c38c4cf2b903e2998121e4bf37f3a7d6e3f13a0e,5669b62a9ec4a8277032123024fdc2590196dfddf7e4f8c7defa8ffe13e8f5d1,exhaustive
7241,descended,6342,6342,12512,116112,6342,0,True,True,True,43446,45906,45906,43446,43444,21998e4908630c7b60b109b8ebcd4b82677b6e6316d94773c4781efe5cefb354,2886ca9a5b5eb291b52e66cf207c89790bccef4b35b445fe68bcc3f6054a24fc,exhaustive
7243,descended,6293,6293,12435,116144,6293,0,True,True,True,43458,45919,45920,43458,43458,45fe017b014e2e3e69d213f4b6e4e16f540388cd69695c941b1017bd1950d36d,aaee33f0aff43a3aff76fdf62a810dd3e070f0147c32b6ab63e1ca3c5bf05657,exhaustive
7245,descended,6266,6266,12393,116176,6266,0,True,True,True,43470,45931,45931,43470,43470,fea2aa77a18348a4e086a069c1402adb0c586604eed965ac5e08998ebf14112e,11e9bb4b072d55d47fb54b965af712e03e5d9be105060cbface714bb48cf2a30,exhaustive
7247,descended,6222,6222,12324,116208,6222,0,True,True,True,43482,45944,45944,43482,43484,af159b79f2d6b897015105af65bb2a8890a2a8101fea78879519014c376a014b,567095f0141ece67b2db6cd0c7f66c34632ac5afbad30680701e4c86acb78085,exhaustive
7249,descended,6207,6207,12301,116240,6207,0,True,True,True,43494,45957,45957,43494,43492,a6f09ed09250c452ffcd06f63ba42e9976c3b3e39a8d22c27b3105fd717a6bb3,c02e832e45f8e61012524c68debfea20d9bebdd559114e57a9fbabfaa2b69715,exhaustive
7251,descended,6186,6186,12273,116272,6186,0,True,True,True,43506,45969,45970,43501,43503,6b514be9c073f4eb3f5514d37f0ae714aa20329cd0b48a2299a9aa7e8bb462f7,e449a26317be4ec31d69ae97ed4707b77813aaf81071cd3abf231d3ab6c1de86,exhaustive
7253,descended,6150,6150,12213,116304,6150,0,True,True,True,43518,45982,45982,43517,43520,68f02d7c18cc5851ce041e89e6c304f11d601af3973b77f36401002eaa963902,afa0f1de5c189f472d0c9085d49aa0d9f792caba6037250561b6e9464151220d,exhaustive
7255,descended,5761,5761,11596,116336,5761,0,True,True,True,43530,45995,45995,43530,43530,93bf509baa7f119ed02e2d1b1020c548a8848562c7ea9f013c3a0bf1543a8e96,34eca26dd062f13671c21b51527a66004e22891c3761117f414eca94b0f29fbf,exhaustive
7257,descended,5722,5722,11535,116368,5722,0,True,True,True,43542,46007,46007,43542,43536,5ef137020eeeb51b3f7f3411072a0b89b858692470bdfaace660d6e4739200f2,1c780a96f60f050814b43fa1bc4f37058c610caceff8bce2a693c60ee48b271a,exhaustive
7259,descended,5688,5688,11484,116400,5688,0,True,True,True,43554,46020,46021,43551,43554,6632135d94dd60bccfc0daab6f7f7353b1cab1e6810887ab261040393b42a7d2,1f4569dceaaa5eb2f8b172fd3585c9409929df3beebcfd6d5ac50c647f5eeb46,exhaustive
7261,descended,5667,5667,11449,116432,5667,0,True,True,True,43566,46033,46033,43566,43563,e39c176e6f5da1d69b5c85a699e1402652c641761e4e2a55297e1fd25ee305c2,4e83f2cc95207e63522c4764e6a1a08bcee3dab59d461b4de6d0dc5acf2d739c,exhaustive
7263,descended,6563,6563,12870,116464,6563,0,True,True,True,43578,46045,46045,43578,43572,f973ba1817986353ed8fb6d42a924b8d1d53ce5f71ce7af29dc7d0543c8ec396,cd8fdf27cd526e38a3b4e6b4039d694010cf470de28ca1f7b6e34215a1faf445,exhaustive
7265,descended,5612,5612,11364,116496,5612,0,True,True,True,43590,46058,46058,43589,43592,aa030877b00d9c4f9a57b13f2f900517a50ed2c43c03e1855e926d9762d146f8,3f6b06655b342a438835a1927df3e04bc5bfb185ede0fd5d96cc709734fe263c,exhaustive
7267,descended,5592,5592,11334,116528,5592,0,True,True,True,43602,46071,46071,43600,43604,5a64c09a9fbae7ea0f7acf7d75ab82a80bff7f7ed6125ff31fe9efdf280ad63f,ed39179d02f4b2c04ae04c98964fdf92f0b364e932c967f9de4a378864eb373c,exhaustive
7269,descended,6216,6216,12322,116560,6216,0,True,True,True,43614,46083,46083,43614,43610,fb37cdeca55f2de98d2e306afa493f9518d97ed28689a0af3e1f462c802277bc,78be533801a6d7adf3859753719fd46c66336a1ae06fa5d97d67a44105f458ce,exhaustive
7271,descended,6169,6169,12250,116592,6169,0,True,True,True,43626,46096,46096,43624,43622,92118dd4693f971044526e0f09d07a811cecdd5eba3ef00bd98b7073b755d8cc,78acbb10ead03a13c59eb32a657fd9d2e8226763ca2be2c3fc14e883a841609a,exhaustive
7273,descended,6126,6126,12182,116624,6126,0,True,True,True,43638,46109,46109,43636,43638,982b439b5abca86305e6730706fec59a36493e7c375df8a78f2a3ded5954c6be,bca8997826b03b38a92cc1dbfc8910944a28e2bd86c9aa326adeb95c82ebbcef,exhaustive
7275,descended,6077,6077,12104,116656,6077,0,True,True,True,43650,46121,46123,43649,43657,e9e0d8e9d15c986b9250359387a69768589b59239e0aec9b4769727aed2f4472,3cf377516ae5bba12150bc643f6ea80bb86adc505ac4ef9b9531afa57ddfeef3,exhaustive
7277,descended,6044,6044,12053,116688,6044,0,True,True,True,43662,46134,46134,43661,43668,6e9d4a684faf3c44270704e75c03931440de32a7358c2158308fa401bb565382,0c0d78ee69c0194542b41b362a49dc2f3c9cbdfc302248b60a2653db044c4028,exhaustive
7279,descended,6017,6017,12011,116720,6017,0,True,True,True,43674,46147,46148,43673,43670,8fe0c953a4f3c45585a9a73dd2abb5dd8e1a1776ee5d017e61c51e0ef3bd3be8,18fd4a55983b7b547e6893b1fe72c58784dd6a822c61daf5a3af5ade67743585,exhaustive
7281,descended,6408,6408,12636,116752,6408,0,True,True,True,43686,46160,46160,43680,43690,4749cc62293e624477fe5cf210e047753c6d9d71170415532df9dd57f9423eec,d4400b4c4179577bb3c1ede19cb61616bae42e3917a4075717cb19d11ac3577e,exhaustive
7283,descended,6393,6393,12608,116784,6393,0,True,True,True,43698,46172,46172,43697,43696,cac1838cece9f49a0ce07a752473f369165e56a2641f946bda7c5b7f2810ce4e,2b99727b941b5a55b37a5511cf2007435a5490dcd02d17b741d29ca9adefb45e,exhaustive
7285,descended,6350,6350,12543,116816,6350,0,True,True,True,43710,46185,46185,43706,43711,a23d65b74b15de8f4232aad526ea69caf041e85cedfe38487b0931d3b7d82351,3a06d78f6c40d7fa16e7b23d11c8520a486d817455e52dae81030d3069459748,exhaustive
7287,descended,5790,5790,11654,116848,5790,0,True,True,True,43722,46198,46198,43721,43714,d01a4f76703b0fdbba74f4e1189568d3e85a2909cd087b8ce791d6c06d76f141,b2a3f95d9c27c9d0239960d0b2cf1fc4483757c5ae3335e8974d243aacf6175a,exhaustive
7289,descended,6261,6261,12400,116880,6261,0,True,True,True,43734,46210,46210,43734,43728,85e3eeaab707a394f362b837caedafc64748db06477bd083ae7540c1fa1f3092,63b6aa87aa349ccf6e1397c78dfa132dd584f51d4976cd5309d4252801bf4f97,exhaustive
7291,descended,6234,6234,12359,116912,6234,0,True,True,True,43746,46223,46224,43745,43749,d21602645ab6732139d8684a1261031b7941cdbde5f3e89339428ad2c511981f,04c33592ec6cbafcff5978d09c7e388a113f21fb1f030713f46ea9f6ea7af371,exhaustive
7293,descended,6205,6205,12314,116944,6205,0,True,True,True,43758,46236,46236,43756,43757,212690ec627d225bc718bbe5c040255258c431ca9773f6618732664684df42f7,d935136e45931bc4988b4eb3b9ccf10b0345ef1b49c0405f67946df205c1af94,exhaustive
7295,descended,6146,6146,12223,116976,6146,0,True,True,True,43770,46248,46248,43766,43770,1fa1811583a7af10e4a17cefab15c0ce1b862a474dffbc0f95ecd0469014aeff,4027d24b25c8fc1191f0e9c05c392aaf4303c55fd10b60c05601317ff99a4e8f,exhaustive
7297,descended,6131,6131,12204,117008,6131,0,True,True,True,43782,46261,46261,43774,43780,39e0c457bafb17dcd95b58e6b76112965f756b82c1aa21814134e98d7383d984,4da449b144d2e2726c2367249d589c7aa8006d071aa2883c00303ace743ee842,exhaustive
7299,descended,6093,6093,12138,117040,6093,0,True,True,True,43794,46274,46277,43793,43793,cc9dca49e5913f576191c54f7cddc6da455b802a0187e35feccea0daf0eab9fe,a119e41e74586569ccc009287d3c18ee9c7ea39c12a4a3b7e438802986fcbe67,exhaustive
7301,descended,6060,6060,12087,117072,6060,0,True,True,True,43806,46286,46286,43804,43805,7f48ddadd67c6849a56664e055d27c713a7a01233f322b39b0225ff4c29104c4,f60e63ccdafb9cc42dc44e6ed169d994f8db0d289f7b2d4b03a6e700ea56277f,exhaustive
7303,descended,6041,6041,12057,117104,6041,0,True,True,True,43818,46299,46299,43817,43817,4f4bb5f259b5c5accf479d6558cc7dd3f0d8aad9646cdc17f660142a7c31d19f,7665b6bafde4afe84bc5c169a694cec2c3d06c20be6b0a979f40dee11c9e23bf,exhaustive
7305,descended,6008,6008,12006,117136,6008,0,True,True,True,43830,46312,46312,43828,43829,e463ba87c3900977f5c434957dae6663d1baf0f28f720137e8504f73782c7dd3,4c653319a5398ea23db395a28925ead07eb18b371abb5a0cf9f1ecae9c49bc45,exhaustive
7307,descended,5990,5990,11979,117168,5990,0,True,True,True,43842,46324,46326,43839,43844,1a0dba87bf04437483b2aed49a47b08b14f76aeb0685556d80bbac332a8d16e9,5daaa5b08dd9861e3151eeba67421fc4de4e5aceb88a2dcee8302806aa49ab69,exhaustive
7309,descended,6418,6418,12656,117200,6418,0,True,True,True,43854,46337,46337,43853,43852,9a28a6d68d08c72cf835ed10cf5c3a4fc5f7959a05babb9dc85ef900926dea73,0855299cd8568bf6ab328875a503f62eea3659577844bafee9ccc969f6268429,exhaustive
7311,descended,5956,5956,11924,117232,5956,0,True,True,True,43866,46350,46350,43866,43862,a839c3fb21128b4cf59c318a465d4a6e243110948339b5045cfe57ad05235c06,930829ea493ea8ff75f1d907eb30d2b662c0962ddf5ece6542ec38e33b5f434c,exhaustive
7313,descended,6331,6331,12521,117264,6331,0,True,True,True,43878,46362,46365,43876,43878,cfbc7ac5c10b204ebb9126827fb2d515c2ebced7db6bfd1a8b3bd9976926caf6,3c4bbfb4a56572b82b7204e2a2ae5cce71bdd291ae75e782f1cc27f7835d8057,exhaustive
7315,descended,6287,6287,12451,117296,6287,0,True,True,True,43890,46375,46375,43889,43891,dec43e4c7b5d7b57e311bbb49195a27d71b4f958daf8edaa01138fe6749b631f,8bc2697b0bb20f390fd186cfd4bb56b738f5c2aed66b672a396f0688fbfa247d,exhaustive
7317,descended,6260,6260,12408,117328,6260,0,True,True,True,43902,46388,46388,43902,43899,0c6eae5a9e192c5ffb4d8d2fe456a4f22839cac2e49d79ef56bc35f4102ce9df,684941f1eac224d0f108d1824044af241432ce89058c271fd8787b04bafc7491,exhaustive
7319,descended,6246,6246,12388,117360,6246,0,True,True,True,43914,46400,46400,43912,43912,96a99dbfa124b55d870823bc3385aac1fb8e305b9bbf422049e05444a21fa17d,c7139170d45a0da30d8acb74a6ebe62832c92737076add908556dc43c600e731,exhaustive
7321,descended,6206,6206,12324,117392,6206,0,True,True,True,43926,46413,46413,43925,43929,d7acf1ff0120c9e39118c6c469e7f4edbf9582eb651b491b298ee169f9dc8159,20960fa8f830dc727a18fbc454cef739f57a6e8d9d83d598c2ad99bf510f0d1c,exhaustive
7323,descended,6178,6178,12280,117424,6178,0,True,True,True,43938,46426,46427,43938,43935,d5767483c2c898a1a28c3336b531b2f3a2075008ee76db1b0897b7c60cddd782,5d1a545a92e33f063d5e77fe1faf0b7313b91ec00db0049091219254dfc94d87,exhaustive
7325,descended,6129,6129,12203,117456,6129,0,True,True,True,43950,46438,46438,43950,43955,77ecb13eb2de7bf33b1cdc238dc673a573e048166190f024001ab540449700d5,68034debdcf645d628e6cec9ef5b3c6fef58c7213f99dfb8e378c86771311733,exhaustive
7327,descended,6095,6095,12151,117488,6095,0,True,True,True,43962,46451,46451,43961,43955,8a0944e8897dcf541ab6164e940325e2c4d6026137dc055ae946365ebbcae32f,2c1ccae13f708765df0b304144fad1ccf8ed9b648350816a4819508874ce0718,exhaustive
7329,descended,5974,5974,11959,117520,5974,0,True,True,True,43974,46464,46465,43973,43973,11f5cb2fd17471eb248c8ae96c8661be0ad25f0ec78773a49186b095587a0489,0832ada6f613436f0219cbba203bc1b51d01a7eaaf03a7b4110d12e8d4cdf3e9,exhaustive
7331,descended,5919,5919,11873,117552,5919,0,True,True,True,43986,46477,46477,43985,43987,3a7e9f4a7888026dcdb238ffdcc648e352b917f2e7bb8b2067133966078d1cc7,f7cf8d46f0ab0b22caefd202c0e2eeb2a3b00397e3870d97a5d2ecce050ad93c,exhaustive
7333,descended,5894,5894,11835,117584,5894,0,True,True,True,43998,46489,46489,43996,43999,ebd2f6d2f9b2d2a6daf6b13550ca0ff8f43989c3ffbf0e8d07cd2a74c8d99d41,7fae4642ed57991117d9174c4965340f8174017200f576a794803e7cbd0c0133,exhaustive
7335,descended,5850,5850,11765,117616,5850,0,True,True,True,44010,46502,46502,44009,44008,96348882cfd24fc6c8b9e4e562d2f14dab3d27df6cf853224135126f9781f026,738b9e54f3444cd3bff7fea220083f81deea750f101fb0b3dd16eb23ac023b8b,exhaustive
7337,descended,5803,5803,11692,117648,5803,0,True,True,True,44022,46515,46515,44020,44029,8b691d0f26a23bfdf645661b04da999a0a08b8e2656fb03a10cf4226b409e432,9faf2e186291b1e54f7e9cddb8f0a50461c23ca81d76bc9a3716025dd76925bb,exhaustive
7339,descended,5784,5784,11661,117680,5784,0,True,True,True,44034,46527,46530,44034,44034,a1948eba4578b680538eb57f8f4a909ce5bd0982be85aa8c8d3d5d9d299fd32d,f83e3d9861f4c0c18a6969d96a196e5074994a58d84af2c0619bd8eca50a103f,exhaustive
7341,descended,5737,5737,11587,117712,5737,0,True,True,True,44046,46540,46540,44046,44044,7b1de2f9b8c9e8bd4e628870f72be5ccaa2f686c6415fb33c40b6c4dc684b04c,bc1ec52ec849e18a5bec3c2defc12bbaaeec077333f65fbe4c77dc9b812f3472,exhaustive
7343,descended,6195,6195,12318,117744,6195,0,True,True,True,44058,46553,46555,44053,44059,68d6c0170b5a7d03a3d734c9fc61cd197a779ad4283a65e93db575b8722976f9,1b874efef24593742caccd10772886087222af31145a943c0fe383152e2a47c4,exhaustive
7345,descended,6169,6169,12277,117776,6169,0,True,True,True,44070,46565,46565,44066,44072,06c20ea3d7d6a835c23872d06167157831191c5f6d32414c698981055d8093cd,8dd61bf25450fe03a8d5656fc4dc9ef9ac9f237752cbe523ac91c727534a2e9b,exhaustive
7347,descended,6119,6119,12196,117808,6119,0,True,True,True,44082,46578,46578,44080,44082,9edfb3b8a28c2ab889a71a48e18333c953d89820777c0d0f7d7e41d524da9363,b8e500385543f73dee6fcd43c5c48bee562b7a51f732e14366ebcf1b7e747a6e,exhaustive
7349,descended,6101,6101,12172,117840,6101,0,True,True,True,44094,46591,46595,44088,44095,42b68e1c39b1d39feb1bdbae40d12f6d42fe84dfa8023bca4a09abcc4466c2a0,abf3d8f9a5a6564bed9acbe517f603407eef00cf0a0ad572291fab35c57c9347,exhaustive
7351,descended,6085,6085,12144,117872,6085,0,True,True,True,44106,46603,46604,44104,44104,34f61566fb37a9b41ef32f0bc5b076cd1621ed787678cef611973f0fba717571,99738a495c932bad1d4441d4710dd2830919f577a3e85e1356633ba6fb9e054a,exhaustive
7353,descended,6045,6045,12082,117904,6045,0,True,True,True,44118,46616,46616,44115,44116,61262451c0c0b23e919f942974ff053950839b18f0b6ce8b139863548b2f4049,b9565a204117f2dc6b70923880e9aceaa2101c065f527e75cf113a8c9f93faa3,exhaustive
7355,descended,6004,6004,12015,117936,6004,0,True,True,True,44130,46629,46634,44130,44128,69ec62fd92ae7b2b27ba7889c8ce6326588c9a112afdb2c9a33358f034cddeba,45ff7d1cb8a33aac3a42b5b60ab105f4ded2b4d8e946a74aeb55e49d675f0637,exhaustive
7357,descended,5953,5953,11935,117968,5953,0,True,True,True,44142,46641,46641,44142,44139,93da8ed010bdabeae8b60b89bd8b1808946da4df89e7bcd73a0c60e41c88d12d,7ee6fd0f3951e4f2065024b720cd8c62c860d5328367cd882a64b363da840099,exhaustive
7359,descended,6356,6356,12575,118000,6356,0,True,True,True,44154,46654,46655,44153,44153,d046eca5ee8a60cafa5cf91ead0df063802765d15afe18a1233771ddfe9ddabe,fdbfd2b9d755b8317af522979355af8c42a794fccd62cc1e15f6565af62b73ed,exhaustive
7361,descended,6778,6778,13245,118032,6778,0,True,True,True,44166,46667,46667,44165,44162,43d2a88233a2798975f325111aa3090c3e60cd850358b7837eaba30e39704e5c,5ec618c57e7b6cfd6a0a74ae0dbbd02b0410aed85ae7e5dcda82009b174bd912,exhaustive
7363,descended,6750,6750,13200,118064,6750,0,True,True,True,44178,46679,46680,44178,44182,ab4639dd6e2b0a104797cbf4f6d1aa29b4583276c1e08eaaf24e1e7b69cdba65,8c0112c78ebbdcca37147ef221b128c77166b9332a5f2072ddf3e397c7ae441c,exhaustive
7365,descended,6730,6730,13169,118096,6730,0,True,True,True,44190,46692,46692,44190,44190,d7001b7be536713a67b735c93738a02e506f012b6e37e950cc187d9fbfa4e9f3,d2259df802533ec51af7412f16532f5851af4d469e75d3189e2df83a8ce44915,exhaustive
7367,descended,6674,6674,13081,118128,6674,0,True,True,True,44202,46705,46705,44202,44200,37fb95f7a3514dba8d6ad1f7e8c50c7969ce7dd426a8caacc8f0d21903b91dd9,7f81779c1447f34e1d6639b6e8d0a8030f117bf97d425b1f83b5e01cdad1f38f,exhaustive
7369,descended,6647,6647,13039,118160,6647,0,True,True,True,44214,46717,46717,44214,44212,703c6c7c03fe2bd61326e99500e625020c41c32e146992648d1bf655b8f29992,73f9c893f928e37bfc33a4cea5bc8b29b5a927a486e104ebe400d328873470a7,exhaustive
7371,descended,6590,6590,12950,118192,6590,0,True,True,True,44226,46730,46731,44225,44223,ab5b28c0cc346471c8e273e7d0c71a1295cac39568cb2826c0917f4981281cb7,31f994bf1b688568415d203d0d3adb2716eb4798fa6ab69ef66f8e9f738e0d59,exhaustive
7373,descended,6534,6534,12864,118224,6534,0,True,True,True,44238,46743,46743,44235,44239,efa9dde2ba778846b0f3e67bb1b8cafa0ad17e99824ebde6b33457b581b9701f,fbcf32f47b5dfc82386bec17a9bc8dfcbb93658221130d941d033b63f638ce34,exhaustive
7375,descended,6442,6442,12716,118256,6442,0,True,True,True,44250,46755,46755,44250,44248,db2cdcd2a4c3504a6e9c2f37eef10599a4fc8ca575e35172c853d7bc8876cb5c,1f97041c07a12e6ba37d153565383e8aedb2e2292f441a219896d180178e38da,exhaustive
7377,descended,6417,6417,12678,118288,6417,0,True,True,True,44262,46768,46769,44261,44262,87b061dd561273877ddf30461fc70148912a45644592dbe6df08cb34f78798d1,6dbb116843b4846b00ae1eb91e665f2cd94e50189a7e8fe4c36fab9e80b4cec8,exhaustive
7379,descended,6372,6372,12607,118320,6372,0,True,True,True,44274,46781,46781,44273,44276,226c96fc18dfc7013c43f1da28f14f3a0aacd2dd5addced0f3f2fbdf426b62ae,46341c2201ba312c744875a2f59572d6d7497ecd2de4966621dfb5bcdf3f63cb,exhaustive
7381,descended,6331,6331,12543,118352,6331,0,True,True,True,44286,46794,46794,44285,44289,4460b1436b4ad373cb04701425a340ff1eb19ec54e6576e23462c1559ca0c0b2,0515d23c78ae2ae4672816519fbec0a0066185ca2aa36e09e23fc40ebe525309,exhaustive
7383,descended,6307,6307,12506,118384,6307,0,True,True,True,44298,46806,46806,44297,44300,0ba779a7ce429710a56e129909c63b4700db2ae0907af6b11f1a69a460388730,48ae94c56cd84a8b7aeca45f36e7224407345d9e3816008b2c1e2a6667b81ecb,exhaustive
7385,descended,6248,6248,12412,118416,6248,0,True,True,True,44310,46819,46819,44310,44307,690f89bf85a1dfe7380309eeb57a4471f04940d21b50e90df13e7ac003d2efe8,0a16000d970a0465060c74538293f562c608de72a3e403d90064d1ec66a0194b,exhaustive
7387,descended,6388,6388,12635,118448,6388,0,True,True,True,44322,46832,46832,44321,44323,def84b8aca79360d1288b9d572e44b0e51de31da3379a5117beb41935c14160d,533899d6c3897de42a58ca4f5a9bb6fac65512ccf4981581c44cce710c66b308,exhaustive
7389,descended,6354,6354,12583,118480,6354,0,True,True,True,44334,46844,46844,44332,44338,8e63d20250f72833e6d0bd98ef6fb74417322595b9083ac11ff800f203ed137e,afe236465014bd86ea487f28eacbc7d895bf91fe5f0cce5aa83e071293e83129,exhaustive
7391,descended,6331,6331,12546,118512,6331,0,True,True,True,44346,46857,46857,44345,44348,bc9e6c36a81cfe90356eb14bc9783ba283e92c3b3bee1a248102b8e4d920c216,d89c99345ebbe7897ef3866d249943be2e5df0eb207d553854372b3cca9aa660,exhaustive
7393,descended,6304,6304,12504,118544,6304,0,True,True,True,44358,46870,46871,44357,44358,8243b495483a25048600fc7d9d509b680ae91f90871908253fbeb477b45eb6e7,31c09e0d50f81f4d03574f4863afcfbdc1c51210742fa98a18812bc1f60bd8ba,exhaustive
7395,descended,6261,6261,12437,118576,6261,0,True,True,True,44370,46882,46887,44369,44367,636e82fc0266838ba6532ae6cbb8d9641c756af7f07cf1994bafc8133b5bb913,8b884a66fb7cae4d450e335eb25262ddd93207f1bed9f35cd24e5853af54549a,exhaustive
7397,descended,6223,6223,12381,118608,6223,0,True,True,True,44382,46895,46895,44377,44379,0adfc33fd32226ee18d533ba9c3c0af57b8cf987c3ec29ebed63dd4eebceea89,23528eab974f8a8fec24a27c3a94f38914ff0e57ca1ea537c3aa2db6a2fe5aec,exhaustive
7399,descended,6184,6184,12317,118640,6184,0,True,True,True,44394,46908,46908,44392,44393,277f97981cb4620f59889b45158c1a8a77bb2e87a59f0d2b145dad49c55c79c2,1fd78cc7b5f4a6ebec761366fc6f36395da94019f43d36e5479e3a29f4009290,exhaustive
7401,descended,6152,6152,12266,118672,6152,0,True,True,True,44406,46920,46920,44405,44404,e6a4e1f4c2f8e3e7291b267123f7b0df2265bef250a90e228d1e220ac5bd8488,c4c468e43f7d57b2feec860835a594c979e90b789f2c4fc2e542367622c8c77e,exhaustive
7403,descended,6109,6109,12198,118704,6109,0,True,True,True,44418,46933,46935,44418,44411,2edc188ee62df2539658a2a816bc9002d745e3cf17acc2d5f11e7f831b3830ae,b1ed3b2f5fc3cae87f32d7db99598158d7640e02d7ce7fd9205d1b59576bd712,exhaustive
7405,descended,6040,6040,12091,118736,6040,0,True,True,True,44430,46946,46946,44428,44428,025d47ab5fdff5aa919be1265efd48ec0a96d5e68d1cc9057734852fffd930d0,cab38cc1b22ed0e0758b5671816a1fad1795f30af9a27667994833780e438a3a,exhaustive
7407,descended,6013,6013,12047,118768,6013,0,True,True,True,44442,46958,46959,44442,44439,936574ac2ad50e0130be8aebc0a0161f08ad1d3a2575dfc44c356ae858943a33,4a269ad0df25ecb85de5191b984f08e87b652ee0cb02819fb7c4ec5ad5da3e92,exhaustive
7409,descended,5995,5995,12024,118800,5995,0,True,True,True,44454,46971,46971,44449,44454,6b57390d98734c58973d9bf6545cbfe26cb388cf1826ecc94811d1fbb70833ef,c4952eaa0a8b44033fa1adc8be6563e3111f5248f2093d554bc02feb501c0dae,exhaustive
7411,descended,5932,5932,11920,118832,5932,0,True,True,True,44466,46984,46984,44466,44465,54c8dd0de5a4fd05173aeb3411a472ba28f7d159e7e7da1205de295ad638e54e,57a1ab93c90cf8229dcc46c6132569453725e300bac6b213a45dc0b7fa475627,exhaustive
7413,descended,5888,5888,11852,118864,5888,0,True,True,True,44478,46996,46996,44477,44475,16c755b6a26ffbd2dbb33f497d7d900c934540ee372ef210d3d9ab5a39375f77,768f626b9fc35af812bd6a903181aa92eaa59fba198b0cc923e94dceef7a373d,exhaustive
7415,descended,5844,5844,11782,118896,5844,0,True,True,True,44490,47009,47009,44490,44491,7ccb36d6381f4939a47ab3f7bf85736e887d1810b6ef9d472f86d561c6b651cc,fad0ffe230ca050180f513a454824c24a1e810e8eaa5f512c3725c62f95e8193,exhaustive
7417,descended,5783,5783,11686,118928,5783,0,True,True,True,44502,47022,47022,44502,44498,3447593b146b5496fe1338ea03d5d8bdffa22f83f32b673326ddd50a341b4241,f86ead77f51ce1b6e98889781e08ad990bdd144e02efed137fdc56c652e317ff,exhaustive
7419,descended,5727,5727,11598,118960,5727,0,True,True,True,44514,47034,47035,44514,44507,d2239250e7b2da2af181d108d1e1f68e20d4ce569ca73ce774ea5b5c96c22206,4001a2d916dc8bc798b11a488342c712f9e3ea689648bd73635122669e65beaa,exhaustive
7421,descended,5681,5681,11526,118992,5681,0,True,True,True,44526,47047,47047,44525,44525,33ab6d4a18621c2679ec2e1c1406d5d68bbeaa864e5839f77432707f2cc897bc,b721e680c3c7e4facc2b40591e7ac1a94538fe1937139e0807f30bd2f14ab8ac,exhaustive
7423,descended,6561,6561,12922,119024,6561,0,True,True,True,44538,47060,47060,44537,44538,28f8f99bf2ffe1954b9dd9806602f8c1904819577dcc56b452d6ce6847b14a40,0dd020097ec5b55a0023de01c7dbe03c330c2ef8ff84bc108f2f647b38fbe0da,exhaustive
7425,descended,6519,6519,12855,119056,6519,0,True,True,True,44550,47072,47072,44550,44553,8ebd209d9179154961729f030e9aa2b8705639f09a5babf6410d80919e6b081d,c0c0a0ffa9ffa5d6414c50ba6e602c3f97bed7570e91068f8eb4471c9e7b9184,exhaustive
7427,descended,6475,6475,12786,119088,6475,0,True,True,True,44562,47085,47089,44562,44562,fe6349a299df392069488968f1517d62a1151534e1fc4687087900e726a0e605,8ba05a3f4614e68d6e43ecfe49633ccc64496bd58bba806aeb55395121b7032f,exhaustive
7429,descended,6454,6454,12758,119120,6454,0,True,True,True,44574,47098,47098,44569,44581,8ae54465c23fbea441627971dd54b8cbeebf34b6e8ce8ab255e99f9d0a831bbf,64e43609fd9fd1746fb518217618a20248e58c7b1c77c73314ce6036089c480e,exhaustive
7431,descended,6441,6441,12735,119152,6441,0,True,True,True,44586,47111,47111,44584,44583,27270f6b941b6fb89ce4c4e0a88f696ad32a03b6c73b7dc5a74559eb8801e644,60038e0feab190b8705631d96706c3f81edb53c61e9097d702e01cbd68fcc122,exhaustive
7433,descended,6358,6358,12604,119184,6358,0,True,True,True,44598,47123,47123,44596,44598,591a668b31317af98fb6f9ce8178d79afad7c492f28f7fa932e90f26cdb6606d,2a67949be3829cfbd61e5780474a3b51a999506c1806beac14d4060c11546747,exhaustive
7435,descended,6318,6318,12540,119216,6318,0,True,True,True,44610,47136,47137,44610,44607,6087d037e73cb52fd233db70418ffbdc412e03190f5131d96a57340f85ec5e5d,11ec114142f809200ba6aa3a77eeab29857ff0e626d1e89584b6f97de6cd8c6f,exhaustive
7437,descended,6276,6276,12475,119248,6276,0,True,True,True,44622,47149,47149,44621,44627,7711aa6129b3962082206862ff830640ce9c2b34f657fe2e8afbbfa2bfa49309,cd99eecbbbf465d8b9f57d60b4e6a9c6b363d0d180fdff9c06e21031f61397b3,exhaustive
7439,descended,6240,6240,12420,119280,6240,0,True,True,True,44634,47161,47161,44631,44632,24fd7eeb2ae3e82184e6206448807365b2ce42c14f9ba81059e93673e534c038,2bf051f7724a4f34223b4dbb4ee34e723f853ac375c66f7b7d897a705f637ec2,exhaustive
7441,descended,6602,6602,12993,119312,6602,0,True,True,True,44646,47174,47175,44645,44648,b5d40516922574a3ba48b80af5586efb6570a58db3df30b5c469e7040b26ba03,5444d2d0f2372540c6e7d5878890785343e6ad7016f5ae7885b5f7d15f5e6bc0,exhaustive
7443,descended,6542,6542,12898,119344,6542,0,True,True,True,44658,47187,47187,44657,44663,4cb8168a6a7463756ced22816f893a89838e8fa699c1aa744c956add00f8f8bd,35d9f751dc381d966c50af6a13769c89e1cc0f4e747962794d81d9978f1de2e7,exhaustive
7445,descended,6519,6519,12862,119376,6519,0,True,True,True,44670,47199,47199,44670,44669,32ab2c6862e2b1c93498e96963ec7e6e7412056a012b8e54ad6786b3436aada5,2a3bd22e3a51b1e0b7a96682a4b469b5f7cbf3b7ad7326a82af8c47c43d94cef,exhaustive
7447,descended,6493,6493,12822,119408,6493,0,True,True,True,44682,47212,47212,44681,44684,cb0430ee3c13bb015ad8b923e277f2391076713d746a6b8fffaf1f7360985e2d,dbeab8f0cfc8f5ba1c5043e09cf2cf63c636cc503ba8f830d3e3a05b99a881c3,exhaustive
7449,descended,6452,6452,12757,119440,6452,0,True,True,True,44694,47225,47225,44694,44692,bc25ead35a1c9386e80fec15d69dd341e1d4941744df8079df7011925f508e02,e95dcfdb40808aca0adf5145f3e87b03a6d7cb27b126963c12fdf5180446b866,exhaustive
7451,descended,6419,6419,12706,119472,6419,0,True,True,True,44706,47237,47238,44705,44705,a4d78a8af4ed889739e620b6fb7b846b859885fbf6f86b6987b3092e3bc1d910,d95cb6115cb0439c6217ecb538511c3f47e4255b3553db8dc993b8a52b8e74b3,exhaustive
7453,descended,6378,6378,12641,119504,6378,0,True,True,True,44718,47250,47250,44718,44716,684fd59215562805b06491369866e3075bc00bd3a16fd06032c54869225ebd70,a855241be29d74c90a925871b417e3e3e37ad280b0e577ae0c2704dbfdc7ca25,exhaustive
7455,descended,6327,6327,12561,119536,6327,0,True,True,True,44730,47263,47263,44730,44729,864950ecc48b67f407dfb04131fceda95693856d2110013cdeae190e99022ba5,2d452e840fe9d919aae6102c9dbc15808d16880ab2e70c610e5f77e84cd05acf,exhaustive
7457,descended,6291,6291,12506,119568,6291,0,True,True,True,44742,47275,47276,44740,44742,151f027681bd8ca7462afef88b1c66e505a7ecd6d5f35a671b818c47c33fe7d9,3bfc00aa1b3fd40e0e1d0ed8ef5cd78ac2e6609ad1df5df9ae1c5fcd114d22eb,exhaustive
7459,descended,6259,6259,12455,119600,6259,0,True,True,True,44754,47288,47289,44753,44756,cdb6a0595fe3b07eae21b1f96a1b84895173a3388836d717f832691733b8ea76,83c97f82761f2ccbf8fdbd78b0d842652b5a043ece8371a087154f617fad0d12,exhaustive
7461,descended,6240,6240,12425,119632,6240,0,True,True,True,44766,47301,47301,44766,44768,5ad6c1180d3d1a0953638b79ddf0a81d92fda4639229a650842fbd396e791eeb,0ecf75ccd8ced26ace34fcfb63e1ceccd087de743681acb9c8682d72d631ae87,exhaustive
7463,descended,6198,6198,12360,119664,6198,0,True,True,True,44778,47313,47313,44777,44775,cc6f44adc9c3ddaef14c4f5fd71bbeded9744a28f61ef44c2d86e06543ec2163,a058b6e575d92ca78aa58d3911998fa4e0ff645f89da7418f5ebaa6c1d391470,exhaustive
7465,descended,6123,6123,12241,119696,6123,0,True,True,True,44790,47326,47326,44790,44788,f12c7a0c0ee53470124ade806acc18892a00fdbf2eeb07fa78fd2aee4f32a125,593c73dcb84723af67804c70d1a527ada7508538a46a3b98165df8ee74ff3873,exhaustive
7467,descended,6056,6056,12137,119728,6056,0,True,True,True,44802,47339,47343,44800,44803,94dbe5de5959acdf4322d4e6f9aabfd411ecd2a359f3b7583fa918c7c3b14bc0,c5a1fc1e9c22b8a433cdd5537947380e35aa417b05a8bab3c0f42a3e407b54f0,exhaustive
7469,descended,6037,6037,12107,119760,6037,0,True,True,True,44814,47351,47351,44813,44812,c0a99db7b3a8141203b28ef12409b6ddd3fa57f498aefc5ab99ae97ed85077cc,279fb97a8c44d7293406ecf1eeeccf2db13d7c4242514cbdbdc449ee09d17708,exhaustive
7471,descended,5996,5996,12042,119792,5996,0,True,True,True,44826,47364,47365,44826,44826,5dc7d2ba1a0fe418cec32297cf416c28de63a35e078713fba533c76b5315b63e,bc9a35c78ea4e85824b11d17a40dbe826ca3bd25f11801dc9b8dbc455d4dc795,exhaustive
7473,descended,5927,5927,11934,119824,5927,0,True,True,True,44838,47377,47377,44837,44836,34acf58ddb2a137d725b6149627cd5d2f2ceafa6ec70798697102f48cf50c7ad,309e9d1cfd50de7b17c304b5734cb3de6cd242872c60afafca29894f65234215,exhaustive
7475,descended,5866,5866,11838,119856,5866,0,True,True,True,44850,47389,47390,44849,44843,19611a7a42b86780b3967bc9f85e95f5331477124ff9b77194481d9b3649ee7a,c9afe61d1accb19e8d9083b12327920653b0450c54c486586c10e810442c3772,exhaustive
7477,descended,6102,6102,12214,119888,6102,0,True,True,True,44862,47402,47402,44860,44858,e6a91e276e029f499acec2ba3b7303a625fb4ad6f256a6d2841a04ab76113685,b59da041585dd1daeea5eeaa6e62cf8315adb29f5518a546a83d175cd3e38fda,exhaustive
7479,descended,6077,6077,12173,119920,6077,0,True,True,True,44874,47415,47415,44874,44874,139a43ff2c79d77d70272d776e908af9b653311ab15922301f4a44f2db4202c7,7e75ff0e6fb3c131744dbe9f2b3af249f53fef9e178149dc0b12db0776647be2,exhaustive
7481,descended,6049,6049,12130,119952,6049,0,True,True,True,44886,47428,47428,44885,44886,71d202c75de5ae6ed37c2cf0651d5e9c78220fc2846a9918908edc265dad47d6,4be7c0ceebe1bcf486758dc571975c4128c90ec5c658855eb802a705f1197d36,exhaustive
7483,descended,6015,6015,12077,119984,6015,0,True,True,True,44898,47440,47442,44897,44899,3b7dd1b5835b6c24836056c004d776b95d695846fb930379af24f961a4bd0ebc,7b247c9d33dd6677f6f5f95bf2f4788f8b7526c236dc3009c2f9b9566d7bc757,exhaustive
7485,descended,5916,5916,11920,120016,5916,0,True,True,True,44910,47453,47453,44910,44910,d337e9c0ca913dc881ade36c505f630c7bbc46b84a50fc366899363144898b9b,4377d8bd8e56759355f0a038efe1c872928c73870694400146c823ee8cba120f,exhaustive
7487,descended,6598,6598,13007,120048,6598,0,True,True,True,44922,47466,47466,44916,44922,5a6f28a268c652fe82041f2e6b84cae4b2c899965858d316f49474dea16ffa36,4c2210233bb77636ffc6ac50659eda06fd6abb38cbb34b81e79eb4c19964b7bc,exhaustive
7489,descended,6546,6546,12921,120080,6546,0,True,True,True,44934,47478,47479,44932,44935,978a83a9024fca9d9a48964d5924ce2c8a7da072a0ef448ef78e9e28d8d180d5,fa7886d7c5d8664cb18bd73abff17ad915ddb52b3cf3281f47c2a323a4b908b3,exhaustive
7491,descended,6506,6506,12858,120112,6506,0,True,True,True,44946,47491,47492,44945,44946,c99a4b5fee68e3b794f32a661c04f9b410d6a40789de85f745005251016ca127,b0b02a10bab5c2b25da2bbe1c49842d08d299ae0c4d7489cb09546a81f19d4b1,exhaustive
7493,descended,6451,6451,12773,120144,6451,0,True,True,True,44958,47504,47504,44955,44956,eb25fa66b9d32a25a2c21bc1e78a14abc2f1d236d016fb01c0900f9efcf71f66,c1052407ce4543d93b24fea8035f38762cb50451859aa83cd5c23c5c5901e899,exhaustive
7495,descended,6436,6436,12755,120176,6436,0,True,True,True,44970,47516,47516,44962,44973,f71da91d450d26684d2d8cfc43f5d600967605366e1231a0f3f4523528180360,74b3c54495d694e04f1922b3584c02b63aa407a54d3c741b84f13472de3b4000,exhaustive
7497,descended,6413,6413,12712,120208,6413,0,True,True,True,44982,47529,47531,44981,44979,ca0f1d32242c360afc9cf2fd2780e207236c95b98236821a09fb20e1a7654c69,98ba9a154bf039f51c54d2ef9ec1cdf5ad8d18bc8576f61623f8348132a4dd7b,exhaustive
7499,descended,6377,6377,12656,120240,6377,0,True,True,True,44994,47542,47543,44993,44992,787d01a54ae607394bf9556d717c3a612e14c0891fbb3255dce151365518e3e9,6e2bd30f3fdea8a135a9aff5a8fdc6c60ff5540dfbec8571204cef8a25f7ecde,exhaustive
7501,descended,6329,6329,12580,120272,6329,0,True,True,True,45006,47554,47554,45006,45004,26a5a7168bdea48b5436da2aa7ff2246f8a0ca1ea31f8fcc434ff34d5ddc8f4a,55add9a9612e4453aef30575f34aff655789d1160ebe57e00779b2dc3a9cbc72,exhaustive
7503,descended,6284,6284,12509,120304,6284,0,True,True,True,45018,47567,47567,45018,45019,f51a55a5188de2d88bff50211d5cf464e5b75bfd7a211e10f817a3d4f493fc84,735da096d7529acb9a0a0d585b0949e33b59bcbe28f008a59491664f938c67db,exhaustive
7505,descended,6244,6244,12448,120336,6244,0,True,True,True,45030,47580,47581,45028,45030,32a1896cf97e2e20d541fb02a423df21e6b49b2994703ae4c041107a789cd4c8,3d0471b8cd2f7faf7b13d958482f3233670da5f7561e03f88ea16d9e7628a6e9,exhaustive
7507,descended,6216,6216,12407,120368,6216,0,True,True,True,45042,47592,47593,45037,45041,fc83043c3234de094c7dd05189d4030b28bfe990891e97d90921230b8d8faf3f,f3d9b0e7d6bc5d4277b57cae23a8558853dfe287d1a7bae1f67ab6c949774092,exhaustive
7509,descended,6167,6167,12326,120400,6167,0,True,True,True,45054,47605,47605,45053,45054,739afa9e2d65c5545b5a52cef63b8687ffc89e32ed32a313094c78fae2c9e787,6c8d3b4ad27f0302806b541479d0ac50ce4f5a940787bcb080bbacf17990e3bb,exhaustive
7511,descended,6111,6111,12238,120432,6111,0,True,True,True,45066,47618,47618,45065,45066,43f38e4d003c827155894b08248e443933bb21d75c2030d30c931343f20417ba,88d273fae58b392d6ada94582f71d7a64213f0e66212587c6999d08ff7d579ed,exhaustive
7513,descended,6091,6091,12210,120464,6091,0,True,True,True,45078,47630,47630,45074,45079,7dc793798173b1c283d25ea11c553ef660ff9bab6d3d9375b19c892096975b81,816071a7a01461a8f8ee80fec760d2ea0174b2309e7e7302abf09d258c38a216,exhaustive
7515,descended,6058,6058,12155,120496,6058,0,True,True,True,45090,47643,47644,45090,45093,a6b7e2adf8b0a38debe68768da3394cadccf8c16787dcb18ede115c8b764c791,2ee32bf594d2c9bf896acb82b973906eccc98aa4cad03fe425dc8ebb297e31e6,exhaustive
7517,descended,6048,6048,12145,120528,6048,0,True,True,True,45102,47656,47656,45097,45098,66fca22652ec671845b3a8a61938b4b3e916cdf1dae6c6c5df73b26344c24e5d,3792f8aebab14f35a5dd673020efce1af80f1795c6d0dc7f21c559bc009a6b95,exhaustive
7519,descended,6011,6011,12084,120560,6011,0,True,True,True,45114,47668,47671,45112,45116,2c5efe709e61d122e16bc66358001470c7e1ca2ae43cf738845d33a807cb4477,db09a96de2741e44410f1aeebc1e94749f6c71d61accacf13cdc501565bc1eac,exhaustive
7521,descended,6037,6037,12126,120592,6037,0,True,True,True,45126,47681,47682,45124,45124,cc687475a8bebd9d11867657d472ca361248b65678a3534f24920eb406244aef,ea9cff3037f0693ef852d62aad65fef161223a3057f0d9c8857161c00715ed40,exhaustive
7523,descended,6004,6004,12072,120624,6004,0,True,True,True,45138,47694,47694,45138,45142,ebc774f3af3d206cbf32f835da1fd01e987b6ed33009ecacf58209c88c2fe373,43bf772245d796ce0b8306cbac45b43b16441c92f1add7af5cc40a97aa84c478,exhaustive
7525,descended,5979,5979,12034,120656,5979,0,True,True,True,45150,47706,47706,45149,45146,0a42d035033b40713b9b72dde62e2ad4fb86af9779eae19bd156d811dd5c31c4,1e095bdc283197475a3bfeee32a52ca5e1e1091681e27af44f5af81534d15b4e,exhaustive
7527,descended,5953,5953,11997,120688,5953,0,True,True,True,45162,47719,47719,45157,45163,f543fcbddd080b53dc7c11507129191f37465dfaf00f9ef587a6dda60997d6d3,8fc02e3e1d1769cf9315fc272701e90c633d32e3c5313b6a51cd9ad420970c89,exhaustive
7529,descended,5878,5878,11876,120720,5878,0,True,True,True,45174,47732,47732,45172,45176,515fc574711dae21a162d57adab66880fe694245e1bc2bbb2fbd1b572fafd4aa,12349d3c5518890aa77cd1b13dba721712c534655a7f9124daddfac5bef216ea,exhaustive
7531,descended,5857,5857,11843,120752,5857,0,True,True,True,45186,47744,47749,45185,45186,a5d7d8d786acbaf985062fdca5acdea57fb64428393852a4b99ebaea9694d5e8,ccd11c5670433e8038ba3f92285c529ccccab657f895d4bed2babb5c2da840f0,exhaustive
7533,descended,5831,5831,11803,120784,5831,0,True,True,True,45198,47757,47757,45196,45200,3d84c6e165e84f538aa6d9da539fd284b04035948428b1f5c234fdecae0fa8a4,00785deb13ab26b9d8622f3e8ec975c77f18036b0c73acb10660061e28227351,exhaustive
7535,descended,5815,5815,11777,120816,5815,0,True,True,True,45210,47770,47771,45209,45210,7326fc02f844b83226a4f6260c8af4c73818e0a852d11ebf41530fdc001f8ce9,36c88bd260b4748dfc21be0a9e1692e8c8a04722726664ed457483d449416ec8,exhaustive
7537,descended,6165,6165,12334,120848,6165,0,True,True,True,45222,47783,47783,45220,45223,39a7285f0486074ceed62589401542f9a6466008e53d577d7e7fec45e009a766,8f27a3c1a84669e92a15d4e6e9e5a6680ebf0041727db66597af71cea027968e,exhaustive
7539,descended,5770,5770,11709,120880,5770,0,True,True,True,45234,47795,47797,45231,45230,74cc0a012c2050ce8f1b2853b91350d16fbf891234fa1e8f4bca5785068a462a,10fefcf0249e45ded11150da782e368e9cea0b9ae66eb3c775c9af83399c984d,exhaustive
7541,descended,5727,5727,11640,120912,5727,0,True,True,True,45246,47808,47808,45245,45249,2c5de16f1fc64ecdbca22774394b8a6824eb929726fa2d3df933ceaf6999a686,90ac3365342084bcab4a321bd8a5a49ed5eb21c5781b55ad2bf3cea496044d42,exhaustive
7543,descended,6030,6030,12123,120944,6030,0,True,True,True,45258,47821,47821,45255,45260,fa499fe92bb4e10b2b1ceecbb868ceaba356faa7c635360f23fefb8a5a6a23d0,b8e1d1108eac6f25b9141f38b5939f68e9e6710a3959d035abae8809ad299796,exhaustive
7545,descended,5962,5962,12014,120976,5962,0,True,True,True,45270,47833,47833,45269,45275,111f7e7c4038926ff7714828706f2639e15fbf16b97f71ebb89b91b7010b85b2,f0036d11ee23cca646b9a6eb9ecc4852ea88dead005ed4b27205f8958618ceb3,exhaustive
7547,descended,5939,5939,11979,121008,5939,0,True,True,True,45282,47846,47847,45280,45286,c261406b41b16a8060470ffca62b78c44efebf58d877a3d07c13f015d2dd1d44,325a62df3567c214bf278c06edc75e60e4c641fbe67c6b51ac085836a275f04b,exhaustive
7549,descended,5915,5915,11940,121040,5915,0,True,True,True,45294,47859,47859,45294,45291,751cda97a8571f05383d9fad802fea1f1786c5536ef2716c5951cb484af67643,08293bb28cc612a680704e68612b5f6c7194290a109551db0b87d5e061248f91,exhaustive
7551,descended,5889,5889,11900,121072,5889,0,True,True,True,45306,47871,47871,45305,45305,d78ff85315cd1ebeb6295be86672180cc0dceffd3caed5b3c7365c9f20388cb2,4ad47e9917fcdcb0ac2204217226d27ebc2c9d550918047a63eeefc47ccd12ed,exhaustive
7553,descended,5862,5862,11858,121104,5862,0,True,True,True,45318,47884,47884,45317,45317,88023c7417247af2995470defb792fc627b0f1a2e2bd5e5eaf94c096ad05cd73,7649b539226223a68ef6622eed0f4d33dbbc775304a645490e3faa0308649cbd,exhaustive
7555,descended,5841,5841,11826,121136,5841,0,True,True,True,45330,47897,47898,45328,45328,3efb6475f6360660ef8674dda8ee6b219a0ae3bb6c3a6f82dd29c74326ba42ba,3f2582f81576862f76a83726c4e818cdca1e3fbe097a363289be927d6a8f8fc4,exhaustive
7557,descended,5808,5808,11773,121168,5808,0,True,True,True,45342,47909,47909,45342,45340,d1be94e5893ad557b2faa8abe9f080cb475331ec0229b0da74a8f2b006b9c906,5e5e771e01048916fe2051a966c73f0da7cce193700433407140dc35c2296aba,exhaustive
7559,descended,5777,5777,11726,121200,5777,0,True,True,True,45354,47922,47922,45352,45359,559c596f116d327fed965a61de2d39484d65ee9c235868644e0901cfbe4d0518,cae47734fef8ad3c07af8e90d67a8f847d34e3c982b23ab9f8b57c2e54f81270,exhaustive
7561,descended,6394,6394,12704,121232,6394,0,True,True,True,45366,47935,47935,45365,45364,c511d07edb9ab30f5b3a5e6cb1a90c333de43a7d5664792a872f259769e91618,d0475924496c9b3dcc29626d967a5f1a7669d943eed276d8775efb64b2ebe1fb,exhaustive
7563,descended,6338,6338,12615,121264,6338,0,True,True,True,45378,47947,47949,45378,45380,1dffd8b9ee375df7ec94527f281cc96eef6314828bd7fb801288b8c2a0c20816,f68e14a5ebbeaf403c831bdf2473c79d1877c4366e4ac30437ff7f7da98aedd7,exhaustive
7565,descended,6310,6310,12573,121296,6310,0,True,True,True,45390,47960,47960,45388,45389,da9d5bd78b75f39623db422ab8941d35b35389237fac2a737a1845b014a392e3,b58208caaa5948de9ca5e025dd4f7366013839f3a1714ba372ed77ef1ba66bd7,exhaustive
7567,descended,6641,6641,13099,121328,6641,0,True,True,True,45402,47973,47973,45399,45403,e05ce67100205ab0c61265f093b8b62ef9d8f2a6ddad384cefde23a0bb8d2185,985b5afd77caa2e34b67ea2165d3bb4eb3d9b3df8717edad23122997704433db,exhaustive
7569,descended,6606,6606,13042,121360,6606,0,True,True,True,45414,47985,47987,45414,45416,ac78c970fb7f0fbd6ac91dac69b13e7b15ee680765c9a5c154429d938de43b15,39bcec5a529168d6c8ff3e60a6df2cfd38e8105f7229062f6bfb642b356e5d44,exhaustive
7571,descended,6184,6184,12376,121392,6184,0,True,True,True,45426,47998,47999,45423,45429,e85dcaa95502908a8a22fd7e2b1e43e270cf39d52bd4a6301d6c49037d82cda3,06cd109dbf71c39234214562831e053c1afd1f2c23d97ce22653a2b0277b9183,exhaustive
7573,descended,6550,6550,12955,121424,6550,0,True,True,True,45438,48011,48011,45437,45437,6a9573769861b1ae6262395edbf8d8cf8173bda589be3e471550694b33e005b4,127c8ea09dadcbe67ed901b2ad9fd2f6e20f6fdca3733e4a370fb5a4d491a6ec,exhaustive
7575,descended,6110,6110,12258,121456,6110,0,True,True,True,45450,48023,48023,45450,45446,30803d53d084cecc29fa0c6bfeb7710cdbce523f3274b3a4597d51a033e40e49,452a4c58fd1eb5a180731a129cedc00e3b18904599bac5033da8a7ca25d2a90a,exhaustive
7577,descended,6070,6070,12195,121488,6070,0,True,True,True,45462,48036,48037,45462,45463,82874f5b390d6db3d42b2cdc1b9300e029ea5081b37bd63cd045d21dd12b93e2,73c9a90335a85d540f4ed1fe0d8056e644ee7b9588cbee369febd93dc19a2bc2,exhaustive
7579,descended,6419,6419,12750,121520,6419,0,True,True,True,45474,48049,48050,45473,45473,64d401db4ec5bbc426f502c8c57b40fcb616b6cc3de038fb51c23a54364bf019,4dd984d9e589992d7ba8dacee083c64443ff1ed60325754bf3cd33e011fae82d,exhaustive
7581,descended,6032,6032,12138,121552,6032,0,True,True,True,45486,48061,48063,45484,45486,8485ddc5e7d9254b290536dc14cd1023586c36bdc1cd6347a73e30df043453a2,fd7ebb4a2aa1c8aba40a42bf06a26abaa09dfdc9d70a615df91f33f3c12a77a1,exhaustive
7583,descended,6340,6340,12626,121584,6340,0,True,True,True,45498,48074,48074,45497,45495,86842b8b2909e963dfbd2ee56bf6ce4982ee81ea85073e6bc079632e52d6c8a7,88753a8bb9dbed8fc9e775851517afde590eb0704cc72bfef674cfe5b3344a01,exhaustive
7585,descended,5942,5942,11996,121616,5942,0,True,True,True,45510,48087,48087,45509,45511,29d176294dcce87227fc8bc56570c46125d7c648ff9373bfd33b8381261e1842,121a6bbef0bce549c4deda9b260d4889df22013142f94db855bd6fb32f266ed1,exhaustive
7587,descended,6272,6272,12521,121648,6272,0,True,True,True,45522,48100,48103,45519,45520,941d0948b91e6e72a4ee882af25de0c9782b02f96d62d262c1bd4aeae31445c8,e52120cad51855ed7f28e8000ae8e839f0fdd847aa059bddbee494a9d5d50d13,exhaustive
7589,descended,6247,6247,12480,121680,6247,0,True,True,True,45534,48112,48112,45533,45537,13987c138c54049d420dc44acd6d5775ff42791708c78e998f1b77d487b664b9,99faf6e6e405c4c68e3c9883d072cbcba4480ec756bdde381a0679c03c3ec880,exhaustive
7591,descended,6211,6211,12426,121712,6211,0,True,True,True,45546,48125,48125,45543,45545,d9cd5b8b0f75bc3f89cbf2418a9b520d41e981f3ce87319ad20c86216239d321,2a6ae4afcc8496ea404b1217159daa691b106e6d6b640dd5e47a6b31593bda88,exhaustive
7593,descended,6180,6180,12375,121744,6180,0,True,True,True,45558,48138,48138,45558,45555,aa00d4b3b75705ab4729cc13088f2091d0bafc8ae0d898b532d023ceb56288af,2807037378e7c138a0c504603d7e4f1d3d5f0ca27817633a7611e875f67e16ff,exhaustive
7595,descended,6149,6149,12330,121776,6149,0,True,True,True,45570,48150,48153,45566,45571,143fb5d3efd621c633bd5ee3f5701759675f08aa078f4f2228b8beb9ca8523df,50752d7123048c60555264375dcbfcc1ffdc313754856d4f6372acbe55f14b19,exhaustive
7597,descended,6118,6118,12278,121808,6118,0,True,True,True,45582,48163,48165,45582,45579,bb642732b2eddf506a710a7dc8ae1715a7e9d6a1cb8fe9c9c5019781fa4f00fc,d06ddf0456689d8d15427e9d470907d56714435e23e53721290aa7e7849116b6,exhaustive
7599,descended,6083,6083,12224,121840,6083,0,True,True,True,45594,48176,48177,45593,45595,00ea1fe91891c07c261661fd7afbb6e3dd7b5b037ac188616e22be135ca36372,a2990068c66d9e8a0886b09e38a875beac197e3f656b56cb02b22d22bd7041bd,exhaustive
7601,descended,6062,6062,12193,121872,6062,0,True,True,True,45606,48188,48190,45603,45611,0ef9a850948b03e9d9b22f7d275b2b2cb306d40d13801a1e720a06b2633ca746,d3e030ca45bfc389e7773f61b7f2208e5065ef2be0e4d5efa511080c208f41e1,exhaustive
7603,descended,6005,6005,12101,121904,6005,0,True,True,True,45618,48201,48201,45618,45621,09e8bb765599ffb84941552a4dc2ca3d1bc43af3d102348cd28d52eaa831f93b,6afc97bfcc7364c6ac0776a8195ea9a80658f8104921a018dc11158bccca6ccc,exhaustive
7605,descended,5945,5945,12007,121936,5945,0,True,True,True,45630,48214,48214,45629,45629,b77fe9032e5b5a10680d5ce03b7e4e12e8abe37ce1ab423eaa8ed62e83d8aaec,8094f8b801c1ec88cc9a859e97633e047ed29dd343cf7213d686ab7801105d80,exhaustive
7607,descended,6788,6788,13344,121968,6788,0,True,True,True,45642,48226,48226,45641,45643,e31e29c6acee568ea98fb6a11c7b06406b829f5e247c80070e823644084808b3,2860cba70dc2b27b2efc1ae78fba2827a8ced030dd61bb1e8e521b6cb27b326c,exhaustive
7609,descended,6766,6766,13309,122000,6766,0,True,True,True,45654,48239,48239,45654,45652,bd0d3ccecc943585f614da9b2ab8d42496bc9158d5b020b4b0adea3e16e3e84e,8525fd95266fa1373fb0d200a1591eb60b207d4133cade8fd0f1e70e362ec668,exhaustive
7611,descended,5869,5869,11888,122032,5869,0,True,True,True,45666,48252,48253,45666,45669,5479bedc911202d70801c27910859a7ef90e5c2d7b14300f34fc09c8414258c8,3b8f89c9d308eccd90b9434037991e776f80a4baa5f9cff6c729a707569d7776,exhaustive
7613,descended,6706,6706,13217,122064,6706,0,True,True,True,45678,48264,48268,45676,45677,51c5957819f3643a0adcebfbc065add0e430ec0d040954f841d24ca871e5a98d,82523ef548866f0734492b528985bfc19d41b632b594b7aae813539a467dc7e8,exhaustive
7615,descended,5828,5828,11825,122096,5828,0,True,True,True,45690,48277,48278,45689,45691,45eeeae38b094959db8398421dc721bf2de0ebd964ab99f304c9f0d4ba7424a6,699e1b29503de294bb0586204c2bcdeab0a6eb60a0cdb8a30564a1522cf58616,exhaustive
7617,descended,6638,6638,13109,122128,6638,0,True,True,True,45702,48290,48290,45702,45705,e25d4374bf8c6471d4c37a04e563802715d4b70f43fb9f7af2731355b7bb5267,1ea448a0a3b45a00bb74cd3da67425291044b8e132870cf5446cf3a367959d7e,exhaustive
7619,descended,6608,6608,13070,122160,6608,0,True,True,True,45714,48302,48303,45706,45712,5f167e7fce58ee7ab8ca340c2b953bef2f8b33b98b630b10ac6317b142beccaf,7e09b82e2ce7e33f15f02eb895f113462fe8400365ef6433dc41ea41e0485759,exhaustive
7621,descended,5692,5692,11611,122192,5692,0,True,True,True,45726,48315,48315,45726,45726,5fc49c413fbac781a1315a14693e89ab412a62fffd8cb88be46b6c46edb8bec0,1b82462d3c2e27bdc997372fccd3931bdc27754aec0984e74ec4da8feae1e241,exhaustive
7623,descended,5668,5668,11574,122224,5668,0,True,True,True,45738,48328,48328,45737,45738,b93d91f1857b3cff5c5b9cc1c335ff5edc237572b11176afd1b13054e157382a,591bca33eb4ed375807f46e9b31916eba9f54cb8de634cab37adda79090cee03,exhaustive
7625,descended,5635,5635,11522,122256,5635,0,True,True,True,45750,48340,48340,45750,45745,21058da0adee65f4d9b2942be5ac9e489dcd3d499e0e09f3ab24c5172d22f968,d4ed75d41e6771059f18d6d6d8801603b109c672da5090813636fad7ba1d41fc,exhaustive
7627,descended,6756,6756,13302,122288,6756,0,True,True,True,45762,48353,48357,45759,45764,064b757f411054ff274f49d0a6b7b9e0100e12c8cbf6e0a5117a3f66d605c596,046487740d5422d2b37d95399544a87946396ff12f5ca8277fec4643fa7e8c97,exhaustive
7629,descended,5577,5577,11434,122320,5577,0,True,True,True,45774,48366,48366,45771,45778,b0164561d0e069a97361df5ff76983f22996176c598af7f4e114851e2cdceb4c,fc0d8d39a1edaab3b567149df9f2463688416f1c278c49552d4086250acdec4b,exhaustive
7631,descended,6310,6310,12596,122352,6310,0,True,True,True,45786,48378,48380,45784,45782,fb1d292d112de61b660e29042c0f291c8b924cd2085b20c93e14d8778a8200c6,991141704c7ca6942660542019d6244a6633cb5fd2b40eb56a3ab6f0e2121485,exhaustive
7633,descended,6276,6276,12545,122384,6276,0,True,True,True,45798,48391,48391,45793,45799,ae082101112df6069976e7d62f309ff56e6428320d84b154f52a3125990d552b,9629f69b62c5a3ab9725f1f0bb37bbe5a514f51107103f05515f98ef6263fbda,exhaustive
7635,descended,6516,6516,12922,122416,6516,0,True,True,True,45810,48404,48404,45809,45813,2688442c4ee13f75a6b0e58c96f4ad8395d3fb0d79af2ef1aa8792711d67fdae,d43238217a3e7f02c989975ecd2cbc1ab5d6da3db50f971ef299f5cd54debc08,exhaustive
7637,descended,6500,6500,12902,122448,6500,0,True,True,True,45822,48417,48417,45817,45823,7fd2f69a3cc4a52f585e5594efcac6eb1d9813004c89609ec1af66a2aada075c,62c2aadd4aa1798ee27a6d0be8b002a56907c54dc1e099242876e8d0a84e9dc0,exhaustive
7639,descended,6483,6483,12872,122480,6483,0,True,True,True,45834,48429,48429,45833,45835,2038263e78d4cdef4882276d25b5fc642b2c819842a15f84083ad8a2573ba0f0,8701c15362e3b8dd1fd0198ed95537e376b71e0df1fe4f92205e1eaf8bfca609,exhaustive
7641,descended,6444,6444,12811,122512,6444,0,True,True,True,45846,48442,48442,45844,45845,0f653b3d8132e8d25cdcfc282143a43303b5cf53c1b974dad323d4cff288b002,f3c1c82e0ca4053382a5adf28776be5add691a286c300294c0a3ec9f60727e74,exhaustive
7643,descended,6384,6384,12716,122544,6384,0,True,True,True,45858,48455,48455,45857,45859,1f5e1bf93d7d899b63ad3fc6efcbd9b3c12c6ba0e4306dc24a07525a4211da16,b889b23a256c3f19a28f58c4bd781ac86d1b46feb60603f38e8b66be89f975b8,exhaustive
7645,descended,6360,6360,12678,122576,6360,0,True,True,True,45870,48467,48467,45870,45866,e5269683a8d7a4736a5411d227576279ba96116db2ea34afbd8f863b804ff694,e3a263e02cd69c4211cd2f9ee6e4199f19089c036a68eada7844a872fa114b8a,exhaustive
7647,descended,6280,6280,12552,122608,6280,0,True,True,True,45882,48480,48480,45881,45882,2dd79ac011c6b0a1af1b6ccdd14c340cb794f2ea323f93a9f9989a9279ad63a6,4ff8cc68e056b1478c539c9ce1abf74bdb15da8243de22f0ddece95619d05a00,exhaustive
7649,descended,6252,6252,12509,122640,6252,0,True,True,True,45894,48493,48493,45893,45890,525159458628a5bc5c0947dfeb1b543f7ad2834d7c032e960b7696a517e47ed2,b8510a6cd11ad0269c36d6095df13c4a625605b104d870cbbc872144e7121293,exhaustive
7651,descended,6515,6515,12926,122672,6515,0,True,True,True,45906,48505,48505,45905,45906,b2071eb5a9ab83ebaa21e4ed6f8f121f3a1909608bdf87e9eb64fcb50fd54d5a,4403f196124d9ec6497f56375258caf91279773435dd508a7265dc3d0371f1a3,exhaustive
7653,descended,6475,6475,12863,122704,6475,0,True,True,True,45918,48518,48518,45918,45918,3b6fea7766e3c38830fe94f040a3e8fdf046f2b8dcdf9291d5757893e4074826,c6aff59a4869bc77ff2a66e477b47f41ebf0811c33e28e6c806257ee7e747520,exhaustive
7655,descended,6448,6448,12822,122736,6448,0,True,True,True,45930,48531,48534,45928,45931,3cf9ed68fbba9f5b08fa5ee6d92af292503edb5925aa818368fb996479ae471d,c35da41a537236c6d692240921cf8d95be6240fbfd54f3e3efedb841cb9807f5,exhaustive
7657,descended,6169,6169,12381,122768,6169,0,True,True,True,45942,48543,48543,45940,45943,39872997fcfc5789b33d95b19de82ad06028df661901c90e6786f910037dd2f3,3436510669c3543d5a70e3b1600e2d98e5eda8d4e7c34dd75c65e6f18d78975d,exhaustive
7659,descended,6099,6099,12269,122800,6099,0,True,True,True,45954,48556,48558,45954,45951,3bf7baca303882eeeebf99ec74d3ae29324f71da52ce07f29ee8a6e6715c0bf2,8a2bef8767c39eaaf417034df4f55a19de42c7d1de46e53d64e21c7a05fb14ce,exhaustive
7661,descended,6374,6374,12707,122832,6374,0,True,True,True,45966,48569,48569,45964,45968,312460dcdb8f7d02423c714a05a272fdf88ab6cf46f13c6bb6e12af329a800b4,c10709a0ff103009ead0d217c45cf14315e8bbd461ad0a4c6971970e64b3c550,exhaustive
7663,descended,6001,6001,12117,122864,6001,0,True,True,True,45978,48581,48582,45976,45975,a323ec932fad787cf7442ea18a808b3e16bb955802db14cc814eee4c7da03534,7e659a6508c9ad2400f0b1bea3c8b13dea6cb3dc66e2dae8c131ef4cc1a25f1a,exhaustive
7665,descended,6286,6286,12568,122896,6286,0,True,True,True,45990,48594,48595,45989,45992,67a4c32bf9b244b6ea0a49bd92948604caa4dbdee7ce03247d8d4661f340b998,d91adeee4af7551b64bdd68c7c84229ac6ceec48b92334018c45badffe2abbac,exhaustive
7667,descended,6240,6240,12495,122928,6240,0,True,True,True,46002,48607,48610,46002,45997,4db6e6e65892710fcb4a3f55ca7b5a12cb0f1f1c39095256003d62f6331419af,89a6e8bb7a0ddb1fe51e4266a997efae4a9cbc92f5d01cdbc772c48f85655901,exhaustive
7669,descended,6187,6187,12413,122960,6187,0,True,True,True,46014,48619,48619,46013,46014,6aa934c958a914a7f4b9dd3dc0024a0cf00a571ca68983d4ceed6f089dc5759b,60eeddce6b32a9ce2a8fb6de70b64dc9cf7155f82803361a2d687d6827db09d9,exhaustive
7671,descended,6163,6163,12375,122992,6163,0,True,True,True,46026,48632,48632,46025,46027,9e9ede731471f4fffe0bd6c429291a677d03d1719116d0e6bcba826e4599c1e9,67f20814aea0820c3160823d5e5cfaa7b615fc656d17ac62e7f3eaea08efd45a,exhaustive
7673,descended,6130,6130,12326,123024,6130,0,True,True,True,46038,48645,48645,46035,46034,2a9cf0be30dd696f9077cebf4cf18857fab4c6ea253240fd9bb6d52c200df1d4,26e4eae9aa51e6cf2a7ff8228679dce41688291153f8c8b3f21c5981b83e0e08,exhaustive
7675,descended,6099,6099,12275,123056,6099,0,True,True,True,46050,48657,48658,46049,46052,837ab414b359551c168ebd6a07e46cc8208a022e9474411fa9efa9c299a654e4,7e032ef0a7fad717b5eca9d30db05aa8552baeb702cdd4ed48e59937d23ee6f9,exhaustive
7677,descended,6073,6073,12235,123088,6073,0,True,True,True,46062,48670,48673,46061,46058,28bf63e6ff29cbb9e684adad864fb5d08c5c8a271a5fc34d8bfa3a61a1555837,7af0fc97c7240faf4a212648f44d0b18b002cad5edc5c33a7fdef464eb8faced,exhaustive
7679,descended,6048,6048,12195,123120,6048,0,True,True,True,46074,48683,48683,46074,46074,94fc3e0053a79a485c159b7fe3a6bdff3e42cb2c13aac64e31ce844e5f989af6,f0c751565f7f9096d72f380b5cc215db6d6922261699096788afe7028f6f66ce,exhaustive
7681,descended,6036,6036,12177,123152,6036,0,True,True,True,46086,48695,48695,46085,46088,4d18c82f48b7275947d2350146f77fd1e937a85b78051764c3fc48a973d14c4c,c26545cd456bd6b3239a54dae902a8aded9ef17d925da1d7d62a0e807059539a,exhaustive
7683,descended,5995,5995,12114,123184,5995,0,True,True,True,46098,48708,48709,46096,46099,242d5237444a38491c1c19ae7ddd3c2e9cd94cf9c95f87cea0ae938a643cd7bd,43cfd46db78e44f96d968fe22d72590f80c0af5b569e6d60730250fba8be4c95,exhaustive
7685,descended,5913,5913,11983,123216,5913,0,True,True,True,46110,48721,48721,46110,46107,4308801537e699f87001429c834fe544a740403b1d08e718b22742cad0b43334,1cbf38ff997a6f23e534d7f4885d945a1cdd0507b3b3ac69d7a643e0469cf716,exhaustive
7687,descended,5892,5892,11953,123248,5892,0,True,True,True,46122,48734,48734,46119,46120,170c29c58354f1dce68e533be2f0e1ccd3189edae55f85e37d79cb92e0d7e87d,f90c231f7ecc8ceb3dbac6e5b37e08bac48d3d2ce803bd6056125983231096c4,exhaustive
7689,descended,5865,5865,11910,123280,5865,0,True,True,True,46134,48746,48746,46132,46137,f0846d808bdba97934ffce17ebbb9c2a197a1b8b213286c52fd81886b2579d8d,709559c5f44525efbe28cc2ab760436c46aad5a7a38fb8e95eb0ece591a89a6f,exhaustive
7691,descended,5833,5833,11859,123312,5833,0,True,True,True,46146,48759,48760,46145,46149,fcc254d4c3a14824bf66668de5f0344920c8cdf3800c6e017ef87da3882a31c2,581340ae2355a5a25b327d629a7bbc12f3048ecbb9cf9b749e526450484629f1,exhaustive
7693,descended,5802,5802,11811,123344,5802,0,True,True,True,46158,48772,48772,46157,46158,a86dbafed8058d5a913f5936d122157d782842df742a1429f1fb64984e16aaf5,e0a1e4491c05702b5db01d35874e84b58d89f155dd325cdd54465a08f87d1e4c,exhaustive
7695,descended,6485,6485,12893,123376,6485,0,True,True,True,46170,48784,48784,46170,46169,b7a4e82b0d52b4186d52235245229fb0c430bb9a5dd73b11129af63a2f7162c0,5336a57bc82194cb62a583122bd22ddf1269398e18faa8475979524440aecce0,exhaustive
7697,descended,6427,6427,12802,123408,6427,0,True,True,True,46182,48797,48798,46181,46180,7ae7ff9adc3ac0f08b211ddc696e73e5e8e2ba519a4e545c2f5d82ab6b649241,b9e79f0feb2c2fdcdda7ed54833145f183ed2b3bef658b0d1c2b69ad8c9b121b,exhaustive
7699,descended,6388,6388,12741,123440,6388,0,True,True,True,46194,48810,48810,46193,46199,f604f45d27da230cb2d883c98f1fa8e6773c8ce962b9c0fbfc34a89d8a60ed4f,c7be8480ffce31840797dcb53999f7bc90cff1381319252efd642aa6d759888c,exhaustive
7701,descended,6363,6363,12702,123472,6363,0,True,True,True,46206,48822,48822,46205,46203,14b9918aa2c59dae76c1b993c1ad28592099445b418ffc259307fe811973e65f,a95e25bff95ef435b65405b206213d9c6a271024261a4a4ce5f9cf163e950d60,exhaustive
7703,descended,6066,6066,12232,123504,6066,0,True,True,True,46218,48835,48835,46217,46221,4330d5ca20aee796b6124421dc08577d468033673bd89523d31fbd75b89003e5,78157ec3989c2fe006cb295b19607df954d0b272e29ad791624b0862f2ec2c2c,exhaustive
7705,descended,6049,6049,12209,123536,6049,0,True,True,True,46230,48848,48848,46226,46229,a197567d55b934642d4016e041eddaafab00793e0e677642b2283c0b4714a534,a0fa671a213d3a14dcebe763be811930d77b6e1c723182621ca7e835d76c5bcf,exhaustive
7707,descended,6010,6010,12148,123568,6010,0,True,True,True,46242,48860,48861,46238,46240,8758265beb71b647a4abd2f4a3ef407431e898d52e246524dec52980b1584a21,94663adf7f6d3b8284ad41d63e12672c13ef35128b63145dcb7e2bae555b3a6b,exhaustive
7709,descended,6304,6304,12612,123600,6304,0,True,True,True,46254,48873,48873,46253,46256,5c9f1f24236e53c33c1c06ca204dac88b620bff5cce1694f41b8ab676758c827,89e19691b0b45ecbfa6677b5f5bcab727e013d32865c0a9d7d14e300283794d5,exhaustive
7711,descended,6127,6127,12333,123632,6127,0,True,True,True,46266,48886,48888,46264,46268,fcead31a2288b50cb9ef68e422e567e71d7268fac82e399913246ce958e71ef4,c24497242ec8a00d4b000dce86e85e59fcad3678e8728b3aff1262643a435103,exhaustive
7713,descended,6087,6087,12270,123664,6087,0,True,True,True,46278,48898,48898,46276,46277,aa37cd796f48b25381a2a62a8cd3062fe927ee65d889cc78593e4a34e669adc8,9ca0bfceddf6a18075ca6c49e7e4d0d58997815e78f863d53581fdedd1891830,exhaustive
7715,descended,5835,5835,11870,123696,5835,0,True,True,True,46290,48911,48911,46289,46286,0b89829dc61abce46ef6379abc3bf29b498f76338d9106cdc707b46d68ba8dcf,64524b30210d7a98f843019e8c05bb717a5fad8d1966441106a7f349691e1584,exhaustive
7717,descended,5751,5751,11737,123728,5751,0,True,True,True,46302,48924,48924,46302,46300,afa0185f9a54226d36b611eb68e24db92fcbf070b78fec8bbdd5d5e092b4a71a,3debc7bdf672b2fd9deeacfe8fc915da39160b3c01ddb560b1e8e6b8e86ad985,exhaustive
7719,descended,6597,6597,13079,123760,6597,0,True,True,True,46314,48936,48936,46313,46314,9cf9daad848be7157b9a78e746b21a2d0e7a7001471653aa5761a4399ed240e6,fd11dfc5dacdd65546fc2665e3b5dbf8cb609e1246b57e144246b08bfa7b22aa,exhaustive
7721,descended,6577,6577,13049,123792,6577,0,True,True,True,46326,48949,48949,46324,46325,b6d07fadebb2de11b2d76f382fded6b7010cb63fda083c0cb245360427050d54,725830e154a1f6bca10a600bea2422947a234c8b9e61bd272fb971f87d6b60b9,exhaustive
7723,descended,6549,6549,13004,123824,6549,0,True,True,True,46338,48962,48965,46338,46335,e92a1b9e91136f9e2ac0dd03a5a2e9f5e2709634dcbb47f73d86717bd79e8b84,44475517547319cbb6dc4efb3056737d0883d31df6365ae8913caf42e2a32549,exhaustive
7725,descended,6524,6524,12965,123856,6524,0,True,True,True,46350,48974,48974,46350,46347,b0a611dbf41d4c08e248d0db43650c5d3320a8166caeabc699f1caf073d00c35,e0c2eca7705417f6ac51d9ac518ab11efb574f324db81a9f3e67353fcd4876b0,exhaustive
7727,descended,6791,6791,13389,123888,6791,0,True,True,True,46362,48987,48988,46362,46363,0836a45d0b2c0b158d2886f9753d74230c81cfcf17210b1f77152a69757df56f,3fae750a011e1fdac1b97ea3d49d5d030596a708109623941a51167d9a590199,exhaustive
7729,descended,6478,6478,12895,123920,6478,0,True,True,True,46374,49000,49000,46372,46370,c776cac3b5568f535e671be1ea2e18ade0a0984e4357fd9bc89702e791685a3f,9238cf42bd54372ddc021f51b0c16df5397e948edf78fd909c45648833050eb4,exhaustive
7731,descended,6459,6459,12866,123952,6459,0,True,True,True,46386,49012,49013,46384,46383,ca0629f895e89a583e6ba3142235703d6c9996950c61be0f351c3e8a53d40148,1fb769ebaff831fae39fe1e5b450c43083dfb476d67c762d52bfe0322006730c,exhaustive
7733,descended,6437,6437,12831,123984,6437,0,True,True,True,46398,49025,49025,46397,46393,2c8f6d1a08c5a34a1b4c06b9559e1a61db00f077929f9e9fa0eb650c31fd0983,34cfc492e00b758ae976bbbe5525a9381008c970b67c8eeb1d34964927ebc4d4,exhaustive
7735,descended,6654,6654,13175,124016,6654,0,True,True,True,46410,49038,49038,46409,46411,b8fd55c94ef023914292bd1e8b6c1266a98fe82c6c7b02e6aa199325d3540324,a059edc642765d06edc27dd8bf31236e7b2a43b26f876ef0a28bed5db6131289,exhaustive
7737,descended,6623,6623,13126,124048,6623,0,True,True,True,46422,49051,49051,46422,46422,a8701da1360af732564bdb3d65273266439e8da7957607915fa233bdeea1d0df,277bee353353c0cda1bd84924d92733fe1f5fd99fcbed9a580db84791c2c83a6,exhaustive
7739,descended,6597,6597,13086,124080,6597,0,True,True,True,46434,49063,49066,46433,46435,e5ffbfaca17aee386b6871205210e1f349e9d8ebeadb007a5825101a54f3f2f7,a4498ec1bd1c6efb5f49078f6a491591d1ab70e0c89660c084686942d4d54c9e,exhaustive
7741,descended,6577,6577,13056,124112,6577,0,True,True,True,46446,49076,49076,46444,46448,df87562318ab6af0ac47d3014a2ea305fe3e0f53955620fcd6730f05a2b1bd48,8a8acabf9a8812ee08a71c6715d5003a204c5b2f7593141ec9af5e18720a94f8,exhaustive
7743,descended,6541,6541,12998,124144,6541,0,True,True,True,46458,49089,49089,46458,46454,7b59ada78d94f7559b763fa8e70ab5243428af3bed3f7db0f08fac9bc02dfe2a,d6d184a4a9e200c7ce25a20fbd9ffd5c7df3083c1be90e9e7a30694b4b68f43d,exhaustive
7745,descended,6491,6491,12923,124176,6491,0,True,True,True,46470,49101,49101,46466,46469,f252124b503437b4e6811cd110e339c3e40748843fab6227fe005b554a85742f,22d5ea2f9360ae4561f264178eb95edccad310922662a387a49182c4811c1939,exhaustive
7747,descended,6462,6462,12875,124208,6462,0,True,True,True,46482,49114,49114,46481,46481,2cd44ac4f2bb53ce2198aac9e1d01c407156bcd70cb989575c9a861608cdd49f,821354fbbc0c41d8f8d40a7ec7ac6073d8a8063bfab165868a88dead812273b0,exhaustive
7749,descended,6440,6440,12840,124240,6440,0,True,True,True,46494,49127,49127,46494,46491,5e69362d29b313530beff7d011c8e8fc491d046e69dada5526fde09786e4bfc2,366411b6f45eba28db5425b42e0060b9d0c925cfd602e8e631b7125c4e8a6ef7,exhaustive
7751,descended,6395,6395,12770,124272,6395,0,True,True,True,46506,49139,49139,46505,46505,e3364df5724ffe2b91531836bb5e42ae2e70d4de687dbab70b6fc21cec2a3d10,0c72e395531d27d13f21f8ef11be733f8853e557a43be32671715e84d2cb6ea3,exhaustive
7753,descended,6242,6242,12528,124304,6242,0,True,True,True,46518,49152,49152,46517,46515,6b400478eee0dc65af693f31a17877142a3922cfa659b3e19676590f84cf158c,ee047c94831980bb20044b0571183979915cc5832dea40562b22958967c63d8a,exhaustive
7755,descended,6570,6570,13050,124336,6570,0,True,True,True,46530,49165,49166,46528,46535,55b3bc1a52d96f05d869f202c766cf1b6e7dc433a1aa06092f43086860dff438,328b4b01ab4a59d78a0b6cae6524651042b24192456a8c304e856cf3e07824d5,exhaustive
7757,descended,6190,6190,12448,124368,6190,0,True,True,True,46542,49177,49177,46540,46540,9aef413ca077957e7c582c97dc592a273dfb484afa09729b1e0755cc2f752537,452947ff133c974816966c1e13ff83970999a49b30dcbfcc77266a38ec4e6f87,exhaustive
7759,descended,6510,6510,12958,124400,6510,0,True,True,True,46554,49190,49190,46550,46556,8529cd8bec82318cf595d28b8ccb787cea07b7e9d175c8a6ebd80d90a0a6ac8c,16f06a23f14c406798ae18b2b9121d326dd5e94b84b06795c41c61949796ab7a,exhaustive
7761,descended,6484,6484,12914,124432,6484,0,True,True,True,46566,49203,49203,46566,46567,011c63c51ee5411099dbaeed770ccf9d101e292d55259afba409d17b12277305,ed94b8133680cf509242f683cee081f408ebe8b6b264bc651b3314a65bcdcd4f,exhaustive
7763,descended,6432,6432,12832,124464,6432,0,True,True,True,46578,49215,49216,46578,46576,83182f3fa8d4f809491c7baecadefc55ac7a3206e034edef79f524bbdb7946f8,5db726a05e66707b9fab902fe704d7c3cb5f156103f809bd40dee70e52ac9da8,exhaustive
7765,descended,6406,6406,12792,124496,6406,0,True,True,True,46590,49228,49228,46589,46590,b36b99783cfa9231cbd9806bd59a40c0db15f7a403b6f3693fc894ce4ec3e537,4b0d87ebe5d18e56bfa64a1ae3ab3b327a7be2ff052e98f26ae0a91156dc1939,exhaustive
7767,descended,6374,6374,12743,124528,6374,0,True,True,True,46602,49241,49241,46600,46601,476f5b74ca74517b46065064c45048d6852843080f9e6ace85df79fc47a51761,b7673c2ecc6f770e464b77159f1997dd17774728515d39a4c984b489b7a79592,exhaustive
7769,descended,6355,6355,12712,124560,6355,0,True,True,True,46614,49253,49253,46614,46613,1d7c4d487d04ad8331a64d92e52ac4b9e22b932d389203dc7c672731c1d5cd99,1b26a12636c6f9d4ce6c238153e6061023f7685da5f9f5fcf24e06912b409c19,exhaustive
7771,descended,6314,6314,12648,124592,6314,0,True,True,True,46626,49266,49267,46626,46625,500a7125d2c699fd127d362edee55916c8b10de84ad52075eb57517ec56050c4,61d453d8fb7fad9d2c914545bca39bd9974aef12b8561d7c451a7793ee67b8dd,exhaustive
7773,descended,6269,6269,12577,124624,6269,0,True,True,True,46638,49279,49279,46638,46643,ed840c627b934eaba7d427df8bbcc65f0f9f42e81f53da4d46fb1c548f8746d8,80552b3dae4e2f7ce9757fbeb94944e093433b7a4660b7d1e405648ce2d3224e,exhaustive
7775,descended,6248,6248,12548,124656,6248,0,True,True,True,46650,49291,49292,46646,46652,83fb4c8c1533f46357516de60dfded9790b3f61e836943bb27347a37ae318c58,3a63d5d0e1746e54746778fdbc354d03e04106b893193120a6f4a5e2b1c1f2ec,exhaustive
7777,descended,6229,6229,12515,124688,6229,0,True,True,True,46662,49304,49304,46662,46663,d948bc72b35e03f5eb65d6589310c94c8606d66a5b5bd8c4c137e181f3f97f7f,ccb2ce7fee420f9ea9e911fc4244a2aefb53f7d97dd1dcb103d5e79d2dfb08c6,exhaustive
7779,descended,6167,6167,12419,124720,6167,0,True,True,True,46674,49317,49317,46672,46671,fc38e8cc7796925edd8a9bd3f7ea8602c285c3b6603d712ecac39d79eaaf3f03,186046274c5f2c8cccc22aee602dac37e51f7c9d8d37b06ff3fa3580d5b7fea6,exhaustive
7781,descended,6122,6122,12347,124752,6122,0,True,True,True,46686,49329,49329,46686,46684,e574c93b5e65ae20a783f1ad46aa5adf93fd7b3fafabf435937cb87b9d375b24,441ba02d4c91957caa7d026e7be7d2866c35953d1d8f4b36ab13482a4568eb46,exhaustive
7783,descended,6091,6091,12299,124784,6091,0,True,True,True,46698,49342,49342,46697,46697,a2ad91fa51c6dcc4b12b6c3b16bed546f5daf93fee5bb43e6640b0028a362182,c4e1e115e2501e00cb4d4d9c478d06716eb0479ba2c206fb9073f3adbe699ed3,exhaustive
7785,descended,6069,6069,12265,124816,6069,0,True,True,True,46710,49355,49355,46709,46708,6937dfcaf553010b7510d591a3e8eec2c5845d85257c286ee0c33ce3025a6c53,3c30c87b829582aad0551ae0002c5bd8a1af969f3cd88bf4a372ae36fc2c2857,exhaustive
7787,descended,6024,6024,12197,124848,6024,0,True,True,True,46722,49367,49370,46718,46721,b9d3b6d6ca434df9c0f4035d07b280d7b1ea8c64521db3f89bfe613173a6a6da,a517445e49735874a41b32614ee33f3d3acf02e8b37ea70117f4e2309f5d65b1,exhaustive
7789,descended,5980,5980,12127,124880,5980,0,True,True,True,46734,49380,49382,46731,46735,af844cb304d5a943d1d06813ae84f927e40d94ed6b114e288c6df8955a9f3116,d0da3e69ee5466011eb92ad72768cf1336c63a1a500492b26a0a20c8fb7a57ac,exhaustive
7791,descended,5946,5946,12073,124912,5946,0,True,True,True,46746,49393,49393,46744,46746,a83c11f2c2cfdc5abf32c7f9d7a4fa5c76ba94f6289309df8f75221e64d5f6ad,0da67fa1e3a6f9eb47ca965c4131a79eba7d8a109d2980c776d30ab10a88cae0,exhaustive
7793,descended,5917,5917,12026,124944,5917,0,True,True,True,46758,49406,49406,46758,46760,bfe980ee42224fcc1eb61335a5462ddebe75c895fe2e0724a798c12e69032c9f,89a2bf074d6623c4d352a13aea32b20fa3e02f4f3454fec991e6463231023965,exhaustive
7795,descended,5894,5894,11994,124976,5894,0,True,True,True,46770,49418,49418,46766,46773,c62033145e207cfafae5e91c79f33412108a91c9d4287b1d884e79bd6c23d900,209c31780336e63cc6112c5f09810110c9a454ed54b14303cf2cc8cfbb163bb3,exhaustive
7797,descended,6721,6721,13304,125008,6721,0,True,True,True,46782,49431,49431,46779,46783,356ea2ba4f0300fc3a3a6a3698fec117b631a490d6ffd59a09dcc154537ed4d4,e7fbe758c239e6063bb60d126f3afe2665a0609318bdd6ca2463415261b3338c,exhaustive
7799,descended,6695,6695,13264,125040,6695,0,True,True,True,46794,49444,49444,46791,46795,0707d56430b96ca0b2e157fdf3aa4847a4705469ca3525dcf8d675622aa93622,2df1d8ebd64bb158e9b346776a9faf297288a9c3e543a415a4ca9e00db54cd24,exhaustive
7801,descended,6682,6682,13243,125072,6682,0,True,True,True,46806,49456,49456,46804,46806,f53dda2283187ed2f11cd006da636a767d39d5bbd357d97dbae859caa6a90142,72a0bb84a5220628ac9322d10ef397c7a7eb5194511b814e8025717bd22acfe8,exhaustive
7803,descended,6642,6642,13179,125104,6642,0,True,True,True,46818,49469,49470,46817,46820,8ba24e8103aa20f16d5481d0be58a08e7004c2e16ce5be6a24da2d4890244841,d4c59a290381dc943310aab715ceb5851bc0ee5af02e955d78a7dbb56d80b0d6,exhaustive
7805,descended,6600,6600,13113,125136,6600,0,True,True,True,46830,49482,49482,46829,46828,5f1c993dbce7deee3349fb96560cab755e7dd9ad61693cf8366df4d5b8bea121,0e8167e93dcc82faf906dd27b1f2307e2bbb635c73196c8950b59ece23086786,exhaustive
7807,descended,6334,6334,12692,125168,6334,0,True,True,True,46842,49494,49494,46841,46845,5d859492321fc533f2b07d2f7d415d499caa450c4cc6a23d1013fcc6f2736878,1d24937bb760212d4c0b127e342776c88c04586c260090e52ac87dbd6b98914e,exhaustive
7809,descended,6311,6311,12657,125200,6311,0,True,True,True,46854,49507,49507,46853,46855,5c944e1cea65bd04ae1dec041ae53065ead4bcce4768df5f7f6902f78c569362,4b8b2e538a9d7127f4f8ef4faef0c4b8964236d73b3a8f62d02d88eb66855212,exhaustive
7811,descended,6531,6531,13009,125232,6531,0,True,True,True,46866,49520,49522,46862,46873,1861a18ae40a653be62c30a5098458d608a348835e11ab30d65f865f9af2afe4,7da19284c480052a5517d3d27d99fb4da76431024c4842320fdee70322200a16,exhaustive
7813,descended,6489,6489,12940,125264,6489,0,True,True,True,46878,49532,49532,46877,46877,406c6cdf4d67e8239b8ac5ba4423218e2fefcadb4046fdf2549a45e2e7d13b17,369337c098f987c93aa86d961363323b63e259867c87a16f20e309b29b1b0e29,exhaustive
7815,descended,6458,6458,12892,125296,6458,0,True,True,True,46890,49545,49545,46889,46889,4f47c9dcad0bb97512d5ac9b495174e56cfab3df738d0f9280912b951c558fb7,adfbb6f8cc6d4cea8f4c7798c4434d628727556cebc1297583cd330b94b8c3e0,exhaustive
7817,descended,6404,6404,12806,125328,6404,0,True,True,True,46902,49558,49558,46902,46898,c5d61da4ee26239db534140dc3d48e0167d3b979ae3b045415fe0899a2738f18,a0ea7b66fda3518ea3f3e4edb6cbeadbb027da86aa77c386e35cd56b50ae8a17,exhaustive
7819,descended,6377,6377,12764,125360,6377,0,True,True,True,46914,49570,49573,46914,46914,69769429b67c36aa2b8452d2c60f2f54b5186852a0bdd545654c7fbd715ff3cc,fbb31932486e9b5d721f8185988293d6886662ea02f71a17538f32675bbaab1a,exhaustive
7821,descended,6362,6362,12741,125392,6362,0,True,True,True,46926,49583,49583,46926,46922,1ea198ee70298aae888f62789a551cbdf15b7885f97182b82e65c3d5daee8085,459fb06967641771bede9759235ea3018c53af7ecc37a62b09e258b967082857,exhaustive
7823,descended,6321,6321,12677,125424,6321,0,True,True,True,46938,49596,49596,46937,46943,6c9be1c3cf919749691ed33fff2ee628106a35cbab0a42776fa55ba604c20bcc,f859d45b04fe6e62977df55121a11a7ec7b99010612542ac890a246990868bfb,exhaustive
7825,descended,6290,6290,12629,125456,6290,0,True,True,True,46950,49608,49612,46949,46955,7baed71c7a0f6e0a1af2ddc81581b0487dc3fdea1f9642c039a1079b4b076c9e,c16a6a2e7f12e0b6bcffd28152cca87b20c8973d16c9064953863a44ee6dc369,exhaustive
7827,descended,6501,6501,12965,125488,6501,0,True,True,True,46962,49621,49621,46960,46960,a753edd77c86c3884cb4db2889b475759f531ea5c4505420a6e09d4794bd183d,6359f24efcaabab3e9cf7723efdb7960186769e0e4d7218c9acac975c0e0969b,exhaustive
7829,descended,6209,6209,12501,125520,6209,0,True,True,True,46974,49634,49634,46974,46975,bb7f3a8563283e69e5247c1f392c35c6d9d1c64aa3e3630bb7139d7ba2f07254,ff563e5509981d52b220eeda0fd8a225a5bedae0e715487d58b04607a4747d81,exhaustive
7831,descended,6421,6421,12838,125552,6421,0,True,True,True,46986,49646,49646,46985,46984,4e8c0c96f53a5b82a35ce11c0e649fff4e5f836abb52bcd545e014904287806d,e44a0798f49a1624661e4253f8050fe8ef112a87984e7049fdfe5aac3426b1df,exhaustive
7833,descended,6360,6360,12743,125584,6360,0,True,True,True,46998,49659,49659,46996,46998,aa7619702cf974f8d36872157c003a205cc7cd911f004ed09f8111bed6c1f513,6e87175eb303626451e7785de596c78eb324249df8b8b0edf6004b6e1539af72,exhaustive
7835,descended,6320,6320,12679,125616,6320,0,True,True,True,47010,49672,49673,47010,47010,b0d6009a25f8e4bbf69e73a35dd514868ed8477919cd6b7ebed03d0dcccd1a81,6bb5276d3ee5a04a3554e597ab28f85aa38e472297f50e3fcc84be3c0a6006d3,exhaustive
7837,descended,6664,6664,13227,125648,6664,0,True,True,True,47022,49684,49684,47020,47019,43a7e61cfda78e4fe1cfcf29bd64933dddcd07a104a0edaf0d5f7ef2e9cf14a2,72c636203945bee34f7d0f390be8becc91cee1120dc05e15b85fd9f99a47bbd1,exhaustive
7839,descended,6616,6616,13150,125680,6616,0,True,True,True,47034,49697,49697,47033,47035,1c68d113aa451bb7fa8ab66213b0d310d1ac11d4def368e1e9562b7d3d3610df,a9897bbf500d552b443968085bd9f99f68a19a330819afaae69dd651f21af380,exhaustive
7841,descended,6532,6532,13017,125712,6532,0,True,True,True,47046,49710,49710,47046,47046,85860542b859ad4aece7357dd381c49d9b0cc585d3ff946826c45ab31e17c4a6,bcbf00cbd14ca340b396a3d0378e6eec840659de68ceacd7bc2b6ff7d0057c80,exhaustive
7843,descended,6474,6474,12926,125744,6474,0,True,True,True,47058,49723,49723,47058,47054,fa510b03c7f6c588dbff6d4dec3277e29dcc581af7b15e213421d7e6e1fec571,7df417ecc8e6935cc1d58435b00582d3dc341fff839217d8c137120e6aeb3f14,exhaustive
7845,descended,6408,6408,12828,125776,6408,0,True,True,True,47070,49735,49735,47064,47067,0cda90f6931b64dcc3db65b8effdeb3360232a1c1e8a041e42e930a863700998,861364e808bd5ca8ced70a77c0ee03b47fc42f981534aeec8f07dbc7e46486bf,exhaustive
7847,descended,6135,6135,12395,125808,6135,0,True,True,True,47082,49748,49748,47077,47079,ebee02df39c4c01556b8373e33a7612dda3be4d7552d4887d9e49e82c946015e,3d481d7f178880ccfeeee164f8fb4cdffbead8b0c220a03c7840754653cc6048,exhaustive
7849,descended,6362,6362,12754,125840,6362,0,True,True,True,47094,49761,49761,47090,47097,aa95b7c25c5d6b89a028eaf56a3e2f483a4cdb407241f105a3bc339c8c8d1d47,a653cc82167881cab3e2ba74bdba9d0ee87570187174fd7f2eddba20fcaf9700,exhaustive
7851,descended,6335,6335,12709,125872,6335,0,True,True,True,47106,49773,49779,47105,47108,f5eae64b90b4b04700a436c66c8e7d680c849eb73d8cc7b7ddb55e34021feb87,d0ad4ebaaaf4ab8ebe64b57e3b0eea0f6fa1b47da52326f4b86bb11ed5854518,exhaustive
7853,descended,6316,6316,12680,125904,6316,0,True,True,True,47118,49786,49786,47117,47117,8494165ff41190be70b08f0580350dde55c464b38d9d4275972a82e2c5d67ba6,17506cbf753a849e463ed37b066b2377d8133a3b4e2ebdbd236cda20750a3647,exhaustive
7855,descended,6243,6243,12564,125936,6243,0,True,True,True,47130,49799,49802,47130,47128,04b24d3305955449cc79b631b3ff84de57dbfbfdc7d3611420e735df8764d251,ee8be03c137f2d6de30307e43e4e27707686ea5d7b259bcf04757a8f67cab45a,exhaustive
7857,descended,6201,6201,12498,125968,6201,0,True,True,True,47142,49811,49811,47142,47147,6885c0d218306083b2345717bedc4842a90475dee2dd912a3f1e24a6ed88cf4f,e457701f730c21073018c7433578e35efe8c99cbdf363cad4da6cbddd811ac0a,exhaustive
7859,descended,6184,6184,12472,126000,6184,0,True,True,True,47154,49824,49824,47153,47157,dbcdf11d3bcb10773061686d8f6a97684ca9cf7c797e71f52c2d5e4915c6cde1,82d69c9ee045e124959e249fef37994a556d26f8651a7d2d04c31d13491701ac,exhaustive
7861,descended,6475,6475,12935,126032,6475,0,True,True,True,47166,49837,49837,47164,47167,0d4a7500d624a0fef679f6c6f88a1d5b9e6481212f52941dc6701b86b90ca2f5,afd0e862f33a4ea1fc258e37fffe8fd673d30d835c6b7360b4c7c004d66bad6f,exhaustive
7863,descended,6426,6426,12859,126064,6426,0,True,True,True,47178,49849,49851,47175,47177,c95a51a47e44cb564d22cd3b19f69ca92db4549fa6c14f64edf4d9fa616f8233,14bb8a1725ab6480675319f4322c0ee43d2c0ca8ea36a23c6be9aded83ff7d61,exhaustive
7865,descended,6377,6377,12782,126096,6377,0,True,True,True,47190,49862,49862,47187,47187,b0547573388a5bd2429ae2df406f195cdd5ea02cb651c1b04317601b62e7b2e6,41e4ba55400df521cef1f63081537f03a45e31672f88bda18b32d0e924b90c45,exhaustive
7867,descended,6364,6364,12767,126128,6364,0,True,True,True,47202,49875,49878,47194,47202,a4ffc082168b11626aa0d212b6b6689ff47f8782a63c1fc8ec0cbd95b11c9036,bd3a529c512510d16610ec04fc82e71f1b47a45ea82a26f0586e0ec297188531,exhaustive
7869,descended,6319,6319,12689,126160,6319,0,True,True,True,47214,49887,49887,47214,47213,c1f8bfe1825c3701c77827b20681a82db2fee05c378068a96078a765430bc5bc,00eede1076c3ba9c7c4ad4d1ee4d40781b51531ed6f34605e21458c6cdd15584,exhaustive
7871,descended,6213,6213,12523,126192,6213,0,True,True,True,47226,49900,49900,47224,47227,3fff304ff03f71efdf92c3ae51d0eb5e65a9cc46e84e769d48f4709aa2062794,4501f2df747c9b9a371a24a0b53bad6761c731bc33a3598c3fd9611ce4d84d1d,exhaustive
7873,descended,6155,6155,12431,126224,6155,0,True,True,True,47238,49913,49913,47237,47239,82a0e6fb2d0e0292aa608e812690fa6db265d30290a5d427b6524ed0aca15416,562af380ae61e758bccf95449d808e3288d32f1cc61db9cbc9bdd3d2a3a5edc4,exhaustive
7875,descended,6131,6131,12394,126256,6131,0,True,True,True,47250,49925,49927,47249,47249,33486943b7e1c7250c6e0f58b7af92cec943eb5973bb7252b8457e8441142b9d,02baf98d8031d2653515d8e3d6ec1bcb172c89a78c58cc06bec516c945ce9f92,exhaustive
7877,descended,6743,6743,13364,126288,6743,0,True,True,True,47262,49938,49938,47261,47262,0dbee45ee82967c82cf561db1101be521d6fb73c19d083662fa9e961bd8427ec,f122e2483564cc11f599de1e8a2b0fdc4b94e8cc3525d6f14777a9b2ce5e476d,exhaustive
7879,descended,6681,6681,13266,126320,6681,0,True,True,True,47274,49951,49951,47274,47272,59105a53bb30ce208296d8978135eab346b1fb715249de1059a903475e5d655b,89354136ebd6cc21167c302ab0903412139da6e3a26048b687b2699b680bf421,exhaustive
7881,descended,6646,6646,13217,126352,6646,0,True,True,True,47286,49963,49963,47280,47288,7b1e89014c00934bd79149eae71b6bdeb650873454265028453cc28dc24ba697,df284c14f464734658af686caad3eed94b483f95ac110c181b497f447fb2cde4,exhaustive
7883,descended,6548,6548,13058,126384,6548,0,True,True,True,47298,49976,49977,47296,47299,f435228f609f3658df516fbf38dd5099cbe0e8f35ec9499a46f1c31933a0a3e1,4edf16d75f4c7a5df3e006a6d49f2ec9c66d2d9be967fb7a55313b943bcc81b1,exhaustive
7885,descended,6528,6528,13026,126416,6528,0,True,True,True,47310,49989,49989,47309,47315,1305bfad91f40253adf444db727e08d6cd22ff19632bc321de654285383e9918,2f814aadd8f2d185ae12fbcb65dcee0bc863ef87eec1c713275ddce93c566821,exhaustive
7887,descended,6509,6509,12997,126448,6509,0,True,True,True,47322,50001,50002,47321,47318,7fc8d2e3e5824fce7a242605bd5963dcaba56f95df8683db68a72165fca0e6bb,f2b9a3dbff3cd60d2c3dc207826d968024dbdb88d592c6be2210f6743b025864,exhaustive
7889,descended,6470,6470,12935,126480,6470,0,True,True,True,47334,50014,50015,47334,47335,72789ac0723de4dc6cb8035701d05629a24394ef4d6fad52bb59c77f115ee06e,8a87a3956d2bc66db14d95dfcd280e9ba5fdacfe209c251b8fc4a628c3f39e61,exhaustive
7891,descended,6431,6431,12875,126512,6431,0,True,True,True,47346,50027,50027,47345,47345,791bfb2582a003a26ea600f4f3537d9bf2ab2a33ba09710d97e727d6e30d012a,3dc70d24d21d08893a32ba72efa0eca2761f9d99da0c026310a8fe579d10a44d,exhaustive
7893,descended,6395,6395,12818,126544,6395,0,True,True,True,47358,50040,50040,47357,47359,9a7965adb7ef30fc2ed49fe9beb186c34d4d32238d57a63bd14a452894a38076,b7c46d93ecb9c987e51ddd08955043896514ddc9d3a26bc7f6d2eb2629c0d22d,exhaustive
7895,descended,6372,6372,12782,126576,6372,0,True,True,True,47370,50052,50052,47370,47366,a16367c8bbc84840151cbb2fbbd3c7b84d2e95076d4f34c92d95579c28a36cd0,c027d20448a6bf6c2419122f32de0d8882ee125b76b07a4733ccec67fbd6ffc4,exhaustive
7897,descended,6394,6394,12821,126608,6394,0,True,True,True,47382,50065,50065,47378,47390,36021fa3f412dbf97d96145b3457f8db7eb04d2da36f40e4152d68cefd7e89c2,85f27ad0b5c856ffb0aa6fdb6b088bc2d8d91c8d05a8903c6b134fd24145279b,exhaustive
7899,descended,6380,6380,12796,126640,6380,0,True,True,True,47394,50078,50079,47394,47393,6faa4cc996bd0bf663441a1084b6a0aaab623968deb397780896037c4a4b97cd,e1a039ce174430855b3c0db0f156dd7566bd27101576d6abdefba4b45e81e913,exhaustive
7901,descended,6316,6316,12697,126672,6316,0,True,True,True,47406,50090,50090,47404,47407,e15cf685ea40a1f27a771de7225e667ca6744de39e5eaeda2ef48ce5a853fda4,74740998fa20fb0913b6ffdcc0b094eaf282c3f9fffefad11b5d26bdc6b72618,exhaustive
7903,descended,6252,6252,12596,126704,6252,0,True,True,True,47418,50103,50103,47416,47416,1632643438313fec78a0fe10788cb6e390b98d95d0518c8e03674303a826d991,ca8f29b536e0fe8dc5d942a9378e0adce3af77ef43da8ed24fa827e8f9bd6d84,exhaustive
7905,descended,6262,6262,12616,126736,6262,0,True,True,True,47430,50116,50116,47425,47427,984882b5a3b01be55ee8f93728cd134bfca4f229a954f1042a1502d5df849750,c6a1c279ff51e961f926e8f84077f6a15f4261e702e61e8027fd969f3b8e4f9b,exhaustive
7907,descended,6244,6244,12589,126768,6244,0,True,True,True,47442,50128,50128,47436,47440,7595176d4b0c254f07b01b6db750c460b5c16ca853a7b2b45c2f5e22cdf8d8e4,753abfb9e8f6e9228c613e746ad83cf69042969892d67e88c2ca1ae00c6b7d34,exhaustive
7909,descended,6186,6186,12492,126800,6186,0,True,True,True,47454,50141,50141,47454,47456,cffb613f3bb74af0ba044bd4dabb5933caa525533691793efc4f5f69438a6559,cc4cf7cd145948816af8914a0c57f0de70ed76d1f21e19db8eb3799931edbd03,exhaustive
7911,descended,6145,6145,12430,126832,6145,0,True,True,True,47466,50154,50155,47463,47468,89647788d85311f3e95b2e08ea3a455804c4879ede31364be59a985c8e831bb1,e4845e5f6eb3fc4e60cfb6bd72eb1e6fceee01a8858f3bd4e73eb1036e1fe57a,exhaustive
7913,descended,7124,7124,13980,126864,7124,0,True,True,True,47478,50166,50166,47478,47474,1c076f2c0f84d5a4cc7fbc0c4898c15e5f7bb82e8ef2cc0efa35263ba347b1aa,44682342f147a0c08703c69cdeed31d89d1523c1f4e438e3c8c8280bc28475e1,exhaustive
7915,descended,7035,7035,13841,126896,7035,0,True,True,True,47490,50179,50181,47488,47492,519b0665c6a8da5af1f39f787e0a52c0b7bed2720901787f9183c4aaac88237b,65b8dbba8e84d9cf4728243fe49fc3becb2abea0950b69a9fd518b24f14e1201,exhaustive
7917,descended,6537,6537,13054,126928,6537,0,True,True,True,47502,50192,50192,47499,47498,71806d06ec13974fe44c6605040e22da18a7152148a550d3eecbe18a9cb7fdb7,0d2fc7293a5add0633100ca1d1afb7c2dae9d21fdff44c55ac66080685c0476e,exhaustive
7919,descended,6509,6509,13007,126960,6509,0,True,True,True,47514,50204,50205,47514,47515,2a444d82aca5c10da2e0e993996d37c9bc1faede91cd11eb1e28cf803c75cde8,a93a50e2e3141e5a617732e01c24fe390a856976e3da797612a7187068f8236a,exhaustive
7921,descended,6861,6861,13568,126992,6861,0,True,True,True,47526,50217,50217,47523,47524,365b77d538692be361c41cae70564abda5d72c29b69984955dd07fdc7735c47e,45b8ae35ba1b51371653cc4f38f9455975d4c2ad8031d2ecb5ee56866a27aa19,exhaustive
7923,descended,6457,6457,12926,127024,6457,0,True,True,True,47538,50230,50230,47538,47536,3c1a423bf3f5d1e25cf5c3550112248b6b5d6b11bb8f8da29ffc7e1edc967718,51f75593757be66a634313b5d9a9cb56c0fd6385e4804d8701f2d2378e257124,exhaustive
7925,descended,6386,6386,12815,127056,6386,0,True,True,True,47550,50242,50242,47549,47551,9ed2fac87d76f71c5fb0e10883a2fa9cc062ca5bc6fb2ddb2c040c613def9b99,b6516349f8ba1a341abc2baefb6f796bb7be9be5c925de33e97036a68955d6b2,exhaustive
7927,descended,6362,6362,12777,127088,6362,0,True,True,True,47562,50255,50257,47562,47558,f5a6ae08f5735f426b8ade4c89e1c6a2efad3e5fab3eedb19e9a93a626fff22b,07bc2d7efaff44bd9f7a1f5a42e4840b35124645e3ef01009103a8debec03639,exhaustive
7929,descended,6332,6332,12730,127120,6332,0,True,True,True,47574,50268,50268,47574,47574,d748e56115667065bfd5fba4d8da64ba439a7448215ad06cc2243a7dfa3b61b4,d4813cf8d6a41b87a0866cf687740bee650fb20fa96fabb160947801e3ab4f8a,exhaustive
7931,descended,6304,6304,12688,127152,6304,0,True,True,True,47586,50280,50281,47584,47587,565cb5d6cb73ea6d25831880d455909c14683cfbe09780d04d6fbd78806642f1,2bcccae9592c30136313d1b05b7f4354d654f0506bc557d6ae9fa59b0625d324,exhaustive
7933,descended,6281,6281,12651,127184,6281,0,True,True,True,47598,50293,50293,47597,47597,4b1cfc984c5832154d6dfb8f4f25d49ec4954b4a7a10ffda4db31dac7f37bfc2,2e510fb95f72c725f68612a3f480817266fed4b0f8209ca1d4779a2cfe1662cc,exhaustive
7935,descended,6231,6231,12573,127216,6231,0,True,True,True,47610,50306,50306,47609,47613,401e41ed20c619fea36d5356de68900d073f7b1eea03ad98f451b9aefe5e1750,4bfd433b801e3f6a30622f3ef6b14be20d531a4e1654a53d77328dd2cbbe269d,exhaustive
7937,descended,6509,6509,13014,127248,6509,0,True,True,True,47622,50318,50320,47621,47623,1b1e4c4f11c8baf1626672d1a0f45782e97435ead76aefcd6bcbc1349e191ffb,95ddb81dcde8112ff54607c6bad83c078c5e5cb0c58619bbed49a1cea8f40769,exhaustive
7939,descended,6477,6477,12969,127280,6477,0,True,True,True,47634,50331,50332,47628,47636,ee0f3c325ce0047f996a4c6b9d2bd05f6f3b9fe2d9f91c843cdabd000c27197f,19713b70a3df8dfa51a9c3d5a5f5c0d05c53374f89933862873c3b05ba213ccf,exhaustive
7941,descended,6409,6409,12856,127312,6409,0,True,True,True,47646,50344,50344,47646,47645,320547ec53cea22f4735f122df165cec0950128bbbb5f685927a4fd6e272ceb9,0368a817cf98d478aad002a47c0217c134311248a34c0633b745d0ec4bf31924,exhaustive
7943,descended,6647,6647,13236,127344,6647,0,True,True,True,47658,50357,50357,47656,47655,03a40e5288d020010bb83389ad4aeb33a21856588b555d8347c0448af5866dfd,a583168bc0a4cf02ee4298ee7378d440f9813814e4338118ef2cf5e4ef25c046,exhaustive
7945,descended,6328,6328,12729,127376,6328,0,True,True,True,47670,50369,50369,47670,47672,d4179ec63ccbc6e6cdd82fa631b27525a6db969771f57ea92c0bc083e6b7eb4f,7a44773fcd0b30754b4b95aadf90fc82a099b538d3636b7628bc3a5d3a83aad6,exhaustive
7947,descended,6305,6305,12696,127408,6305,0,True,True,True,47682,50382,50383,47679,47685,f7c0705c201bea3f734af4df1c5b77015b6791afe68e40a30f997907c4f68054,276a5453b8f47bf0dc10db53eb0b5293119b0aa160287e33619bc663365e49c9,exhaustive
7949,descended,6581,6581,13135,127440,6581,0,True,True,True,47694,50395,50395,47690,47692,a53ba175f706ead548c5d9be7e24578402040825f78fadd9daccf4085312cc75,a7eb19e73361f224b05feb1e77f7657de66c03764bd3c2bf84c09481083ce2f9,exhaustive
7951,descended,6233,6233,12582,127472,6233,0,True,True,True,47706,50407,50407,47704,47703,fe49fb24e5955a1c6784cfeb24824933174a6bf950718e5f0c505a045bd87cb3,c121284cd7b19dda05ebae09b5009bb3b305cdb498a4eb798d1d94ff847e8322,exhaustive
7953,descended,6214,6214,12554,127504,6214,0,True,True,True,47718,50420,50421,47715,47717,213606a85d7145397bcf39eee4461248335feeb7f00d9284ff38136359ef80f1,176fdab7f42f74ab6c7df81e7d9e9387c75c2308054f8055ca46af8c328e4fb9,exhaustive
7955,descended,6510,6510,13031,127536,6510,0,True,True,True,47730,50433,50433,47720,47731,33edf186d8c5b91a3b7028802c5e329e3e16b7a1e08c8b1e5b9a2c327f687dbd,0e6ecd902b41a87ed84a601e5c38ddcb2aaf53df6b844f2407a7d14725638bb7,exhaustive
7957,descended,6486,6486,12984,127568,6486,0,True,True,True,47742,50445,50445,47741,47741,8ebcde236182846f52ffc94cebd5645b62af5827a767553e459a22c90cf4c78a,58526264647135d311c477f837766b58fef0d32d06e159fc11000350f8bc9b26,exhaustive
7959,descended,6428,6428,12893,127600,6428,0,True,True,True,47754,50458,50458,47753,47752,5fef6016b54300f0cfc59b7b30b4e10c93359abe442b29e10d140b3fdbe96c33,eaa32d9cb7ab35076feb1b192048bbf678e8f9ac550481fa506fe033533bca4e,exhaustive
7961,descended,6385,6385,12825,127632,6385,0,True,True,True,47766,50471,50471,47766,47768,97d6c1aaeba887852e5bce8a74853d599ef0a2453c982db76c66323160b3660b,ef40398fb769140fe88ab834c5b804177531e22b06dbea99a21321cf254e2530,exhaustive
7963,descended,6361,6361,12789,127664,6361,0,True,True,True,47778,50483,50484,47776,47769,13bb0f4c58d27ca7d8f3ac85e2be2297725c4659fd431c2fa2a8a4f1eaced1fc,043ed5264bb18c8fdfa9f682ceb50d140c5f076c90231756f1ceda25562a4e31,exhaustive
7965,descended,6339,6339,12754,127696,6339,0,True,True,True,47790,50496,50496,47789,47789,bfc49be2cf2bc354bca320f06c6a1d3f50acb0f97a8d00ad2a43cd861e85657d,93f2c6198b7ae53fdce0f448dd37a64d6fd7229c52f956fd4bc41405aa7c8b24,exhaustive
7967,descended,6326,6326,12737,127728,6326,0,True,True,True,47802,50509,50509,47798,47801,9f0059cbe2c7a049c52a88025c5397f2b82c10acb65442739a988906f386d4e5,54ff175aa49e49c0899c58d4c04e24136b3ce1d96d47a9ec0ef91c8719be4c02,exhaustive
7969,descended,6298,6298,12690,127760,6298,0,True,True,True,47814,50521,50521,47813,47817,c3c6aea9d4eff68e5829a822de9d904702c3396f2d515da9ced8a9628b25a093,e1a01528b3d5b55a1dcd705e6bc3f097b549537068874eee09889b3b89f5d218,exhaustive
7971,descended,6589,6589,13153,127792,6589,0,True,True,True,47826,50534,50535,47824,47822,41c200cf585e3df410ed8d4805bd62870efbf3e306722744c87d0bf9e904ed76,3e38c1c0e264e88c3f6ee2ad7b62d7074eecdbd772e81ca9ad841f2c22b0e0d8,exhaustive
7973,descended,6543,6543,13082,127824,6543,0,True,True,True,47838,50547,50547,47835,47833,850d3e6f42532c78b0cf7ab0105f9128cf96c910bbfaffdac20e2d58a27c3526,88d976eb7f46c29fd84ca5b88d7282b7aef43dd94e8151533fd2b6901f3dcfec,exhaustive
7975,descended,6510,6510,13028,127856,6510,0,True,True,True,47850,50559,50565,47849,47851,5844a05f777bcdd5843964bf0bbb0b64481ec25ce519bd651f595e869d80661a,0f5b3313c5d886408183db08a5b4fe6b7a55b50f018c032bf6841ecc289ea260,exhaustive
7977,descended,6492,6492,13000,127888,6492,0,True,True,True,47862,50572,50572,47862,47865,ef41db04636550ca603f1b253540abbe54690aabb50aaa72e2e636be658bf360,965cdf2089fd5a1a0992a92038fb9ef509415925ba3e0c075057a49a78e2ace2,exhaustive
7979,descended,6455,6455,12942,127920,6455,0,True,True,True,47874,50585,50588,47874,47871,6196ec3510bf659fd6f2a90472c0767b727b2d060ff68c6c82df9a5ccf1c00aa,a97f44b8a890da96eea16feceada0cefa36290ac0211fceec12eed3167f23c0f,exhaustive
7981,descended,6431,6431,12912,127952,6431,0,True,True,True,47886,50597,50597,47878,47886,3a9cd5dd5eaedb5a20bd679fcf1a5e91e3180af0c84cb10cd491591990550e27,593f0b89f2f1f21ffcd0d8a29b342978d6a051b8042aea81db05f826352e02f8,exhaustive
7983,descended,6381,6381,12826,127984,6381,0,True,True,True,47898,50610,50613,47898,47902,4d30f90b3001355dfd2195026b6470da9d7622cde80c730ea080d6bcd9eb5695,a710c21a1aecffdb3e5ae86a4cfd62476f768fdfbe7e54fa4c4f36c0215f2a85,exhaustive
7985,descended,6340,6340,12762,128016,6340,0,True,True,True,47910,50623,50625,47909,47910,70234e18449023fe593b507d1b0bb13d9822fa59b3fb7a9de0a96090c46d06e6,310a71cdb3c26e13414f8a2bdf19658c07638b12bfb826833efb3e98d728e09e,exhaustive
7987,descended,6328,6328,12748,128048,6328,0,True,True,True,47922,50635,50638,47917,47925,ad32b638549e0baaf53d544978a0d865669533db035ee8d091362c8c2a3b4047,05e83421d0c8fba45ffa645840ea9762ae4d8fa815c096f833d3682969346a5f,exhaustive
7989,descended,6302,6302,12703,128080,6302,0,True,True,True,47934,50648,50648,47934,47935,deb816aa633086ad3f9cbb5d60c87e5ca2300fe867e4b4711773502bc6645b46,4c3d1cdbf2716946846011c82821632d9d98d8b1a247effb4efad83daa1034e5,exhaustive
7991,descended,6662,6662,13275,128112,6662,0,True,True,True,47946,50661,50661,47945,47947,5072035678021165a8bbceabfcb2f80a4792bb2858467a0157a64ddcdc531610,61abaca2fe012c7bcf819d3aa8f19bd31a73ebd721f81c126e3adbcafa13dcdf,exhaustive
7993,descended,6353,6353,12789,128144,6353,0,True,True,True,47958,50674,50674,47954,47962,8222a8679ecb3238e34ef512701dd5f200c77e2bb842cfdd9e613943663355f7,4b49ee1c159f690b0619d49ffa84135bdd2d868527517f45e267acb55d0e78a9,exhaustive
7995,descended,6584,6584,13154,128176,6584,0,True,True,True,47970,50686,50688,47968,47976,2c9df55354e2dfbcca7f13b7936e92657bb56f330f725704824d2650d5e90060,b00c1c0f97f4a4bfb7ea20f13a1c5c2874160a9acc5f705834ba6a13fc87d9d3,exhaustive
7997,descended,6568,6568,13131,128208,6568,0,True,True,True,47982,50699,50699,47978,47980,9fda4786d10c3b2df0b9e615f60320baad9132807f5b0598c030f62684b697e6,26eceb29518dc498b6a0dc2d982ab8c752093f27c3b52af0bb1d5e64d2fe3769,exhaustive
7999,descended,6539,6539,13082,128240,6539,0,True,True,True,47994,50712,50712,47994,47997,a0bcd7e893af7b54aa920ee7090755b8cbbb82b0fd4d08ab3a8e4bb40e326ed6,8b037bc1cd8b2f6ef51fb7af6c23560caeb65cadc46e57b80a631e9358e33c26,exhaustive
8001,descended,6516,6516,13047,128272,6516,0,True,True,True,48006,50724,50725,48005,48007,baf7f882f20a6e19430b3637f55a7d08d58945b39f104510eece697ed5ae082d,078e957b0b0ae83f7bd0504d15c8fc08a98a9ac1d4fdb0107448be94e22ccfe2,exhaustive
8003,descended,6473,6473,12981,128304,6473,0,True,True,True,48018,50737,50739,48015,48019,7d79dc0d2d921812740fc00a5f2f65b5381842422fef867accffb5983f49dee6,689801394e9d3e31157a267c0e336b775ec2603edde1da229ef4cecc5a7797f6,exhaustive
8005,descended,6447,6447,12938,128336,6447,0,True,True,True,48030,50750,50750,48030,48028,4fd1e29a4d48e870010dc1ab67d067975ad273ccb68830f028d498206932b92a,bb9955c25a0dff0a4dc6ec67c5d095be3c95539815f91130fc304676ac3f87db,exhaustive
8007,descended,6382,6382,12836,128368,6382,0,True,True,True,48042,50762,50762,48041,48042,c2b3ea5a338746943201256aa3de38192fbd6df3a761d5347e6295adadbb6e91,a952392e659c7d5c7a02763dd7de9435f2bd2174ec86ee30de0a15944bdf28cf,exhaustive
8009,descended,6362,6362,12805,128400,6362,0,True,True,True,48054,50775,50775,48053,48051,dc0949ce66c75bbccd091c35dd5caea7094fc119bae362d23e80699d0ac6cef2,a694dc0623a61aa5e6c689cffe0f0d54ec13deb68d271b5ce5ca39f7c9a3aa26,exhaustive
8011,descended,6780,6780,13471,128432,6780,0,True,True,True,48066,50788,50789,48063,48066,6b436405ad44a23870cad9e3e8ad8f88ebd46e2b67766fb3c28857e6fb760ecc,9a0f4f991ad4d4be8c099bd4c3f82b5fda333d7d5959aaf069e0801a428f8f96,exhaustive
8013,descended,6493,6493,13014,128464,6493,0,True,True,True,48078,50800,50800,48077,48076,e6e21f7e58c6eb63fb138bc7956369bbbb7f7513e61fe89ddd010f5d940fd833,49396424c44715461b5d93b4732aa5e7eed409f57867bf20f30524986c1a60fe,exhaustive
8015,descended,6730,6730,13393,128496,6730,0,True,True,True,48090,50813,50814,48087,48088,1e13e039fc03f990b037600f4667bcb2f4a0b511c45cad7176f775ec6c7c8489,04943ef9ad320f407b1b96c709e14a96897546d0b901c07658f032a0f718acc3,exhaustive
8017,descended,6687,6687,13325,128528,6687,0,True,True,True,48102,50826,50827,48099,48102,3df74187708912cd95570e20a876b84d03651df944e93d1ef90c77ca20f7f9ed,1ccaf6c333f02c78d2cd8fd34851e4616ada133c663f457883cc0568a59b26e5,exhaustive
8019,descended,6644,6644,13261,128560,6644,0,True,True,True,48114,50838,50839,48108,48112,c4db6a8f69f23f654f3ea616bdf1c883382c721fbcd8f4efb45508ab796bf04e,03c517dc2efa424a1f5e481a66809253147032fe381e8e1f27b2104d3dd9fd7a,exhaustive
8021,descended,6603,6603,13191,128592,6603,0,True,True,True,48126,50851,50851,48126,48127,4d38daf10fa594905d23973ce0d44ddf3e30b02ccb352998d6ad6c593cc183b9,806a1958b1ae55743ae5fb5cc3148bf7ff1d231f643d118dfb4d3ea2bb5c7662,exhaustive
8023,descended,6566,6566,13135,128624,6566,0,True,True,True,48138,50864,50864,48136,48138,093a1db4fda4a70cbcd02a62105d6904ce668374f2b646a0a02e9e0d07193866,b2a78166cd9a827a026300fe26c4878f97785294421a86eda292eb8b6336d9aa,exhaustive
8025,descended,7119,7119,14012,128656,7119,0,True,True,True,48150,50876,50876,48148,48149,85c0a2c897f4384c886587809a7a1f2d3b51e9278cbf8595c2de64b05010e06d,b069e505f0741a47cffcbb399f198d970b259c35f0d374459b2276b4f903c063,exhaustive
8027,descended,7049,7049,13900,128688,7049,0,True,True,True,48162,50889,50890,48161,48162,ca3c4e5693f055cba3b214885f57ed096273de7abda854591325f28e91e9da61,2c1d0712004d741e97beaf628bd3f12edbd351d8e06b9cda351454bdb70736e0,exhaustive
8029,descended,6989,6989,13808,128720,6989,0,True,True,True,48174,50902,50902,48171,48173,70681e13733ac5eb65384afab2b1462ff43da6a32eaf22ac5a55b15c35af9c09,3601b3e9799fa655b7e28b356c50577ec7ca269cc573ab277b2329ed902ff2bf,exhaustive
8031,descended,6937,6937,13724,128752,6937,0,True,True,True,48186,50914,50915,48185,48188,023b2e1bd37b08b6b8710f048ed1da866ef776939ec7350461dd503c8119bcf9,294279b6da728740068bf27ea50361340652fe7ad662739bce1da66f5a52adce,exhaustive
8033,descended,6918,6918,13696,128784,6918,0,True,True,True,48198,50927,50927,48196,48196,3bdbf0e086632234ac6022c76f68624d8952655606e4dc50b5f6ac9c35445254,93dec05594a8d7f0b8b0729504c6a55b131d2ffd41be5ccf190cd9e8611de0ea,exhaustive
8035,descended,6892,6892,13654,128816,6892,0,True,True,True,48210,50940,50944,48209,48211,9f283e3bb1b7e3eafaaf5f057f8fda8d21b614c2b3bef447330a0cbf12792a5e,1913901cb92e2611cc9ea54378f3d9640ea96e57f168b8c69a4d98357a479d65,exhaustive
8037,descended,6826,6826,13551,128848,6826,0,True,True,True,48222,50952,50952,48220,48224,c444571ed022acfa4e9303f68d3bf97d2376c9ad61042de3b444033f0bbeaa0d,8e2d2facc25308d8f1864e8951ab154d7e1b356ca76054f7722fa7e853a6e573,exhaustive
8039,descended,6789,6789,13494,128880,6789,0,True,True,True,48234,50965,50965,48231,48231,d74e29049d289541991ca64823035d01c2b575ef402283011f2812e7e04a8edc,3b0510c0b5ac6ba34a81c8d35e46a65a15adfab3af91b7efb7ca0318413c3f1c,exhaustive
8041,descended,6747,6747,13427,128912,6747,0,True,True,True,48246,50978,50978,48245,48245,c88cab64e5825a5026bc11ac0fc057b5e4ba5cb595c525618ac73e67f64f69c0,cd1bd83e44839b399a48244a5f2485b27e91fb7f35c3082f5c3043af56e29c1b,exhaustive
8043,descended,6706,6706,13362,128944,6706,0,True,True,True,48258,50990,50994,48257,48260,36d497023ab4c128d6a1cf7f9410e6a814a7f8d39c7ee44a585dd0d6acd978c0,fa162aadb474e53a8488ff75dafb1c62cf4a96cff84058a3ce1f7718705e0724,exhaustive
8045,descended,6661,6661,13291,128976,6661,0,True,True,True,48270,51003,51003,48270,48264,f19655297b87ae131b89fe579ded1d984d2320cb2cdb172f5613089571d3357e,d4c6a2260728ca7cde25a25b8a693cc381cdde90534611bda581c2b59ce0552c,exhaustive
8047,descended,6637,6637,13254,129008,6637,0,True,True,True,48282,51016,51017,48281,48282,7cb321cab608832dc606acb8b6485583eebe21471109740cb837aad6b60686cc,969a2772d2f07d6327f2ee626a1f2de4320e7be70aae67669cc58286dafb2479,exhaustive
8049,descended,6622,6622,13234,129040,6622,0,True,True,True,48294,51029,51029,48290,48293,6024042b0039cc6b37ce5de6f0af07c6dfc8135a443c452501925c90d0f675cd,710a669f635d2f2e3af93c6b4c77f9a2ae15d6988c15c887edcbebf6f3e6df49,exhaustive
8051,descended,6567,6567,13144,129072,6567,0,True,True,True,48306,51041,51041,48306,48303,9649d84c52177d91ad8f55d4c4952b139e00f97aaf26d11aa1d3f8f2c04a81e0,534865fcf3749c57d06cce8a84523c46c32f886384d925059e2c58efac0a153c,exhaustive
8053,descended,6529,6529,13085,129104,6529,0,True,True,True,48318,51054,51054,48317,48317,0b1ffcf080cfb29377bc0e84205e1062e4bda774810ad9f4c98811f43f970716,9e75da84cf527ddf5fd68d1d12023ff781471bb24d460bb6ee4cb2cc3a51ac5f,exhaustive
8055,descended,6498,6498,13036,129136,6498,0,True,True,True,48330,51067,51067,48330,48332,2ef06b3704875f966b68ddb31549232aefb991f68a258012f5f618c0da0b34a6,35d234bb61236f92a72fae1abbf96591f8f764fb6edef9ceaf75bae84d90e2f4,exhaustive
8057,descended,7205,7205,14158,129168,7205,0,True,True,True,48342,51079,51079,48341,48344,be98b434d204b586a59a897fa472cb52fd4d65f19443af958e5270a12fdd7d63,4aabb730dd98748e3d51f0b2f25fb5f657519f83306597c7730c931a23f33c54,exhaustive
8059,descended,7183,7183,14123,129200,7183,0,True,True,True,48354,51092,51093,48354,48354,50ff4c405408b709f0f04bed2dd0c59da967fb413f45f2860a5d84cde7ca94e2,6c5dea6d1cbd8dbeecafacc42f1d8f96448e84661c64fdd9b97887a733aad70b,exhaustive
8061,descended,7149,7149,14070,129232,7149,0,True,True,True,48366,51105,51105,48366,48368,61a681c09c109b1ffce85c556f6165bf431baddd4bee9ad51298eb5d365d0a38,ac6fc932d47f4f2ef9496f593634038c690471c2427757411a88cf0b21dbf16f,exhaustive
8063,descended,7107,7107,14005,129264,7107,0,True,True,True,48378,51117,51117,48377,48374,23f56f1935d4758968839d62161b1fd2c99351581b00ad37daa9be289fc29c02,a2ebfc85a49ccfbc2f534c0ec59db619cdf2f145d085a0a42741401dc300be96,exhaustive
8065,descended,7063,7063,13936,129296,7063,0,True,True,True,48390,51130,51130,48389,48393,0a65aaa5a528b6de0fc91c7677090f4792d9be39eb42cc597df697eb5744256f,ed321a01a418f3206a0b818d69852ed3de83345538392f83faa2f36d1a8aea8c,exhaustive
8067,descended,7038,7038,13896,129328,7038,0,True,True,True,48402,51143,51146,48402,48400,595fc02b1bd427534e74d542056f3924de5934ebd488f61cfb268ee959036678,ca28b00c9a7c440216173fcfbf8e4a4059847b19fb5dce60241fc56c436e356c,exhaustive
8069,descended,7002,7002,13840,129360,7002,0,True,True,True,48414,51155,51155,48413,48413,ac206b76e7ef0f3ea91c0a15b50d2d22162831779d1cbe6a54e4de04db171efd,2f56f567804febff69329e12debc9807d4009ccce3476631fcbd475a46990688,exhaustive
8071,descended,6982,6982,13809,129392,6982,0,True,True,True,48426,51168,51168,48425,48425,22a0b382fbf35ffcc5f5ae4345c769e51f2a42e53a2d28c49b83c7e48f18fd7d,7a3c54473b993e5369e9c7131e47fb94ffc7e79f1dd9b931f79396462f25c193,exhaustive
8073,descended,6952,6952,13762,129424,6952,0,True,True,True,48438,51181,51181,48437,48444,0132b9de6d4748ba04ea4358c0c404e8442e28ba860ce3205ef48e34cfe4cc0c,8bb6802c41921f0aa58c578101a64a5ab3414b4383a5b34506ffb37f808e94a6,exhaustive
8075,descended,6918,6918,13709,129456,6918,0,True,True,True,48450,51193,51197,48449,48451,72451e246076c392593b1ad04b078bf5a98faa0ac21e77dbe47a86e353faa7a2,096a9536ee0fe6613df6a1d15856b34c021583212a89199a19813c6d58735852,exhaustive
8077,descended,6904,6904,13687,129488,6904,0,True,True,True,48462,51206,51206,48462,48459,f40e5536e5573756fd59263a3f106144de97a32f3a3fc98dc279dda8ed254bc8,27bf581e32f536c1f9cfa1d0fe06a75d0a3fd538589fb6873194acf89e99f364,exhaustive
8079,descended,6855,6855,13610,129520,6855,0,True,True,True,48474,51219,51219,48474,48476,ebf5fa4fcabff837bd30aaae0339057d01b38c8a84875ff355ae4149a18e2c97,98793012406c096972bcb5d612e38ab210b5125ed0ecd44c6dfd22f3138e1984,exhaustive
8081,descended,7114,7114,14025,129552,7114,0,True,True,True,48486,51231,51233,48482,48486,9ccb97b5bc66be6055a7204f8c653c6b3794c751f30b7bfb73706174abab00c0,2c120c7e675e7b67d28b5c16734e633e35a9c1e1bd5ccd6f24a50e792ed0268d,exhaustive
8083,descended,7050,7050,13923,129584,7050,0,True,True,True,48498,51244,51244,48495,48497,73dfc60593c61cf57739dab5039e9e31a2b0221f273e282da4738f5766eaf7f8,b3100774eae215da177ac3e3a4f4f531c56d9a154bef6d4b707283901578f87e,exhaustive
8085,descended,7004,7004,13849,129616,7004,0,True,True,True,48510,51257,51257,48509,48508,581fb4833ae3a6213ba783b77b013e87a83e5744c19db95f3837e1e3c4e2e771,f270701e9496f4dc3de1cbcfbcdf7076a7fcc3c7c9d702206d2cbc225b00e150,exhaustive
8087,descended,6966,6966,13790,129648,6966,0,True,True,True,48522,51269,51269,48520,48523,5bc1b54f8bbeca42cceb57645ca4dd9ecd0faa3ca2fc0cb0fcb002524d557403,f8e7025e26c88fb9a0bd2e5dba8b2dd749f63644a4cffe168580ca40a50b300c,exhaustive
8089,descended,6919,6919,13715,129680,6919,0,True,True,True,48534,51282,51283,48533,48535,8934a5191ccf6e50faa8117657c4387ee715f99db20809187d49644056069359,6e954ac76e9b8d5f9399a01561f70ed44659a1686eee9f644fd5a9236e222631,exhaustive
8091,descended,6891,6891,13672,129712,6891,0,True,True,True,48546,51295,51296,48545,48544,d514d582001435a06c7e1b354122d07b19d9c4fd4aa6f47f7a94f1483f78e7f1,c19311ef41766ab6262349f39f393b1c464abf1a6d81d0cba263e8a1099f1857,exhaustive
8093,descended,6867,6867,13636,129744,6867,0,True,True,True,48558,51307,51308,48555,48559,a32dfa28fdddca06adab1826ed88268e604ed5b16b1aae8bdc5425630bc66f2a,69098e41685b2c8bde60462ba7919a965151a5a9e151474a7b297281381486bb,exhaustive
8095,descended,6830,6830,13576,129776,6830,0,True,True,True,48570,51320,51320,48569,48568,8f30e71552f17dd1d64e6d98be20cd1c37d8f212b0cf587116a98a48fcbb9c3f,cbeb2427b190c671d50fb18db04ac3bb2dc34d04fcf69f2ccbd85fa084e46f03,exhaustive
8097,descended,6768,6768,13478,129808,6768,0,True,True,True,48582,51333,51333,48582,48577,c37f0c1ba817efaf5295fe10ba1d7b4d03e9f5c99863335cf975fe10bec86597,99e8995c4f6ac0d1111c6768c0d4e411b9c70fbe34279f8c836c16ad4eac0c7b,exhaustive
8099,descended,6859,6859,13623,129840,6859,0,True,True,True,48594,51346,51348,48594,48592,cff42b7d48d533f37db17a46f6fa216bbe6379db7de95698137a7b2db2d4edbe,7c2bbb47bbf4799ec9edc16cb78d6ff40363111afd29a72899cd6e14db639be1,exhaustive
8101,descended,6674,6674,13331,129872,6674,0,True,True,True,48606,51358,51358,48605,48606,bed30e5683c4ea78eaeb43795dd3c0d208a5bc263e5b21bb3b984debde9c6419,070587963a0dd5ed8311385f1686e7c96cb52a056aca29be83c836e93466d90a,exhaustive
8103,descended,6792,6792,13521,129904,6792,0,True,True,True,48618,51371,51371,48615,48618,ed658d3611ac26187a88c3410cd1071244a089aa624fd0e938fb285fd900a1b3,43da777898b101932872fcc261bb4866b0fd57d02959e9231adaa86747ad3880,exhaustive
8105,descended,6761,6761,13471,129936,6761,0,True,True,True,48630,51384,51384,48629,48637,c24368d4761787f29f673ab529841778cb800bdd691cf57344b83f7b80f8c2e9,38b3bd8f4dca7ac303c831481a01a322ec6864e3d2d331edb95afe79d13d3816,exhaustive
8107,descended,6740,6740,13438,129968,6740,0,True,True,True,48642,51396,51399,48641,48639,73256276dd663475aabbb872bf11b6c24a5b2b5e71175c77608c7e185c626bf9,0e99fbbd5f8eb9379cdcab16fc6bd84ba57f79fcfa5bc45315cece5b4fab8b16,exhaustive
8109,descended,6724,6724,13418,130000,6724,0,True,True,True,48654,51409,51410,48648,48653,15c95ec12eda769e11721a4a74e61d9bdf36ae94fc89d659128438832316b71d,fb53e2b4f5edbe7d70e77b6edeec53dcb9a0f1a118a39b096656ee1e79d5f6b5,exhaustive
8111,descended,6663,6663,13318,130032,6663,0,True,True,True,48666,51422,51423,48664,48664,539105e87288066896b21c12e25dfc0bfc97a345a84fbdc5032bd513c39512ec,bc52607cb6080ea5f4c76d3302ab325f901bcaec92dfdda393161ba96327e6b5,exhaustive
8113,descended,6630,6630,13266,130064,6630,0,True,True,True,48678,51434,51436,48677,48680,c3b487df5e70f8b3962c4ea6edc252fb616c3179f72ab6d655450897c3b1e281,bdb70790eecb3850ae83a020cd4e78f931c47be9ef96c5c7653e8f8cd95cd06c,exhaustive
8115,descended,6593,6593,13208,130096,6593,0,True,True,True,48690,51447,51447,48689,48686,9a21078c16dc65aa4d0cc7b0dbd1060a16b43341052ed14ff26e6835db5dac53,bef49c92ea2f5dd999c4c7d5eaaa366614ff8f156dc036d18c978c7c881d904d,exhaustive
8117,descended,6567,6567,13169,130128,6567,0,True,True,True,48702,51460,51460,48699,48695,d8b150622b98e72f03b99439b6225f3146af86b5a4321598b900f242f9e86540,5271801037d810c2f8f0acb88d98614299bd20ff9cd24827170018ed20da39ad,exhaustive
8119,descended,6512,6512,13087,130160,6512,0,True,True,True,48714,51472,51478,48707,48716,37d3023eebf19cf5b1b65d027ac7cbe9183408d7120cc3e6bd957da5e00d5bb8,4c3a96fccf588c2ea653844277fe4de4c52bde497508f99a4dd1828276b34046,exhaustive
8121,descended,6474,6474,13022,130192,6474,0,True,True,True,48726,51485,51485,48724,48725,9135a7b4382186273ec3034b8e9919b992f4a032e25aeaabee5e375b431603ac,bc0dfaae7cd751e8dd4f4db36abec02ce78a81f4e50dda48859cc789af82324a,exhaustive
8123,descended,6448,6448,12980,130224,6448,0,True,True,True,48738,51498,51500,48738,48736,6ad5daadc6487d880da429606efc45164d7f33ec4a653f2bdb709a51a3a970c2,effc0036b52fbec8e3b5cb6854a5b5a42ecd207c263357416b461f704a8fdf2a,exhaustive
8125,descended,6431,6431,12955,130256,6431,0,True,True,True,48750,51510,51510,48748,48749,8b020768dc0d7504ac9d0e02d02ae934e9cce93321aaa844fbf33d560c23a698,54c2cde2ca87253c96103baa779e959e86108741a1c332460a84e62036b39537,exhaustive
8127,descended,6406,6406,12915,130288,6406,0,True,True,True,48762,51523,51523,48761,48763,0e34b70af73e139786f25c00cb4f2cb96b2e8fc1c09ba5764ce8e6995023af6b,54917513ea1cf1bd055785340e7dbfc5fc289ed26a973ba24286a3a4bd5a3f3c,exhaustive
8129,descended,6378,6378,12871,130320,6378,0,True,True,True,48774,51536,51536,48774,48773,35f1be8fe89d6d968a97174b628e262945b002a0567202088e3ca91e32da1091,e5d881ffc88b08e5d7c627abf4645142a92131e531f7ceb636c78be76f425bda,exhaustive
8131,descended,6355,6355,12838,130352,6355,0,True,True,True,48786,51548,51549,48783,48787,ffb5bea6464594ee7e5965cc23c87f4a9b3209dc096b5e3e0b771667d38ebe3d,164fe9f767b4ea0d6430e58b0838a192bda7c8257e2cde8d5949269e159b545a,exhaustive
8133,descended,6311,6311,12767,130384,6311,0,True,True,True,48798,51561,51561,48797,48796,3ac3979660c7c79b9b37f63e7bd39b983b23ea00ad59132c7944944b5156bd4e,2833ef801fc9b6c0780baf44d43a2cae8c32f9254da8c0eb0637f1b4266d1f62,exhaustive
8135,descended,7065,7065,13962,130416,7065,0,True,True,True,48810,51574,51574,48810,48810,444ddcb5fb4d8460adeaba6c50c7e2ee92d9e61ac9b652c92aa4798d58e168ef,ba5b5306e61ac5fdb99a04f38033efc85c577072a82a342a5f0189de0b9d5c8f,exhaustive
8137,descended,6946,6946,13774,130448,6946,0,True,True,True,48822,51586,51586,48822,48828,2fa3412ef994c4692a2c92b442c5d44a28ed17620f3b2c753b0fe20d22e564cd,4838b469c752e94c8e929d2f65a232e11173761d933b863c645d8d6580d6524a,exhaustive
8139,descended,6922,6922,13737,130480,6922,0,True,True,True,48834,51599,51600,48833,48833,cc93347713e8d3f4acc4459620ea25b6a719e65d1c501f69bae2f090e7443b6e,92a87390a1b9437fe1193aa35dc6692c7b33ab2f96e2128483fa4e33093f20bc,exhaustive
8141,descended,6986,6986,13839,130512,6986,0,True,True,True,48846,51612,51612,48845,48847,584191acc8bf333784cffc303960361037be782c8709454f5d9a192c1c9ddeee,84ac483e11a09aedd76a4dced16873c55f1ddb7caee70a08e12eb31cff80cb63,exhaustive
8143,descended,6882,6882,13675,130544,6882,0,True,True,True,48858,51624,51625,48857,48857,f72b05da6c00254989f9406f16ab1f05c1df3ac093789a5e54940e27e2cb5537,ef7a2163f0d365d193b75cf48809dccd49adc97ef8cfdfcf089333e8b618079e,exhaustive
8145,descended,6858,6858,13637,130576,6858,0,True,True,True,48870,51637,51638,48870,48870,5fcbba861fe15aad986cd6c0eacb21b6d44feed4cec524ca4ff933b1b873110d,049b30fd35a511a58cb2d140fb147682d84061fe7c19a1d5bda08062871cff0e,exhaustive
8147,descended,6812,6812,13566,130608,6812,0,True,True,True,48882,51650,51650,48881,48881,a82615216c6613ad3c97d3ff64f7d19c63f99383f1802806d69798ba598186da,dc8cfddd235cf0bc10f34b2f8194c7b0845fc30518cec7232bdd7985348202ac,exhaustive
8149,descended,6768,6768,13498,130640,6768,0,True,True,True,48894,51663,51663,48892,48893,45c994aa8356026d9ac47997dacb7707194b235a42d498eff0cb81c542243bb4,7f2125e00946b3488048c6e6c46b59a5cfed1b325f0545c3ee7b639660a0b511,exhaustive
8151,descended,6720,6720,13421,130672,6720,0,True,True,True,48906,51675,51675,48905,48905,c6ac8885e038a0c61576a1de884497b4a09f245d9548561b34413bb9a5b97a8e,df6b8e5cbd7023bdf43aabc74b5b3b26aa01e12500a83c5b46d13a5388011789,exhaustive
8153,descended,6679,6679,13356,130704,6679,0,True,True,True,48918,51688,51688,48918,48920,86b5425d715f2a8e25c229489edc986ceb63dfc291d9d5de65e8843f288f15b2,5f91141ceb9d97dbe743a69ed3b27bbe84ff50d5ac085a0cbce784fa5be620f3,exhaustive
8155,descended,6655,6655,13319,130736,6655,0,True,True,True,48930,51701,51702,48929,48934,750a3a6c3191467c30cc0ce77e9ff9f300feafb1aea87a1ecdfbd72bb23bc39e,80ec8500b81780ccc647185c3f4a1f08d3fee384f2b684ee69c108ec9c3195f9,exhaustive
8157,descended,7027,7027,13909,130768,7027,0,True,True,True,48942,51713,51714,48942,48942,0d56d61f7eedcd132dbff2c4b4788b63a6fbe3c35959f384c8862c09838aeb50,c7e48baf79362aceeaa921ad5b980326a4bed4dfc99e43a96eb15a7f9d8b684a,exhaustive
8159,descended,6608,6608,13248,130800,6608,0,True,True,True,48954,51726,51726,48951,48952,beffa61f0063aa5508c487d3d94885c3ca1958ba8e480a234faa236149624869,cfad16fc2cc758bcdea99b5bedc706f71abc46fb058c079317dd217e9f76da55,exhaustive
8161,descended,6970,6970,13820,130832,6970,0,True,True,True,48966,51739,51739,48966,48966,ce39520a89ea21c73d4a93cb875c24df0c60cef72719a0df135634093c2d5d3e,246d7bbbb6ab6b247c656dd3f6a29c9c814588b1cfe778fd0baba58d044649ad,exhaustive
8163,descended,6514,6514,13100,130864,6514,0,True,True,True,48978,51751,51751,48976,48979,d8f62a5d1e4c92798e4d73b8b0cb6bcff1cabd6622095ef3dc9888e8d9e1a1ba,9e009a31bdba7221b36a8f118f8e69e3c9c5463f0f90f77f1743f232445eddac,exhaustive
8165,descended,6487,6487,13057,130896,6487,0,True,True,True,48990,51764,51766,48989,48986,ec98212c84775d75b103b9a29020b6c33f13ff6c2bb04283f585c2d17f3b35d4,7e12e6d2aa6ff6348c18ca812b9aa384b02fb998351276099a2f933cee0dde0a,exhaustive
8167,descended,6799,6799,13553,130928,6799,0,True,True,True,49002,51777,51777,49000,49000,76784ee57a100059ffa5b7b468b3f7f3dc7b49a904d084252d03afe9d92a078c,813c719547add0d28a1f343e67a675d09cd0aae7b2afd61c0539b04025619c5c,exhaustive
8169,descended,6439,6439,12981,130960,6439,0,True,True,True,49014,51789,51789,49014,49012,6bae59f4fc3f0a373f135d548a2a95009e28746fd8cee599c95498ee3d548567,cd6f31ee64488878039262fc95fb0f60b94dc3bf052faff22a59563a70786d45,exhaustive
8171,descended,6731,6731,13446,130992,6731,0,True,True,True,49026,51802,51804,49024,49026,231abdee519f22986edff3c4a04f76948dfd103f917ea30c57fbc815d37e53b4,f09f396995d9d4d3f2f8abcaa3f8ff7a6e8a28823d41d7a5d27c89fe87468d1e,exhaustive
8173,descended,7230,7230,14237,131024,7230,0,True,True,True,49038,51815,51815,49037,49039,65ca13479829a23380253106c0f4ad05b9d4d6b003bed737f7671f295ebe7ad1,83ce76e0bc524f0ecf15641c39c190374a7836c59b9eff5bda63c7e3a47c81e6,exhaustive
8175,descended,6690,6690,13381,131056,6690,0,True,True,True,49050,51827,51828,49050,49049,139ab351ca9d6ad5b9a1088d1e375d7d957d31b46e487caed8d35d9f069ba51f,6e92c20828ba868fed4f8f212ba479b4088e6286ad5d5651e32e5985200c66e5,exhaustive
8177,descended,6649,6649,13317,131088,6649,0,True,True,True,49062,51840,51840,49061,49065,ea47c019b17f20d9befd4d5dcc8fc7078e68d1b6379c5bab584f081fcfdca4d4,a1be8f572513fbde5d80a352104d4f99af3102ad24fbb1bf6392faed4d9fb57f,exhaustive
8179,descended,6599,6599,13238,131120,6599,0,True,True,True,49074,51853,51853,49074,49072,2c7b82c9ba1599d85895b6f638cbc38792897ef4f09325d765c8e24a54a20d75,19f64886a3362b746d361aa35df4c97991e7dac906d74958a26203cd8e152708,exhaustive
8181,descended,6570,6570,13194,131152,6570,0,True,True,True,49086,51865,51865,49085,49089,4ca8acf73626e1131e16ebd0ff4279d39e298e103d9ec2621da82652037f9a7a,1bfb6d4e504600a05d5f711e89500c74c7fb31812b7f08d8bf4031af75e1afb4,exhaustive
8183,descended,7031,7031,13926,131184,7031,0,True,True,True,49098,51878,51878,49096,49105,9f40e67fa84724636f0867bc6aa37b6524f2258e4a3de561990f659f4c96e760,d2e659e878357179a7db9a23cbd0fc0e5553e96404c80dda68fda5dae710a988,exhaustive
8185,descended,6467,6467,13032,131216,6467,0,True,True,True,49110,51891,51891,49109,49112,705deddede81e4e0c8ce81978af633e2831d80605b63af2d7840ddaa4e5ebdcf,346a4a58e954eaaa39fd45b1faa00ced9dc8255a606fbef136d5522226d40ee0,exhaustive
8187,descended,7198,7198,14191,131248,7198,0,True,True,True,49122,51903,51904,49121,49121,e21ff51e4d07154aeec0ca40707a58b01f4fa08ca006561af220a3309594a44e,25371e25b23777ba12d076c6476472aaba475d10ec16ad952b7fc2a9fdbc4ffc,exhaustive
8189,descended,6465,6465,13029,131280,6465,0,True,True,True,49134,51916,51916,49134,49142,5b70b82daaa093b38b699d6074181d52076bfa7ecdc66a4d4f45c4dbd7dc78fa,9e94970c7f13d37a13a9673155dec4c8f2cbfb265e72d8f590dec84c84ff4856,exhaustive
8191,descended,6447,6447,13002,131312,6447,0,True,True,True,49146,51929,51929,49145,49145,1d502d979c3664851c2c551568aaa53a49c93e44a8d5bf12745022ebac0be062,705aa5c394ffe6ffe9522bc4c96a052940c358addd67f154f10ef42bd858d273,exhaustive|power_of_two_neighbor
8193,descended,6965,6965,13824,131344,6965,0,True,True,True,49158,51941,51941,49157,49155,19e948ea32e453ac2032e8e8e7cf0fe9c954969a0f57f972dc9d3d71dadf1b7e,58aa1d86eddcac7df93491a06d540150830790b59ee397ad1aeeede3a23e9af7,power_of_two_neighbor
8491,descended,6222,6222,12748,136112,6222,0,True,True,True,50946,53831,53837,50944,50953,6c01cd2dc633f452eb6068b3878a82be725c4e15c464d07be44f110718f2dfa0,3795809cea8e969f68c6c287c4da8c572c7c35e84a6df4b55c863c2a5dda6d78,prescribed_growth_prefix
9193,descended,7285,7285,14670,147344,7285,0,True,True,True,55158,58281,58281,55158,55156,4ee7afc18e9d0e214ae9467d56ece56b92b4d880427768a089b5e22611b38e7e,7b826619272ca81200ea38918bdcf680c32c50eaf45959a0607e32d739481c84,seeded_sample
11937,descended,9855,9855,19676,191248,9855,0,True,True,True,71622,75678,75678,71622,71622,02772687c0e3e00c36d94468139c8389390a55b81632bdaed7850d042c58e8e3,cc51974b3baa2571485af906cbd176d82670f53cc1bb27e7c56e4fa8cf2193a9,seeded_sample
16383,descended,13250,13250,26568,262384,13250,0,True,True,True,98298,103865,103865,98298,98297,8e4c7053b596fde216ad857c845eb309acb312a7f414b0b418b8c57c23532f2b,9a9b95a8fd1c1a421a0b36fddf6750b56485ceedb3e8c6d162f01faf75da2934,power_of_two_neighbor
16385,descended,13188,13188,26472,262416,13188,0,True,True,True,98310,103878,103878,98308,98309,d4d3d73c2f726f02c5c7d7afa968939622273e202318ff4f6e797c7936766ae6,88936fa93096e8b6f1b45be3f0dd64c9ce92a38eb167a1d08481a1723ea8c940,power_of_two_neighbor
16683,descended,13679,13679,27350,267184,13679,0,True,True,True,100098,105767,105773,100098,100099,3a685f8db8ce0aea0d8d8dd212ed92c14bd2c522a25a434f480d541d9b795d4e,64dbbbe41d3f53dddfcd42e11815a644ca5f003d493405e3e46ec9d81bacff8b,prescribed_growth_prefix
17709,descended,14566,14566,29105,283600,14566,0,True,True,True,106254,112271,112271,106253,106253,6712200e27e036d88ba8d71c04016f19d0159b82f745cfa63a15518b3e5f2854,f3ab1c25e287e6a995d33cedfef95e87b310ad689168991b202bf3d08a8b8cb5,seeded_sample
26419,descended,20694,20694,41777,422960,20694,0,True,True,True,158514,167492,167495,158514,158514,495111c1343298fe16340e33db3832b258d96716d443fcee64cd25fdc7ce3174,e0610b35600333ea82e8ef920f945f61549fdc64be0e60ba9419ac1015358741,seeded_sample
30021,descended,24876,24876,49631,480592,24876,0,True,True,True,180126,190328,190328,180124,180123,0cd0a5dca71b3386ff5624c03e95631914937a5efaac02e84d5b180db393f291,2d414b6aaf67330ae5ab972d8da6a93d0d4e6ef013534acbc88138b88df8949e,seeded_sample
30813,descended,26105,26105,51850,493264,26105,0,True,True,True,184878,195349,195349,184874,184878,ca1cf5bc152fa241e3a1d5f1bfee5462c8398202d429a713da63912c56898b1f,50537da6781fe3530d5ab806db437621c3375492d1e4bd76c5b39df4a6d9c34b,seeded_sample
32289,descended,26267,26267,52610,516880,26267,0,True,True,True,193734,204707,204707,193729,193730,ba8304b99cf00e41d19ebfa8f13b0b063c214cc4d7f86c5691898f6fd3ed3677,1e7d89c48f0a5297554a1a5cc267a6a6e0677029a9959c0f168f26b9f2e3aba9,seeded_sample
32767,descended,27282,27282,54382,524528,27282,0,True,True,True,196602,207737,207737,196596,196603,f5447a51aac4e46325af0789e337bf7f77281cf526e4d8bf40e2c6df23a261d8,1e7696ae305d63d9c8580a4adad6f0cb37269c8851b4d07e6bd921901ec7f00f,power_of_two_neighbor
32769,descended,27220,27220,54279,524560,27220,0,True,True,True,196614,207750,207750,196613,196614,4c542f2166f6e66d1528d8f5168ef135426514788de74310611be8c28d282c70,4e9aa44540d1bf250ea33e3f1bb115eedcb04d8afc9c34444a4daeb7d59237ab,power_of_two_neighbor
33067,descended,26954,26954,53959,529328,26954,0,True,True,True,198402,209639,209649,198401,198401,5f2e30e3447d81f493195f09762ccf568ae472fd6bf70a464f30f2176e5133a9,2ebb99376060ebf2c6bd09df53868c73bb1ccb7845d5ef1cbe1942d2d7862234,prescribed_growth_prefix
36155,descended,29818,29818,59555,578736,29818,0,True,True,True,216930,229216,229218,216922,216930,3d71437ba238a38cf60d011de9507f0af0dd0f96bcfbdf8c665078cd53ab9b48,07576d9f18a0014770b29a986e7518cad16d4ef03b8033274f4e7cfd72ef87ef,seeded_sample
37223,descended,30512,30512,61010,595824,30512,0,True,True,True,223338,235987,235987,223338,223338,e8c0115fcb4d8232192954e65253439735af6d9fa020b8a1124c1bb55aac67b8,1fff3751103597aa89fb48e20dd6537beb3d947af21bf634b0757a6ffdadb4e5,seeded_sample
43505,descended,34729,34729,69829,696336,34729,0,True,True,True,261030,275814,275814,261029,261028,bc9cc14206b2f0192774613b3cf114f28c8285f19aaa520efbac13501912f735,e835c1e986ceb77cd51916f35604017a0428fc6ce2007975749c4f930d08d87f,seeded_sample
44003,descended,36275,36275,72449,704304,36275,0,True,True,True,264018,278972,278972,264017,264018,60b02b240f2424f1092a59b7dfeefcfc2b8b1e7e45cd97a6cd5af17dba8506c5,fed9c463967d331fa40ba65f71b6e2c6d1056e262417f544db7941234a7cf7b5,seeded_sample
44807,descended,36640,36640,73300,717168,36640,0,True,True,True,268842,284069,284069,268842,268842,b88c3357e7307d72da3b2feb08af648852d08e2989378792623f759df7832971,d47e3d38970d89696253f69f1a5693c3acfeaabedf600eb576a925380fc92042,seeded_sample
45459,descended,36948,36948,74010,727600,36948,0,True,True,True,272754,288202,288202,272754,272753,2422811cd91aae53779c976a59bec056fb2b9d26516cde6c0f7cdc94e68fea6c,a489c9fd98d3645d5a2e7769801b314a44957a4a973f0e3d69879840f36d4589,seeded_sample
49549,descended,40783,40783,81479,793040,40783,0,True,True,True,297294,314132,314132,297293,297295,0a34e05b1805e194479ed00d03bb78a3098a3a80baa8c2e4c351c258606cc938,fe3e85fcc18c2bdb8e7dd1c99d0e3ddc7192c6c7244ce7997de9d275eaa44e97,seeded_sample
50871,descended,41004,41004,82278,814192,41004,0,True,True,True,305226,322514,322516,305225,305227,f678121ad282858d82045dbc5fd5b7dc7c33a3a7e20043e2fb5104ffe5807363,dcc74f4daf5e4f77c22d3b9a8b4d4bed4ba2ae5ea95f960387616bbfcb49df1e,seeded_sample
51493,descended,41584,41584,83409,824144,41584,0,True,True,True,308958,326457,326457,308957,308955,9ebbf6489b8487f21cf3eb8fd9b5ba70ace82ffd8141669b0fcb688b4b3c38bf,df2b23baa083f356ca3a32e3f2ed93a7073624acc1f2efdbe41558b8386d8490,seeded_sample
54163,descended,44582,44582,89069,866864,44582,0,True,True,True,324978,343384,343386,324976,324974,65fe537f98ec078bff75d2cbc8f2a94247e920eff90346d420acbf8cc2cc6b99,d164465a2cfd407b4b628daa6b08e180c599f5955bebdf90f625ddbc7a1f837f,seeded_sample
55899,descended,45320,45320,90829,894640,45320,0,True,True,True,335394,354390,354391,335392,335391,fc4aca68375b51b354585bdb080cf8829371eb407bb60f1cfece6cd6dc467bb9,0606b18ddd2e84612540c30b7f39088c07a7273a8f057abc406df1156edfde03,seeded_sample
57441,descended,48151,48151,95839,919312,48151,0,True,True,True,344646,364166,364166,344645,344644,7b2177fd68c1ab6d2a286eb97fa6c710c0a8568f203524cf4eb3e9d98bf0c72a,52f675eca99fb9620176fd81ea963a2896430d04145e99c42efb2c2859e76f39,seeded_sample
58181,descended,47900,47900,95693,931152,47900,0,True,True,True,349086,368858,368858,349085,349090,39472bba851f2d551ab2512f16d3ea4fce6c388becfeab027e0b57cffe96b88a,8ac33592d1591c94d1cecc76f0ca44c25008392a144fb09a3b84d4912d77942f,seeded_sample
59703,descended,47826,47826,96094,955504,47826,0,True,True,True,358218,378507,378507,358216,358217,83ed7a4a170b115c9004bacedc0a4b6a29880b100150cf995fb882b7ab134a06,1bb403cb9465ea6f55f58ce06b1df5d3f58119d1e679aba2142eeef583a7311a,seeded_sample
61605,descended,50456,50456,100907,985936,50456,0,True,True,True,369630,390566,390566,369629,369630,955142d0342786462d33ae5b205c0bc391ea4ebcd2d2ffdaecc4769502108d8c,0ba92073744f0d723ef7218f8126c59654730249c9d67a0e06ff961e41dca31e,seeded_sample
61893,descended,49676,49676,99769,990544,49676,0,True,True,True,371358,392391,392391,371357,371359,ee5b37d7482db1d68066c9643bb46a5a3a005d6171b231e48c533c7679624458,30052a1d798315826ef109cca0ebd83a5249d6f547591155e53fe941dc5b8969,seeded_sample
63719,descended,53463,53463,106391,1019760,53463,0,True,True,True,382314,403968,403968,382314,382319,73fb987de0330e3d85443166705ecc89a37d1fa8bb29fdc887711db42687bd34,7e1f6ace891473eef694e05535b7d7ecbcd7a9bb9c44313a8fcc271e3a5581e2,seeded_sample
65535,descended,52530,52530,105530,1048816,52530,0,True,True,True,393210,415481,415481,393209,393213,2a7d093f2241261d58d49bd2bc2acf8c7c83a0877806cb6ec6f59342d4c8fd9a,5d88cd6b537516a02c25396beb911a67c1820476b661e663e17f7920b73b8950,power_of_two_neighbor
65537,descended,52510,52510,105499,1048848,52510,0,True,True,True,393222,415494,415494,393221,393221,d242a541bd74a88e63acb3b77d8a2c79c341617f9a9180a770483e43a9804677,eee359a54e87139f4d4a691668cf5cd58b711b8e79e3873f657828e47019298b,power_of_two_neighbor
