lambda;total;failures_log;failures_h;avg_log_step;avg_h_step;max_log_step;max_h_step;improved;worsened;same;improved_ratio;worsened_ratio;same_ratio
0.05;2499999;0;0;3.487790995116398;3.4508977803591123;141;141;45762;6;2454231;0.01830480732192293;2.400000960000384e-06;0.9816927926771171
0.1;2499999;0;0;3.487790995116398;3.418101367240547;141;141;77705;16;2422278;0.03108201243280497;6.400002560001024e-06;0.968911587564635
0.2;2499999;0;0;3.487790995116398;3.3504565401826163;141;141;138493;47;2361459;0.05539722215888886;1.880000752000301e-05;0.9445839778335912
0.3;2499999;0;0;3.487790995116398;3.2302532921013167;141;141;305222;91;2194686;0.12208884883553954;3.640001456000583e-05;0.8778747511499004
0.4;2499999;0;0;3.487790995116398;3.1524252609701042;141;140;356839;116;2143044;0.14273565709426284;4.640001856000742e-05;0.8572179428871771
0.5;2499999;0;0;3.487790995116398;3.0542112216844886;141;141;429888;148;2069963;0.1719552687821075;5.9200023680009473e-05;0.8279855311942125
0.75;2499999;0;0;3.487790995116398;1.8017215206886084;141;140;1249938;547128;702933;0.49997539999016;0.21885128754051503;0.281173312469325
1.0;2499999;0;0;3.487790995116398;1.9226895690758277;141;127;1249960;609201;640838;0.49998419999368;0.243680497472199;0.256335302534121
